species_group,entity_slug,page_type,file_path,word_count,unique_word_count,similarity_score,best_for_sections
amphibians,african-clawed-frog,best-enrichment,commercial/amphibians/african-clawed-frog/best-enrichment.html,1399,607,0,3
amphibians,african-clawed-frog,best-food,commercial/amphibians/african-clawed-frog/best-food.html,1398,641,0,8
amphibians,african-clawed-frog,best-habitat-size,commercial/amphibians/african-clawed-frog/best-habitat-size.html,1569,711,0,3
amphibians,african-clawed-frog,best-insurance,commercial/amphibians/african-clawed-frog/best-insurance.html,1463,622,0,3
amphibians,african-clawed-frog,cost-to-own,commercial/amphibians/african-clawed-frog/cost-to-own.html,1637,700,0,3
amphibians,african-clawed-frog,first-time-owners,commercial/amphibians/african-clawed-frog/first-time-owners.html,1640,737,0,3
amphibians,african-clawed-frog,health-costs,commercial/amphibians/african-clawed-frog/health-costs.html,1614,684,0,3
amphibians,african-clawed-frog,comparison,commercial/amphibians/african-clawed-frog/vs-african-dwarf-frog.html,1755,639,0,4
amphibians,african-clawed-frog,comparison,commercial/amphibians/african-clawed-frog/vs-american-bullfrog.html,1720,652,62.11,4
amphibians,african-dwarf-frog,best-enrichment,commercial/amphibians/african-dwarf-frog/best-enrichment.html,1397,607,59.27,3
amphibians,african-dwarf-frog,best-food,commercial/amphibians/african-dwarf-frog/best-food.html,1398,641,58.55,8
amphibians,african-dwarf-frog,best-habitat-size,commercial/amphibians/african-dwarf-frog/best-habitat-size.html,1571,712,58.35,3
amphibians,african-dwarf-frog,best-insurance,commercial/amphibians/african-dwarf-frog/best-insurance.html,1464,625,62.49,3
amphibians,african-dwarf-frog,cost-to-own,commercial/amphibians/african-dwarf-frog/cost-to-own.html,1641,702,60.58,3
amphibians,african-dwarf-frog,first-time-owners,commercial/amphibians/african-dwarf-frog/first-time-owners.html,1643,739,59.81,3
amphibians,african-dwarf-frog,health-costs,commercial/amphibians/african-dwarf-frog/health-costs.html,1619,686,61.96,3
amphibians,african-dwarf-frog,comparison,commercial/amphibians/african-dwarf-frog/vs-african-clawed-frog.html,1755,639,51.24,4
amphibians,african-dwarf-frog,comparison,commercial/amphibians/african-dwarf-frog/vs-american-bullfrog.html,1722,655,58.06,4
amphibians,american-bullfrog,best-enrichment,commercial/amphibians/american-bullfrog/best-enrichment.html,1337,610,52,3
amphibians,american-bullfrog,best-food,commercial/amphibians/american-bullfrog/best-food.html,1344,641,52.08,8
amphibians,american-bullfrog,best-habitat-size,commercial/amphibians/american-bullfrog/best-habitat-size.html,1516,712,51.72,3
amphibians,american-bullfrog,best-insurance,commercial/amphibians/american-bullfrog/best-insurance.html,1416,625,55.01,3
amphibians,american-bullfrog,cost-to-own,commercial/amphibians/american-bullfrog/cost-to-own.html,1582,702,53.63,3
amphibians,american-bullfrog,first-time-owners,commercial/amphibians/american-bullfrog/first-time-owners.html,1585,740,52.28,3
amphibians,american-bullfrog,health-costs,commercial/amphibians/american-bullfrog/health-costs.html,1566,686,54.81,3
amphibians,american-bullfrog,comparison,commercial/amphibians/american-bullfrog/vs-african-dwarf-frog.html,1714,655,49.51,4
amphibians,american-bullfrog,comparison,commercial/amphibians/american-bullfrog/vs-axolotl.html,1626,649,45.57,4
amphibians,axolotl,best-enrichment,commercial/amphibians/axolotl/best-enrichment.html,1278,612,54.49,3
amphibians,axolotl,best-food,commercial/amphibians/axolotl/best-food.html,1283,643,54.56,8
amphibians,axolotl,best-habitat-size,commercial/amphibians/axolotl/best-habitat-size.html,1452,713,54.19,3
amphibians,axolotl,best-insurance,commercial/amphibians/axolotl/best-insurance.html,1355,625,57.4,3
amphibians,axolotl,cost-to-own,commercial/amphibians/axolotl/cost-to-own.html,1518,701,56.11,3
amphibians,axolotl,first-time-owners,commercial/amphibians/axolotl/first-time-owners.html,1524,739,54.87,3
amphibians,axolotl,health-costs,commercial/amphibians/axolotl/health-costs.html,1502,685,57.2,3
amphibians,axolotl,comparison,commercial/amphibians/axolotl/vs-american-bullfrog.html,1621,650,49,4
amphibians,axolotl,comparison,commercial/amphibians/axolotl/vs-budgetts-frog.html,1701,647,41.9,4
amphibians,budgetts-frog,best-enrichment,commercial/amphibians/budgetts-frog/best-enrichment.html,1460,614,51.09,3
amphibians,budgetts-frog,best-food,commercial/amphibians/budgetts-frog/best-food.html,1455,646,51.49,8
amphibians,budgetts-frog,best-habitat-size,commercial/amphibians/budgetts-frog/best-habitat-size.html,1631,717,50.99,3
amphibians,budgetts-frog,best-insurance,commercial/amphibians/budgetts-frog/best-insurance.html,1516,627,54.57,3
amphibians,budgetts-frog,cost-to-own,commercial/amphibians/budgetts-frog/cost-to-own.html,1699,704,53.05,3
amphibians,budgetts-frog,first-time-owners,commercial/amphibians/budgetts-frog/first-time-owners.html,1701,745,51.88,3
amphibians,budgetts-frog,health-costs,commercial/amphibians/budgetts-frog/health-costs.html,1672,691,54.39,3
amphibians,budgetts-frog,comparison,commercial/amphibians/budgetts-frog/vs-axolotl.html,1721,649,42.68,4
amphibians,budgetts-frog,comparison,commercial/amphibians/budgetts-frog/vs-chinese-fire-belly-newt.html,1850,652,40.81,4
amphibians,chinese-fire-belly-newt,best-enrichment,commercial/amphibians/chinese-fire-belly-newt/best-enrichment.html,1461,610,50.75,3
amphibians,chinese-fire-belly-newt,best-food,commercial/amphibians/chinese-fire-belly-newt/best-food.html,1458,642,51.5,8
amphibians,chinese-fire-belly-newt,best-habitat-size,commercial/amphibians/chinese-fire-belly-newt/best-habitat-size.html,1630,715,50.86,3
amphibians,chinese-fire-belly-newt,best-insurance,commercial/amphibians/chinese-fire-belly-newt/best-insurance.html,1520,625,54.67,3
amphibians,chinese-fire-belly-newt,cost-to-own,commercial/amphibians/chinese-fire-belly-newt/cost-to-own.html,1700,704,52.96,3
amphibians,chinese-fire-belly-newt,first-time-owners,commercial/amphibians/chinese-fire-belly-newt/first-time-owners.html,1701,739,51.85,3
amphibians,chinese-fire-belly-newt,health-costs,commercial/amphibians/chinese-fire-belly-newt/health-costs.html,1674,688,54.41,3
amphibians,chinese-fire-belly-newt,comparison,commercial/amphibians/chinese-fire-belly-newt/vs-budgetts-frog.html,1852,653,41.48,4
amphibians,chinese-fire-belly-newt,comparison,commercial/amphibians/chinese-fire-belly-newt/vs-dart-frog.html,1812,652,40.58,4
amphibians,dart-frog,best-enrichment,commercial/amphibians/dart-frog/best-enrichment.html,1401,609,51.17,3
amphibians,dart-frog,best-food,commercial/amphibians/dart-frog/best-food.html,1402,641,51.93,8
amphibians,dart-frog,best-habitat-size,commercial/amphibians/dart-frog/best-habitat-size.html,1576,713,51.18,3
amphibians,dart-frog,best-insurance,commercial/amphibians/dart-frog/best-insurance.html,1465,625,55.3,3
amphibians,dart-frog,cost-to-own,commercial/amphibians/dart-frog/cost-to-own.html,1642,703,53.23,3
amphibians,dart-frog,first-time-owners,commercial/amphibians/dart-frog/first-time-owners.html,1645,740,51.9,3
amphibians,dart-frog,health-costs,commercial/amphibians/dart-frog/health-costs.html,1619,687,54.78,3
amphibians,dart-frog,comparison,commercial/amphibians/dart-frog/vs-chinese-fire-belly-newt.html,1804,650,41.63,4
amphibians,dart-frog,comparison,commercial/amphibians/dart-frog/vs-eastern-newt.html,1722,653,41.98,4
amphibians,eastern-newt,best-enrichment,commercial/amphibians/eastern-newt/best-enrichment.html,1339,608,53.22,3
amphibians,eastern-newt,best-food,commercial/amphibians/eastern-newt/best-food.html,1340,640,53.53,8
amphibians,eastern-newt,best-habitat-size,commercial/amphibians/eastern-newt/best-habitat-size.html,1514,713,52.98,3
amphibians,eastern-newt,best-insurance,commercial/amphibians/eastern-newt/best-insurance.html,1408,623,56.69,3
amphibians,eastern-newt,cost-to-own,commercial/amphibians/eastern-newt/cost-to-own.html,1580,701,54.98,3
amphibians,eastern-newt,first-time-owners,commercial/amphibians/eastern-newt/first-time-owners.html,1585,739,53.95,3
amphibians,eastern-newt,health-costs,commercial/amphibians/eastern-newt/health-costs.html,1560,686,56.22,3
amphibians,eastern-newt,comparison,commercial/amphibians/eastern-newt/vs-dart-frog.html,1714,651,42.5,4
amphibians,eastern-newt,comparison,commercial/amphibians/eastern-newt/vs-fire-bellied-newt.html,1667,635,43.34,4
amphibians,fire-bellied-newt,best-enrichment,commercial/amphibians/fire-bellied-newt/best-enrichment.html,1339,606,54.12,3
amphibians,fire-bellied-newt,best-food,commercial/amphibians/fire-bellied-newt/best-food.html,1340,638,55.02,8
amphibians,fire-bellied-newt,best-habitat-size,commercial/amphibians/fire-bellied-newt/best-habitat-size.html,1513,710,54.2,3
amphibians,fire-bellied-newt,best-insurance,commercial/amphibians/fire-bellied-newt/best-insurance.html,1408,621,58.28,3
amphibians,fire-bellied-newt,cost-to-own,commercial/amphibians/fire-bellied-newt/cost-to-own.html,1579,698,56.22,3
amphibians,fire-bellied-newt,first-time-owners,commercial/amphibians/fire-bellied-newt/first-time-owners.html,1584,734,55.16,3
amphibians,fire-bellied-newt,health-costs,commercial/amphibians/fire-bellied-newt/health-costs.html,1559,682,57.58,3
amphibians,fire-bellied-newt,comparison,commercial/amphibians/fire-bellied-newt/vs-eastern-newt.html,1666,633,44.71,4
amphibians,fire-bellied-newt,comparison,commercial/amphibians/fire-bellied-newt/vs-fire-bellied-toad.html,1664,634,43.8,4
amphibians,fire-bellied-toad,best-enrichment,commercial/amphibians/fire-bellied-toad/best-enrichment.html,1339,608,53.49,3
amphibians,fire-bellied-toad,best-food,commercial/amphibians/fire-bellied-toad/best-food.html,1340,641,54.21,8
amphibians,fire-bellied-toad,best-habitat-size,commercial/amphibians/fire-bellied-toad/best-habitat-size.html,1512,712,53.64,3
amphibians,fire-bellied-toad,best-insurance,commercial/amphibians/fire-bellied-toad/best-insurance.html,1408,624,57.82,3
amphibians,fire-bellied-toad,cost-to-own,commercial/amphibians/fire-bellied-toad/cost-to-own.html,1578,700,55.67,3
amphibians,fire-bellied-toad,first-time-owners,commercial/amphibians/fire-bellied-toad/first-time-owners.html,1583,735,54.41,3
amphibians,fire-bellied-toad,health-costs,commercial/amphibians/fire-bellied-toad/health-costs.html,1558,684,57.13,3
amphibians,fire-bellied-toad,comparison,commercial/amphibians/fire-bellied-toad/vs-fire-bellied-newt.html,1664,635,45.6,4
amphibians,fire-bellied-toad,comparison,commercial/amphibians/fire-bellied-toad/vs-fire-salamander.html,1661,644,42.55,4
amphibians,fire-salamander,best-enrichment,commercial/amphibians/fire-salamander/best-enrichment.html,1338,610,52.93,3
amphibians,fire-salamander,best-food,commercial/amphibians/fire-salamander/best-food.html,1339,642,53.17,8
amphibians,fire-salamander,best-habitat-size,commercial/amphibians/fire-salamander/best-habitat-size.html,1509,716,52.72,3
amphibians,fire-salamander,best-insurance,commercial/amphibians/fire-salamander/best-insurance.html,1407,624,56.25,3
amphibians,fire-salamander,cost-to-own,commercial/amphibians/fire-salamander/cost-to-own.html,1575,703,54.66,3
amphibians,fire-salamander,first-time-owners,commercial/amphibians/fire-salamander/first-time-owners.html,1580,741,53.52,3
amphibians,fire-salamander,health-costs,commercial/amphibians/fire-salamander/health-costs.html,1555,687,55.92,3
amphibians,fire-salamander,comparison,commercial/amphibians/fire-salamander/vs-fire-bellied-toad.html,1662,646,43.08,4
amphibians,fire-salamander,comparison,commercial/amphibians/fire-salamander/vs-gray-tree-frog.html,1705,652,41.08,4
amphibians,gray-tree-frog,best-enrichment,commercial/amphibians/gray-tree-frog/best-enrichment.html,1401,609,52.05,3
amphibians,gray-tree-frog,best-food,commercial/amphibians/gray-tree-frog/best-food.html,1400,641,52.3,8
amphibians,gray-tree-frog,best-habitat-size,commercial/amphibians/gray-tree-frog/best-habitat-size.html,1573,715,51.99,3
amphibians,gray-tree-frog,best-insurance,commercial/amphibians/gray-tree-frog/best-insurance.html,1465,626,55.56,3
amphibians,gray-tree-frog,cost-to-own,commercial/amphibians/gray-tree-frog/cost-to-own.html,1641,703,53.91,3
amphibians,gray-tree-frog,first-time-owners,commercial/amphibians/gray-tree-frog/first-time-owners.html,1644,739,52.73,3
amphibians,gray-tree-frog,health-costs,commercial/amphibians/gray-tree-frog/health-costs.html,1618,687,55.26,3
amphibians,gray-tree-frog,comparison,commercial/amphibians/gray-tree-frog/vs-fire-salamander.html,1713,652,42.07,4
amphibians,gray-tree-frog,comparison,commercial/amphibians/gray-tree-frog/vs-green-tree-frog.html,1801,632,41.49,4
amphibians,green-tree-frog,best-enrichment,commercial/amphibians/green-tree-frog/best-enrichment.html,1463,607,51.99,3
amphibians,green-tree-frog,best-food,commercial/amphibians/green-tree-frog/best-food.html,1458,640,52.47,8
amphibians,green-tree-frog,best-habitat-size,commercial/amphibians/green-tree-frog/best-habitat-size.html,1632,711,51.99,3
amphibians,green-tree-frog,best-insurance,commercial/amphibians/green-tree-frog/best-insurance.html,1519,624,55.68,3
amphibians,green-tree-frog,cost-to-own,commercial/amphibians/green-tree-frog/cost-to-own.html,1700,700,54.15,3
amphibians,green-tree-frog,first-time-owners,commercial/amphibians/green-tree-frog/first-time-owners.html,1702,736,52.92,3
amphibians,green-tree-frog,health-costs,commercial/amphibians/green-tree-frog/health-costs.html,1673,684,55.47,3
amphibians,green-tree-frog,comparison,commercial/amphibians/green-tree-frog/vs-gray-tree-frog.html,1808,632,43.25,4
amphibians,green-tree-frog,comparison,commercial/amphibians/green-tree-frog/vs-pacman-frog.html,1810,648,41.55,4
amphibians,pacman-frog,best-enrichment,commercial/amphibians/pacman-frog/best-enrichment.html,1401,610,51.27,3
amphibians,pacman-frog,best-food,commercial/amphibians/pacman-frog/best-food.html,1400,642,51.61,8
amphibians,pacman-frog,best-habitat-size,commercial/amphibians/pacman-frog/best-habitat-size.html,1569,717,51.25,3
amphibians,pacman-frog,best-insurance,commercial/amphibians/pacman-frog/best-insurance.html,1463,625,55.03,3
amphibians,pacman-frog,cost-to-own,commercial/amphibians/pacman-frog/cost-to-own.html,1637,705,53.23,3
amphibians,pacman-frog,first-time-owners,commercial/amphibians/pacman-frog/first-time-owners.html,1643,742,52.06,3
amphibians,pacman-frog,health-costs,commercial/amphibians/pacman-frog/health-costs.html,1614,688,54.72,3
amphibians,pacman-frog,comparison,commercial/amphibians/pacman-frog/vs-green-tree-frog.html,1804,648,42.75,4
amphibians,pacman-frog,comparison,commercial/amphibians/pacman-frog/vs-red-eyed-tree-frog.html,1763,652,42.2,4
amphibians,red-eyed-tree-frog,best-enrichment,commercial/amphibians/red-eyed-tree-frog/best-enrichment.html,1398,610,52.66,3
amphibians,red-eyed-tree-frog,best-food,commercial/amphibians/red-eyed-tree-frog/best-food.html,1399,642,52.99,8
amphibians,red-eyed-tree-frog,best-habitat-size,commercial/amphibians/red-eyed-tree-frog/best-habitat-size.html,1574,715,52.52,3
amphibians,red-eyed-tree-frog,best-insurance,commercial/amphibians/red-eyed-tree-frog/best-insurance.html,1465,626,56.31,3
amphibians,red-eyed-tree-frog,cost-to-own,commercial/amphibians/red-eyed-tree-frog/cost-to-own.html,1644,704,54.54,3
amphibians,red-eyed-tree-frog,first-time-owners,commercial/amphibians/red-eyed-tree-frog/first-time-owners.html,1646,741,53.27,3
amphibians,red-eyed-tree-frog,health-costs,commercial/amphibians/red-eyed-tree-frog/health-costs.html,1622,687,55.81,3
amphibians,red-eyed-tree-frog,comparison,commercial/amphibians/red-eyed-tree-frog/vs-pacman-frog.html,1761,652,42.85,4
amphibians,red-eyed-tree-frog,comparison,commercial/amphibians/red-eyed-tree-frog/vs-spring-peeper.html,1721,650,42.46,4
amphibians,spring-peeper,best-enrichment,commercial/amphibians/spring-peeper/best-enrichment.html,1341,610,52.58,3
amphibians,spring-peeper,best-food,commercial/amphibians/spring-peeper/best-food.html,1344,642,53.03,8
amphibians,spring-peeper,best-habitat-size,commercial/amphibians/spring-peeper/best-habitat-size.html,1517,717,52.45,3
amphibians,spring-peeper,best-insurance,commercial/amphibians/spring-peeper/best-insurance.html,1410,625,55.96,3
amphibians,spring-peeper,cost-to-own,commercial/amphibians/spring-peeper/cost-to-own.html,1581,706,54.45,3
amphibians,spring-peeper,first-time-owners,commercial/amphibians/spring-peeper/first-time-owners.html,1586,743,53.28,3
amphibians,spring-peeper,health-costs,commercial/amphibians/spring-peeper/health-costs.html,1561,689,55.76,3
amphibians,spring-peeper,comparison,commercial/amphibians/spring-peeper/vs-red-eyed-tree-frog.html,1714,650,43.38,4
amphibians,spring-peeper,comparison,commercial/amphibians/spring-peeper/vs-surinam-toad.html,1673,653,41.09,4
amphibians,surinam-toad,best-enrichment,commercial/amphibians/surinam-toad/best-enrichment.html,1342,610,53.05,3
amphibians,surinam-toad,best-food,commercial/amphibians/surinam-toad/best-food.html,1341,642,53.51,8
amphibians,surinam-toad,best-habitat-size,commercial/amphibians/surinam-toad/best-habitat-size.html,1517,712,52.9,3
amphibians,surinam-toad,best-insurance,commercial/amphibians/surinam-toad/best-insurance.html,1408,626,56.93,3
amphibians,surinam-toad,cost-to-own,commercial/amphibians/surinam-toad/cost-to-own.html,1581,701,54.95,3
amphibians,surinam-toad,first-time-owners,commercial/amphibians/surinam-toad/first-time-owners.html,1587,738,53.6,3
amphibians,surinam-toad,health-costs,commercial/amphibians/surinam-toad/health-costs.html,1560,685,56.31,3
amphibians,surinam-toad,comparison,commercial/amphibians/surinam-toad/vs-spring-peeper.html,1672,652,42.11,4
amphibians,surinam-toad,comparison,commercial/amphibians/surinam-toad/vs-tiger-salamander.html,1662,647,41.07,4
amphibians,tiger-salamander,best-enrichment,commercial/amphibians/tiger-salamander/best-enrichment.html,1336,608,53.46,3
amphibians,tiger-salamander,best-food,commercial/amphibians/tiger-salamander/best-food.html,1337,640,53.71,8
amphibians,tiger-salamander,best-habitat-size,commercial/amphibians/tiger-salamander/best-habitat-size.html,1504,711,53.27,3
amphibians,tiger-salamander,best-insurance,commercial/amphibians/tiger-salamander/best-insurance.html,1405,623,56.76,3
amphibians,tiger-salamander,cost-to-own,commercial/amphibians/tiger-salamander/cost-to-own.html,1570,699,55.25,3
amphibians,tiger-salamander,first-time-owners,commercial/amphibians/tiger-salamander/first-time-owners.html,1575,736,54.27,3
amphibians,tiger-salamander,health-costs,commercial/amphibians/tiger-salamander/health-costs.html,1550,682,56.54,3
amphibians,tiger-salamander,comparison,commercial/amphibians/tiger-salamander/vs-surinam-toad.html,1662,647,41.97,4
amphibians,tiger-salamander,comparison,commercial/amphibians/tiger-salamander/vs-tomato-frog.html,1652,638,42.23,4
amphibians,tomato-frog,best-enrichment,commercial/amphibians/tomato-frog/best-enrichment.html,1340,611,54.15,3
amphibians,tomato-frog,best-food,commercial/amphibians/tomato-frog/best-food.html,1343,644,54.26,8
amphibians,tomato-frog,best-habitat-size,commercial/amphibians/tomato-frog/best-habitat-size.html,1509,715,53.99,3
amphibians,tomato-frog,best-insurance,commercial/amphibians/tomato-frog/best-insurance.html,1412,627,57.36,3
amphibians,tomato-frog,cost-to-own,commercial/amphibians/tomato-frog/cost-to-own.html,1577,703,55.98,3
amphibians,tomato-frog,first-time-owners,commercial/amphibians/tomato-frog/first-time-owners.html,1581,738,55.05,3
amphibians,tomato-frog,health-costs,commercial/amphibians/tomato-frog/health-costs.html,1558,686,57.19,3
amphibians,tomato-frog,comparison,commercial/amphibians/tomato-frog/vs-tiger-salamander.html,1655,640,42.85,4
amphibians,tomato-frog,comparison,commercial/amphibians/tomato-frog/vs-whites-tree-frog.html,1785,644,41.14,4
amphibians,whites-tree-frog,best-enrichment,commercial/amphibians/whites-tree-frog/best-enrichment.html,1511,608,50.97,3
amphibians,whites-tree-frog,best-food,commercial/amphibians/whites-tree-frog/best-food.html,1506,641,51.35,8
amphibians,whites-tree-frog,best-habitat-size,commercial/amphibians/whites-tree-frog/best-habitat-size.html,1677,712,51.23,3
amphibians,whites-tree-frog,best-insurance,commercial/amphibians/whites-tree-frog/best-insurance.html,1565,624,54.56,3
amphibians,whites-tree-frog,cost-to-own,commercial/amphibians/whites-tree-frog/cost-to-own.html,1749,700,53.23,3
amphibians,whites-tree-frog,first-time-owners,commercial/amphibians/whites-tree-frog/first-time-owners.html,1748,737,52.12,3
amphibians,whites-tree-frog,health-costs,commercial/amphibians/whites-tree-frog/health-costs.html,1720,684,54.59,3
amphibians,whites-tree-frog,comparison,commercial/amphibians/whites-tree-frog/vs-african-clawed-frog.html,1843,643,38.59,4
birds,african-grey,best-enrichment,commercial/birds/african-grey/best-enrichment.html,1404,610,47.33,3
birds,african-grey,best-food,commercial/birds/african-grey/best-food.html,1415,647,47.31,8
birds,african-grey,best-habitat-size,commercial/birds/african-grey/best-habitat-size.html,1588,728,42.74,3
birds,african-grey,best-insurance,commercial/birds/african-grey/best-insurance.html,1486,632,50.43,3
birds,african-grey,cost-to-own,commercial/birds/african-grey/cost-to-own.html,1657,714,44.25,3
birds,african-grey,first-time-owners,commercial/birds/african-grey/first-time-owners.html,1669,751,43.85,3
birds,african-grey,health-costs,commercial/birds/african-grey/health-costs.html,1643,701,49.26,3
birds,african-grey,comparison,commercial/birds/african-grey/vs-alexandrine-parakeet.html,1705,668,32.16,4
birds,african-grey,comparison,commercial/birds/african-grey/vs-amazon-parrot.html,1754,674,34.81,4
birds,alexandrine-parakeet,best-enrichment,commercial/birds/alexandrine-parakeet/best-enrichment.html,1327,598,49.26,3
birds,alexandrine-parakeet,best-food,commercial/birds/alexandrine-parakeet/best-food.html,1322,634,49.59,8
birds,alexandrine-parakeet,best-habitat-size,commercial/birds/alexandrine-parakeet/best-habitat-size.html,1458,694,45.45,3
birds,alexandrine-parakeet,best-insurance,commercial/birds/alexandrine-parakeet/best-insurance.html,1392,620,52.87,3
birds,alexandrine-parakeet,cost-to-own,commercial/birds/alexandrine-parakeet/cost-to-own.html,1527,681,47.07,3
birds,alexandrine-parakeet,first-time-owners,commercial/birds/alexandrine-parakeet/first-time-owners.html,1535,716,46.58,3
birds,alexandrine-parakeet,health-costs,commercial/birds/alexandrine-parakeet/health-costs.html,1506,666,52.02,3
birds,alexandrine-parakeet,comparison,commercial/birds/alexandrine-parakeet/vs-african-grey.html,1699,669,35.13,4
birds,alexandrine-parakeet,comparison,commercial/birds/alexandrine-parakeet/vs-amazon-parrot.html,1633,659,39.29,4
birds,amazon-parrot,best-enrichment,commercial/birds/amazon-parrot/best-enrichment.html,1341,611,49.98,3
birds,amazon-parrot,best-food,commercial/birds/amazon-parrot/best-food.html,1344,645,50.14,8
birds,amazon-parrot,best-habitat-size,commercial/birds/amazon-parrot/best-habitat-size.html,1513,722,46.01,3
birds,amazon-parrot,best-insurance,commercial/birds/amazon-parrot/best-insurance.html,1410,629,53.28,3
birds,amazon-parrot,cost-to-own,commercial/birds/amazon-parrot/cost-to-own.html,1580,710,47.54,3
birds,amazon-parrot,first-time-owners,commercial/birds/amazon-parrot/first-time-owners.html,1592,743,47.07,3
birds,amazon-parrot,health-costs,commercial/birds/amazon-parrot/health-costs.html,1561,695,51.89,3
birds,amazon-parrot,comparison,commercial/birds/amazon-parrot/vs-alexandrine-parakeet.html,1633,659,39.36,4
birds,amazon-parrot,comparison,commercial/birds/amazon-parrot/vs-american-singer-canary.html,1707,665,39.01,4
birds,american-singer-canary,best-enrichment,commercial/birds/american-singer-canary/best-enrichment.html,1406,615,48.7,3
birds,american-singer-canary,best-food,commercial/birds/american-singer-canary/best-food.html,1411,642,48.71,8
birds,american-singer-canary,best-habitat-size,commercial/birds/american-singer-canary/best-habitat-size.html,1563,700,45.73,3
birds,american-singer-canary,best-insurance,commercial/birds/american-singer-canary/best-insurance.html,1472,631,51.79,3
birds,american-singer-canary,cost-to-own,commercial/birds/american-singer-canary/cost-to-own.html,1630,687,47.31,3
birds,american-singer-canary,first-time-owners,commercial/birds/american-singer-canary/first-time-owners.html,1634,721,47.2,3
birds,american-singer-canary,health-costs,commercial/birds/american-singer-canary/health-costs.html,1608,676,51.32,3
birds,american-singer-canary,comparison,commercial/birds/american-singer-canary/vs-amazon-parrot.html,1715,667,41.85,4
birds,american-singer-canary,comparison,commercial/birds/american-singer-canary/vs-blue-and-gold-macaw.html,1802,671,38.32,4
birds,blue-and-gold-macaw,best-enrichment,commercial/birds/blue-and-gold-macaw/best-enrichment.html,1464,613,48.24,3
birds,blue-and-gold-macaw,best-food,commercial/birds/blue-and-gold-macaw/best-food.html,1460,643,48.74,8
birds,blue-and-gold-macaw,best-habitat-size,commercial/birds/blue-and-gold-macaw/best-habitat-size.html,1634,726,45.59,3
birds,blue-and-gold-macaw,best-insurance,commercial/birds/blue-and-gold-macaw/best-insurance.html,1522,626,51.57,3
birds,blue-and-gold-macaw,cost-to-own,commercial/birds/blue-and-gold-macaw/cost-to-own.html,1707,713,47.23,3
birds,blue-and-gold-macaw,first-time-owners,commercial/birds/blue-and-gold-macaw/first-time-owners.html,1718,746,46.69,3
birds,blue-and-gold-macaw,health-costs,commercial/birds/blue-and-gold-macaw/health-costs.html,1682,698,50.78,3
birds,blue-and-gold-macaw,comparison,commercial/birds/blue-and-gold-macaw/vs-american-singer-canary.html,1808,670,39.97,4
birds,blue-and-gold-macaw,comparison,commercial/birds/blue-and-gold-macaw/vs-bourke-parakeet.html,1748,664,41.14,4
birds,bourke-parakeet,best-enrichment,commercial/birds/bourke-parakeet/best-enrichment.html,1339,608,51.44,3
birds,bourke-parakeet,best-food,commercial/birds/bourke-parakeet/best-food.html,1340,636,51.47,8
birds,bourke-parakeet,best-habitat-size,commercial/birds/bourke-parakeet/best-habitat-size.html,1486,692,49.15,3
birds,bourke-parakeet,best-insurance,commercial/birds/bourke-parakeet/best-insurance.html,1410,622,54.2,3
birds,bourke-parakeet,cost-to-own,commercial/birds/bourke-parakeet/cost-to-own.html,1557,679,50.72,3
birds,bourke-parakeet,first-time-owners,commercial/birds/bourke-parakeet/first-time-owners.html,1563,713,50.67,3
birds,bourke-parakeet,health-costs,commercial/birds/bourke-parakeet/health-costs.html,1538,667,53.85,3
birds,bourke-parakeet,comparison,commercial/birds/bourke-parakeet/vs-blue-and-gold-macaw.html,1735,662,42.87,4
birds,bourke-parakeet,comparison,commercial/birds/bourke-parakeet/vs-bourkes-parakeet.html,1613,599,45.71,4
birds,bourkes-parakeet,best-enrichment,commercial/birds/bourkes-parakeet/best-enrichment.html,1337,607,56.4,3
birds,bourkes-parakeet,best-food,commercial/birds/bourkes-parakeet/best-food.html,1338,635,56.4,8
birds,bourkes-parakeet,best-habitat-size,commercial/birds/bourkes-parakeet/best-habitat-size.html,1484,691,54.56,3
birds,bourkes-parakeet,best-insurance,commercial/birds/bourkes-parakeet/best-insurance.html,1408,621,58.82,3
birds,bourkes-parakeet,cost-to-own,commercial/birds/bourkes-parakeet/cost-to-own.html,1555,678,55.97,3
birds,bourkes-parakeet,first-time-owners,commercial/birds/bourkes-parakeet/first-time-owners.html,1561,712,55.96,3
birds,bourkes-parakeet,health-costs,commercial/birds/bourkes-parakeet/health-costs.html,1536,666,58.58,3
birds,bourkes-parakeet,comparison,commercial/birds/bourkes-parakeet/vs-bourke-parakeet.html,1611,598,51.55,4
birds,bourkes-parakeet,comparison,commercial/birds/bourkes-parakeet/vs-budgerigar.html,1660,660,46.94,4
birds,budgerigar,best-enrichment,commercial/birds/budgerigar/best-enrichment.html,1341,615,51.66,3
birds,budgerigar,best-food,commercial/birds/budgerigar/best-food.html,1364,651,51.35,8
birds,budgerigar,best-habitat-size,commercial/birds/budgerigar/best-habitat-size.html,1527,722,49.71,3
birds,budgerigar,best-insurance,commercial/birds/budgerigar/best-insurance.html,1442,635,53.56,3
birds,budgerigar,cost-to-own,commercial/birds/budgerigar/cost-to-own.html,1594,712,51.25,3
birds,budgerigar,first-time-owners,commercial/birds/budgerigar/first-time-owners.html,1594,746,51.14,3
birds,budgerigar,health-costs,commercial/birds/budgerigar/health-costs.html,1587,697,53.32,3
birds,budgerigar,comparison,commercial/birds/budgerigar/vs-bourkes-parakeet.html,1660,662,47.74,4
birds,budgerigar,comparison,commercial/birds/budgerigar/vs-button-quail.html,1661,665,43.68,4
birds,button-quail,best-enrichment,commercial/birds/button-quail/best-enrichment.html,1335,608,52.55,3
birds,button-quail,best-food,commercial/birds/button-quail/best-food.html,1336,636,52.7,8
birds,button-quail,best-habitat-size,commercial/birds/button-quail/best-habitat-size.html,1483,694,51.7,3
birds,button-quail,best-insurance,commercial/birds/button-quail/best-insurance.html,1406,625,54.89,3
birds,button-quail,cost-to-own,commercial/birds/button-quail/cost-to-own.html,1554,682,53.16,3
birds,button-quail,first-time-owners,commercial/birds/button-quail/first-time-owners.html,1560,714,53.06,3
birds,button-quail,health-costs,commercial/birds/button-quail/health-costs.html,1535,668,54.97,3
birds,button-quail,comparison,commercial/birds/button-quail/vs-budgerigar.html,1660,664,44.6,4
birds,button-quail,comparison,commercial/birds/button-quail/vs-caique.html,1612,674,43.81,4
birds,caique,best-enrichment,commercial/birds/caique/best-enrichment.html,1280,615,54.4,3
birds,caique,best-food,commercial/birds/caique/best-food.html,1285,644,54.41,8
birds,caique,best-habitat-size,commercial/birds/caique/best-habitat-size.html,1462,732,52.85,3
birds,caique,best-insurance,commercial/birds/caique/best-insurance.html,1354,630,56.42,3
birds,caique,cost-to-own,commercial/birds/caique/cost-to-own.html,1527,720,54.47,3
birds,caique,first-time-owners,commercial/birds/caique/first-time-owners.html,1541,753,54.34,3
birds,caique,health-costs,commercial/birds/caique/health-costs.html,1511,704,55.73,3
birds,caique,comparison,commercial/birds/caique/vs-button-quail.html,1605,672,45.15,4
birds,caique,comparison,commercial/birds/caique/vs-canary.html,1599,688,44.04,4
birds,canary,best-enrichment,commercial/birds/canary/best-enrichment.html,1282,607,55.61,3
birds,canary,best-food,commercial/birds/canary/best-food.html,1289,638,55.64,8
birds,canary,best-habitat-size,commercial/birds/canary/best-habitat-size.html,1464,717,54.48,3
birds,canary,best-insurance,commercial/birds/canary/best-insurance.html,1358,627,57.61,3
birds,canary,cost-to-own,commercial/birds/canary/cost-to-own.html,1529,710,56.11,3
birds,canary,first-time-owners,commercial/birds/canary/first-time-owners.html,1537,741,56.06,3
birds,canary,health-costs,commercial/birds/canary/health-costs.html,1513,697,56.94,3
birds,canary,comparison,commercial/birds/canary/vs-caique.html,1599,687,45.58,4
birds,canary,comparison,commercial/birds/canary/vs-cape-parrot.html,1583,656,42.97,4
birds,cape-parrot,best-enrichment,commercial/birds/cape-parrot/best-enrichment.html,1325,597,53.79,3
birds,cape-parrot,best-food,commercial/birds/cape-parrot/best-food.html,1320,633,53.72,8
birds,cape-parrot,best-habitat-size,commercial/birds/cape-parrot/best-habitat-size.html,1455,692,54.04,3
birds,cape-parrot,best-insurance,commercial/birds/cape-parrot/best-insurance.html,1390,619,56.85,3
birds,cape-parrot,cost-to-own,commercial/birds/cape-parrot/cost-to-own.html,1524,679,55.85,3
birds,cape-parrot,first-time-owners,commercial/birds/cape-parrot/first-time-owners.html,1532,713,54.45,3
birds,cape-parrot,health-costs,commercial/birds/cape-parrot/health-costs.html,1503,664,57.05,3
birds,cape-parrot,comparison,commercial/birds/cape-parrot/vs-canary.html,1590,658,43.97,4
birds,cape-parrot,comparison,commercial/birds/cape-parrot/vs-chicken.html,1592,630,43.49,4
birds,chicken,best-enrichment,commercial/birds/chicken/best-enrichment.html,1334,609,54.47,3
birds,chicken,best-food,commercial/birds/chicken/best-food.html,1335,636,54.63,8
birds,chicken,best-habitat-size,commercial/birds/chicken/best-habitat-size.html,1478,694,54.45,3
birds,chicken,best-insurance,commercial/birds/chicken/best-insurance.html,1405,624,56.47,3
birds,chicken,cost-to-own,commercial/birds/chicken/cost-to-own.html,1549,681,55.84,3
birds,chicken,first-time-owners,commercial/birds/chicken/first-time-owners.html,1555,716,56.06,3
birds,chicken,health-costs,commercial/birds/chicken/health-costs.html,1530,670,56.75,3
birds,chicken,comparison,commercial/birds/chicken/vs-cape-parrot.html,1592,629,43.7,4
birds,chicken,comparison,commercial/birds/chicken/vs-cockatiel.html,1615,657,44.33,4
birds,cockatiel,best-enrichment,commercial/birds/cockatiel/best-enrichment.html,1282,607,55.61,3
birds,cockatiel,best-food,commercial/birds/cockatiel/best-food.html,1307,646,55.21,8
birds,cockatiel,best-habitat-size,commercial/birds/cockatiel/best-habitat-size.html,1471,719,54.56,3
birds,cockatiel,best-insurance,commercial/birds/cockatiel/best-insurance.html,1388,631,56.94,3
birds,cockatiel,cost-to-own,commercial/birds/cockatiel/cost-to-own.html,1536,706,56.22,3
birds,cockatiel,first-time-owners,commercial/birds/cockatiel/first-time-owners.html,1538,741,56.32,3
birds,cockatiel,health-costs,commercial/birds/cockatiel/health-costs.html,1532,694,56.88,3
birds,cockatiel,comparison,commercial/birds/cockatiel/vs-chicken.html,1608,656,44.97,4
birds,cockatiel,comparison,commercial/birds/cockatiel/vs-cockatoo.html,1621,677,43.73,4
birds,cockatoo,best-enrichment,commercial/birds/cockatoo/best-enrichment.html,1286,613,55.85,3
birds,cockatoo,best-food,commercial/birds/cockatoo/best-food.html,1294,642,55.88,8
birds,cockatoo,best-habitat-size,commercial/birds/cockatoo/best-habitat-size.html,1470,726,54.64,3
birds,cockatoo,best-insurance,commercial/birds/cockatoo/best-insurance.html,1359,627,57.64,3
birds,cockatoo,cost-to-own,commercial/birds/cockatoo/cost-to-own.html,1531,711,56.27,3
birds,cockatoo,first-time-owners,commercial/birds/cockatoo/first-time-owners.html,1548,739,56.04,3
birds,cockatoo,health-costs,commercial/birds/cockatoo/health-costs.html,1515,697,56.98,3
birds,cockatoo,comparison,commercial/birds/cockatoo/vs-cockatiel.html,1620,676,45.16,4
birds,cockatoo,comparison,commercial/birds/cockatoo/vs-conure.html,1614,677,44,4
birds,conure,best-enrichment,commercial/birds/conure/best-enrichment.html,1281,611,56.54,3
birds,conure,best-food,commercial/birds/conure/best-food.html,1290,643,56.52,8
birds,conure,best-habitat-size,commercial/birds/conure/best-habitat-size.html,1460,723,55.24,3
birds,conure,best-insurance,commercial/birds/conure/best-insurance.html,1355,629,58.24,3
birds,conure,cost-to-own,commercial/birds/conure/cost-to-own.html,1521,711,56.85,3
birds,conure,first-time-owners,commercial/birds/conure/first-time-owners.html,1535,744,56.7,3
birds,conure,health-costs,commercial/birds/conure/health-costs.html,1505,696,57.54,3
birds,conure,comparison,commercial/birds/conure/vs-cockatoo.html,1616,679,45.28,4
birds,conure,comparison,commercial/birds/conure/vs-cordon-bleu.html,1668,665,43.13,4
birds,cordon-bleu,best-enrichment,commercial/birds/cordon-bleu/best-enrichment.html,1402,613,53.42,3
birds,cordon-bleu,best-food,commercial/birds/cordon-bleu/best-food.html,1407,640,53.29,8
birds,cordon-bleu,best-habitat-size,commercial/birds/cordon-bleu/best-habitat-size.html,1561,701,53.01,3
birds,cordon-bleu,best-insurance,commercial/birds/cordon-bleu/best-insurance.html,1468,630,55.45,3
birds,cordon-bleu,cost-to-own,commercial/birds/cordon-bleu/cost-to-own.html,1628,689,54.54,3
birds,cordon-bleu,first-time-owners,commercial/birds/cordon-bleu/first-time-owners.html,1632,721,54.59,3
birds,cordon-bleu,health-costs,commercial/birds/cordon-bleu/health-costs.html,1606,676,55.55,3
birds,cordon-bleu,comparison,commercial/birds/cordon-bleu/vs-conure.html,1681,667,44.26,4
birds,cordon-bleu,comparison,commercial/birds/cordon-bleu/vs-coturnix-quail.html,1677,622,44.37,4
birds,coturnix-quail,best-enrichment,commercial/birds/coturnix-quail/best-enrichment.html,1335,609,55.86,3
birds,coturnix-quail,best-food,commercial/birds/coturnix-quail/best-food.html,1336,637,55.96,8
birds,coturnix-quail,best-habitat-size,commercial/birds/coturnix-quail/best-habitat-size.html,1480,695,55.69,3
birds,coturnix-quail,best-insurance,commercial/birds/coturnix-quail/best-insurance.html,1406,625,57.66,3
birds,coturnix-quail,cost-to-own,commercial/birds/coturnix-quail/cost-to-own.html,1551,683,57.05,3
birds,coturnix-quail,first-time-owners,commercial/birds/coturnix-quail/first-time-owners.html,1557,714,57.07,3
birds,coturnix-quail,health-costs,commercial/birds/coturnix-quail/health-costs.html,1532,670,57.79,3
birds,coturnix-quail,comparison,commercial/birds/coturnix-quail/vs-cordon-bleu.html,1672,623,44.97,4
birds,coturnix-quail,comparison,commercial/birds/coturnix-quail/vs-diamond-dove.html,1611,612,45.16,4
birds,diamond-dove,best-enrichment,commercial/birds/diamond-dove/best-enrichment.html,1336,609,55.72,3
birds,diamond-dove,best-food,commercial/birds/diamond-dove/best-food.html,1337,637,56.15,8
birds,diamond-dove,best-habitat-size,commercial/birds/diamond-dove/best-habitat-size.html,1484,695,55.83,3
birds,diamond-dove,best-insurance,commercial/birds/diamond-dove/best-insurance.html,1407,626,57.81,3
birds,diamond-dove,cost-to-own,commercial/birds/diamond-dove/cost-to-own.html,1555,683,57.13,3
birds,diamond-dove,first-time-owners,commercial/birds/diamond-dove/first-time-owners.html,1561,714,57.22,3
birds,diamond-dove,health-costs,commercial/birds/diamond-dove/health-costs.html,1536,670,57.9,3
birds,diamond-dove,comparison,commercial/birds/diamond-dove/vs-coturnix-quail.html,1610,610,45.98,4
birds,diamond-dove,comparison,commercial/birds/diamond-dove/vs-dove.html,1616,609,46.1,4
birds,dove,best-enrichment,commercial/birds/dove/best-enrichment.html,1339,611,55.73,3
birds,dove,best-food,commercial/birds/dove/best-food.html,1340,639,55.92,8
birds,dove,best-habitat-size,commercial/birds/dove/best-habitat-size.html,1490,696,55.72,3
birds,dove,best-insurance,commercial/birds/dove/best-insurance.html,1410,625,57.53,3
birds,dove,cost-to-own,commercial/birds/dove/cost-to-own.html,1561,681,57,3
birds,dove,first-time-owners,commercial/birds/dove/first-time-owners.html,1567,716,57.21,3
birds,dove,health-costs,commercial/birds/dove/health-costs.html,1542,669,57.74,3
birds,dove,comparison,commercial/birds/dove/vs-diamond-dove.html,1616,609,47.54,4
birds,dove,comparison,commercial/birds/dove/vs-dusky-conure.html,1600,632,44.54,4
birds,dusky-conure,best-enrichment,commercial/birds/dusky-conure/best-enrichment.html,1326,598,54.39,3
birds,dusky-conure,best-food,commercial/birds/dusky-conure/best-food.html,1321,634,54.31,8
birds,dusky-conure,best-habitat-size,commercial/birds/dusky-conure/best-habitat-size.html,1456,693,54.65,3
birds,dusky-conure,best-insurance,commercial/birds/dusky-conure/best-insurance.html,1391,620,57.42,3
birds,dusky-conure,cost-to-own,commercial/birds/dusky-conure/cost-to-own.html,1525,680,56.49,3
birds,dusky-conure,first-time-owners,commercial/birds/dusky-conure/first-time-owners.html,1533,715,55.07,3
birds,dusky-conure,health-costs,commercial/birds/dusky-conure/health-costs.html,1504,665,57.66,3
birds,dusky-conure,comparison,commercial/birds/dusky-conure/vs-dove.html,1600,633,45.67,4
birds,dusky-conure,comparison,commercial/birds/dusky-conure/vs-eclectus.html,1642,668,42.2,4
birds,eclectus,best-enrichment,commercial/birds/eclectus/best-enrichment.html,1348,616,54.22,3
birds,eclectus,best-food,commercial/birds/eclectus/best-food.html,1350,646,54.36,8
birds,eclectus,best-habitat-size,commercial/birds/eclectus/best-habitat-size.html,1528,726,53.57,3
birds,eclectus,best-insurance,commercial/birds/eclectus/best-insurance.html,1416,629,56.42,3
birds,eclectus,cost-to-own,commercial/birds/eclectus/cost-to-own.html,1595,718,55.15,3
birds,eclectus,first-time-owners,commercial/birds/eclectus/first-time-owners.html,1610,751,54.81,3
birds,eclectus,health-costs,commercial/birds/eclectus/health-costs.html,1576,705,56.05,3
birds,eclectus,comparison,commercial/birds/eclectus/vs-dusky-conure.html,1641,666,42.6,4
birds,eclectus,comparison,commercial/birds/eclectus/vs-finch.html,1680,696,42.72,4
birds,finch,best-enrichment,commercial/birds/finch/best-enrichment.html,1284,609,56.37,3
birds,finch,best-food,commercial/birds/finch/best-food.html,1309,651,55.79,8
birds,finch,best-habitat-size,commercial/birds/finch/best-habitat-size.html,1489,733,54.5,3
birds,finch,best-insurance,commercial/birds/finch/best-insurance.html,1390,634,57.44,3
birds,finch,cost-to-own,commercial/birds/finch/cost-to-own.html,1554,722,56.17,3
birds,finch,first-time-owners,commercial/birds/finch/first-time-owners.html,1556,755,56.17,3
birds,finch,health-costs,commercial/birds/finch/health-costs.html,1550,708,56.7,3
birds,finch,comparison,commercial/birds/finch/vs-eclectus.html,1675,697,43.89,4
birds,finch,comparison,commercial/birds/finch/vs-galah.html,1697,697,42.08,4
birds,galah,best-enrichment,commercial/birds/galah/best-enrichment.html,1400,614,52.64,3
birds,galah,best-food,commercial/birds/galah/best-food.html,1401,647,52.6,8
birds,galah,best-habitat-size,commercial/birds/galah/best-habitat-size.html,1569,726,52.07,3
birds,galah,best-insurance,commercial/birds/galah/best-insurance.html,1466,633,54.66,3
birds,galah,cost-to-own,commercial/birds/galah/cost-to-own.html,1640,713,53.6,3
birds,galah,first-time-owners,commercial/birds/galah/first-time-owners.html,1644,747,53.55,3
birds,galah,health-costs,commercial/birds/galah/health-costs.html,1618,697,54.58,3
birds,galah,comparison,commercial/birds/galah/vs-finch.html,1709,697,43.19,4
birds,galah,comparison,commercial/birds/galah/vs-gloster-canary.html,1701,667,42.75,4
birds,gloster-canary,best-enrichment,commercial/birds/gloster-canary/best-enrichment.html,1344,613,54.49,3
birds,gloster-canary,best-food,commercial/birds/gloster-canary/best-food.html,1351,640,54.61,8
birds,gloster-canary,best-habitat-size,commercial/birds/gloster-canary/best-habitat-size.html,1501,698,54.26,3
birds,gloster-canary,best-insurance,commercial/birds/gloster-canary/best-insurance.html,1415,629,56.59,3
birds,gloster-canary,cost-to-own,commercial/birds/gloster-canary/cost-to-own.html,1566,685,55.71,3
birds,gloster-canary,first-time-owners,commercial/birds/gloster-canary/first-time-owners.html,1572,719,55.91,3
birds,gloster-canary,health-costs,commercial/birds/gloster-canary/health-costs.html,1547,674,56.65,3
birds,gloster-canary,comparison,commercial/birds/gloster-canary/vs-galah.html,1696,668,43.33,4
birds,gloster-canary,comparison,commercial/birds/gloster-canary/vs-goffin-cockatoo.html,1657,664,42.35,4
birds,goffin-cockatoo,best-enrichment,commercial/birds/goffin-cockatoo/best-enrichment.html,1343,608,53.66,3
birds,goffin-cockatoo,best-food,commercial/birds/goffin-cockatoo/best-food.html,1346,642,53.61,8
birds,goffin-cockatoo,best-habitat-size,commercial/birds/goffin-cockatoo/best-habitat-size.html,1517,726,52.97,3
birds,goffin-cockatoo,best-insurance,commercial/birds/goffin-cockatoo/best-insurance.html,1414,627,55.62,3
birds,goffin-cockatoo,cost-to-own,commercial/birds/goffin-cockatoo/cost-to-own.html,1586,710,54.47,3
birds,goffin-cockatoo,first-time-owners,commercial/birds/goffin-cockatoo/first-time-owners.html,1592,746,54.56,3
birds,goffin-cockatoo,health-costs,commercial/birds/goffin-cockatoo/health-costs.html,1567,696,55.37,3
birds,goffin-cockatoo,comparison,commercial/birds/goffin-cockatoo/vs-gloster-canary.html,1659,664,43.37,4
birds,goffin-cockatoo,comparison,commercial/birds/goffin-cockatoo/vs-golden-conure.html,1752,659,41.03,4
birds,golden-conure,best-enrichment,commercial/birds/golden-conure/best-enrichment.html,1505,600,50.91,3
birds,golden-conure,best-food,commercial/birds/golden-conure/best-food.html,1494,635,51.22,8
birds,golden-conure,best-habitat-size,commercial/birds/golden-conure/best-habitat-size.html,1627,694,51.61,3
birds,golden-conure,best-insurance,commercial/birds/golden-conure/best-insurance.html,1555,621,54.52,3
birds,golden-conure,cost-to-own,commercial/birds/golden-conure/cost-to-own.html,1702,682,53.56,3
birds,golden-conure,first-time-owners,commercial/birds/golden-conure/first-time-owners.html,1704,717,52.12,3
birds,golden-conure,health-costs,commercial/birds/golden-conure/health-costs.html,1672,667,54.92,3
birds,golden-conure,comparison,commercial/birds/golden-conure/vs-goffin-cockatoo.html,1770,659,41.81,4
birds,golden-conure,comparison,commercial/birds/golden-conure/vs-gouldian-finch.html,1758,637,42.18,4
birds,gouldian-finch,best-enrichment,commercial/birds/gouldian-finch/best-enrichment.html,1345,612,54.51,3
birds,gouldian-finch,best-food,commercial/birds/gouldian-finch/best-food.html,1352,640,54.58,8
birds,gouldian-finch,best-habitat-size,commercial/birds/gouldian-finch/best-habitat-size.html,1503,699,54.47,3
birds,gouldian-finch,best-insurance,commercial/birds/gouldian-finch/best-insurance.html,1416,629,56.61,3
birds,gouldian-finch,cost-to-own,commercial/birds/gouldian-finch/cost-to-own.html,1568,687,55.91,3
birds,gouldian-finch,first-time-owners,commercial/birds/gouldian-finch/first-time-owners.html,1574,718,55.74,3
birds,gouldian-finch,health-costs,commercial/birds/gouldian-finch/health-costs.html,1549,674,56.83,3
birds,gouldian-finch,comparison,commercial/birds/gouldian-finch/vs-golden-conure.html,1740,637,42.58,4
birds,gouldian-finch,comparison,commercial/birds/gouldian-finch/vs-green-cheek-conure.html,1660,673,42.82,4
birds,green-cheek-conure,best-enrichment,commercial/birds/green-cheek-conure/best-enrichment.html,1337,612,53.85,3
birds,green-cheek-conure,best-food,commercial/birds/green-cheek-conure/best-food.html,1340,645,54.1,8
birds,green-cheek-conure,best-habitat-size,commercial/birds/green-cheek-conure/best-habitat-size.html,1511,730,53.18,3
birds,green-cheek-conure,best-insurance,commercial/birds/green-cheek-conure/best-insurance.html,1408,630,56.47,3
birds,green-cheek-conure,cost-to-own,commercial/birds/green-cheek-conure/cost-to-own.html,1580,716,54.8,3
birds,green-cheek-conure,first-time-owners,commercial/birds/green-cheek-conure/first-time-owners.html,1586,753,54.58,3
birds,green-cheek-conure,health-costs,commercial/birds/green-cheek-conure/health-costs.html,1561,703,55.83,3
birds,green-cheek-conure,comparison,commercial/birds/green-cheek-conure/vs-gouldian-finch.html,1657,671,43.97,4
birds,green-cheek-conure,comparison,commercial/birds/green-cheek-conure/vs-green-wing-macaw.html,1675,684,42.03,4
birds,green-wing-macaw,best-enrichment,commercial/birds/green-wing-macaw/best-enrichment.html,1341,610,53.33,3
birds,green-wing-macaw,best-food,commercial/birds/green-wing-macaw/best-food.html,1342,642,53.41,8
birds,green-wing-macaw,best-habitat-size,commercial/birds/green-wing-macaw/best-habitat-size.html,1515,724,52.63,3
birds,green-wing-macaw,best-insurance,commercial/birds/green-wing-macaw/best-insurance.html,1410,626,55.54,3
birds,green-wing-macaw,cost-to-own,commercial/birds/green-wing-macaw/cost-to-own.html,1584,709,54.17,3
birds,green-wing-macaw,first-time-owners,commercial/birds/green-wing-macaw/first-time-owners.html,1596,746,53.93,3
birds,green-wing-macaw,health-costs,commercial/birds/green-wing-macaw/health-costs.html,1565,696,55.12,3
birds,green-wing-macaw,comparison,commercial/birds/green-wing-macaw/vs-green-cheek-conure.html,1676,684,43.1,4
birds,green-wing-macaw,comparison,commercial/birds/green-wing-macaw/vs-half-moon-conure.html,1674,661,41.38,4
birds,half-moon-conure,best-enrichment,commercial/birds/half-moon-conure/best-enrichment.html,1388,602,51.75,3
birds,half-moon-conure,best-food,commercial/birds/half-moon-conure/best-food.html,1381,637,52.15,8
birds,half-moon-conure,best-habitat-size,commercial/birds/half-moon-conure/best-habitat-size.html,1516,696,52.32,3
birds,half-moon-conure,best-insurance,commercial/birds/half-moon-conure/best-insurance.html,1448,623,55.57,3
birds,half-moon-conure,cost-to-own,commercial/birds/half-moon-conure/cost-to-own.html,1587,684,54.21,3
birds,half-moon-conure,first-time-owners,commercial/birds/half-moon-conure/first-time-owners.html,1593,718,53,3
birds,half-moon-conure,health-costs,commercial/birds/half-moon-conure/health-costs.html,1563,669,55.69,3
birds,half-moon-conure,comparison,commercial/birds/half-moon-conure/vs-green-wing-macaw.html,1682,664,42.4,4
birds,half-moon-conure,comparison,commercial/birds/half-moon-conure/vs-hawk-headed-parrot.html,1718,620,40.59,4
birds,hawk-headed-parrot,best-enrichment,commercial/birds/hawk-headed-parrot/best-enrichment.html,1447,602,50.76,3
birds,hawk-headed-parrot,best-food,commercial/birds/hawk-headed-parrot/best-food.html,1438,637,51.06,8
birds,hawk-headed-parrot,best-habitat-size,commercial/birds/hawk-headed-parrot/best-habitat-size.html,1575,696,51.27,3
birds,hawk-headed-parrot,best-insurance,commercial/birds/hawk-headed-parrot/best-insurance.html,1502,623,54.38,3
birds,hawk-headed-parrot,cost-to-own,commercial/birds/hawk-headed-parrot/cost-to-own.html,1648,684,53.24,3
birds,hawk-headed-parrot,first-time-owners,commercial/birds/hawk-headed-parrot/first-time-owners.html,1652,718,51.84,3
birds,hawk-headed-parrot,health-costs,commercial/birds/hawk-headed-parrot/health-costs.html,1621,669,54.64,3
birds,hawk-headed-parrot,comparison,commercial/birds/hawk-headed-parrot/vs-half-moon-conure.html,1724,620,40.99,4
birds,hawk-headed-parrot,comparison,commercial/birds/hawk-headed-parrot/vs-hyacinth-macaw.html,1759,677,40.69,4
birds,hyacinth-macaw,best-enrichment,commercial/birds/hyacinth-macaw/best-enrichment.html,1346,618,53.21,3
birds,hyacinth-macaw,best-food,commercial/birds/hyacinth-macaw/best-food.html,1361,651,52.87,8
birds,hyacinth-macaw,best-habitat-size,commercial/birds/hyacinth-macaw/best-habitat-size.html,1539,739,52.11,3
birds,hyacinth-macaw,best-insurance,commercial/birds/hyacinth-macaw/best-insurance.html,1439,636,55,3
birds,hyacinth-macaw,cost-to-own,commercial/birds/hyacinth-macaw/cost-to-own.html,1608,724,53.76,3
birds,hyacinth-macaw,first-time-owners,commercial/birds/hyacinth-macaw/first-time-owners.html,1618,761,53.36,3
birds,hyacinth-macaw,health-costs,commercial/birds/hyacinth-macaw/health-costs.html,1599,712,54.55,3
birds,hyacinth-macaw,comparison,commercial/birds/hyacinth-macaw/vs-hawk-headed-parrot.html,1747,677,41.37,4
birds,hyacinth-macaw,comparison,commercial/birds/hyacinth-macaw/vs-indian-ringneck.html,1761,706,40.53,4
birds,indian-ringneck,best-enrichment,commercial/birds/indian-ringneck/best-enrichment.html,1405,619,51.14,3
birds,indian-ringneck,best-food,commercial/birds/indian-ringneck/best-food.html,1412,652,51.18,8
birds,indian-ringneck,best-habitat-size,commercial/birds/indian-ringneck/best-habitat-size.html,1585,729,50.77,3
birds,indian-ringneck,best-insurance,commercial/birds/indian-ringneck/best-insurance.html,1471,636,53.6,3
birds,indian-ringneck,cost-to-own,commercial/birds/indian-ringneck/cost-to-own.html,1650,720,52.36,3
birds,indian-ringneck,first-time-owners,commercial/birds/indian-ringneck/first-time-owners.html,1654,754,52.02,3
birds,indian-ringneck,health-costs,commercial/birds/indian-ringneck/health-costs.html,1628,704,53.49,3
birds,indian-ringneck,comparison,commercial/birds/indian-ringneck/vs-hyacinth-macaw.html,1765,705,41.68,4
birds,indian-ringneck,comparison,commercial/birds/indian-ringneck/vs-java-finch.html,1715,671,40.94,4
birds,java-finch,best-enrichment,commercial/birds/java-finch/best-enrichment.html,1341,611,53.83,3
birds,java-finch,best-food,commercial/birds/java-finch/best-food.html,1348,639,54.02,8
birds,java-finch,best-habitat-size,commercial/birds/java-finch/best-habitat-size.html,1494,697,54.05,3
birds,java-finch,best-insurance,commercial/birds/java-finch/best-insurance.html,1412,628,56.12,3
birds,java-finch,cost-to-own,commercial/birds/java-finch/cost-to-own.html,1559,685,55.47,3
birds,java-finch,first-time-owners,commercial/birds/java-finch/first-time-owners.html,1565,716,55.2,3
birds,java-finch,health-costs,commercial/birds/java-finch/health-costs.html,1540,672,56.42,3
birds,java-finch,comparison,commercial/birds/java-finch/vs-indian-ringneck.html,1709,672,41.89,4
birds,java-finch,comparison,commercial/birds/java-finch/vs-jenday-conure.html,1648,669,41.1,4
birds,jenday-conure,best-enrichment,commercial/birds/jenday-conure/best-enrichment.html,1342,617,53.14,3
birds,jenday-conure,best-food,commercial/birds/jenday-conure/best-food.html,1345,650,53.08,8
birds,jenday-conure,best-habitat-size,commercial/birds/jenday-conure/best-habitat-size.html,1511,730,52.68,3
birds,jenday-conure,best-insurance,commercial/birds/jenday-conure/best-insurance.html,1413,633,55.55,3
birds,jenday-conure,cost-to-own,commercial/birds/jenday-conure/cost-to-own.html,1580,716,54.28,3
birds,jenday-conure,first-time-owners,commercial/birds/jenday-conure/first-time-owners.html,1586,753,54.04,3
birds,jenday-conure,health-costs,commercial/birds/jenday-conure/health-costs.html,1561,703,55.29,3
birds,jenday-conure,comparison,commercial/birds/jenday-conure/vs-java-finch.html,1649,669,42.2,4
birds,jenday-conure,comparison,commercial/birds/jenday-conure/vs-kakariki.html,1706,667,40.48,4
birds,kakariki,best-enrichment,commercial/birds/kakariki/best-enrichment.html,1446,599,50.67,3
birds,kakariki,best-food,commercial/birds/kakariki/best-food.html,1437,636,50.86,8
birds,kakariki,best-habitat-size,commercial/birds/kakariki/best-habitat-size.html,1572,694,51.36,3
birds,kakariki,best-insurance,commercial/birds/kakariki/best-insurance.html,1501,622,54.09,3
birds,kakariki,cost-to-own,commercial/birds/kakariki/cost-to-own.html,1645,682,53.26,3
birds,kakariki,first-time-owners,commercial/birds/kakariki/first-time-owners.html,1649,716,51.95,3
birds,kakariki,health-costs,commercial/birds/kakariki/health-costs.html,1618,668,54.62,3
birds,kakariki,comparison,commercial/birds/kakariki/vs-jenday-conure.html,1718,666,41.44,4
birds,kakariki,comparison,commercial/birds/kakariki/vs-lineolated-parakeet.html,1694,632,41.76,4
birds,lineolated-parakeet,best-enrichment,commercial/birds/lineolated-parakeet/best-enrichment.html,1339,611,53.4,3
birds,lineolated-parakeet,best-food,commercial/birds/lineolated-parakeet/best-food.html,1340,639,53.35,8
birds,lineolated-parakeet,best-habitat-size,commercial/birds/lineolated-parakeet/best-habitat-size.html,1486,696,53.42,3
birds,lineolated-parakeet,best-insurance,commercial/birds/lineolated-parakeet/best-insurance.html,1410,626,55.69,3
birds,lineolated-parakeet,cost-to-own,commercial/birds/lineolated-parakeet/cost-to-own.html,1557,682,54.95,3
birds,lineolated-parakeet,first-time-owners,commercial/birds/lineolated-parakeet/first-time-owners.html,1563,716,54.7,3
birds,lineolated-parakeet,health-costs,commercial/birds/lineolated-parakeet/health-costs.html,1538,670,55.99,3
birds,lineolated-parakeet,comparison,commercial/birds/lineolated-parakeet/vs-kakariki.html,1682,633,42.23,4
birds,lineolated-parakeet,comparison,commercial/birds/lineolated-parakeet/vs-lorikeet.html,1616,620,43.22,4
birds,lorikeet,best-enrichment,commercial/birds/lorikeet/best-enrichment.html,1339,610,53.03,3
birds,lorikeet,best-food,commercial/birds/lorikeet/best-food.html,1340,638,53.46,8
birds,lorikeet,best-habitat-size,commercial/birds/lorikeet/best-habitat-size.html,1489,694,53.32,3
birds,lorikeet,best-insurance,commercial/birds/lorikeet/best-insurance.html,1410,622,55.86,3
birds,lorikeet,cost-to-own,commercial/birds/lorikeet/cost-to-own.html,1560,678,54.83,3
birds,lorikeet,first-time-owners,commercial/birds/lorikeet/first-time-owners.html,1566,715,54.46,3
birds,lorikeet,health-costs,commercial/birds/lorikeet/health-costs.html,1541,667,55.92,3
birds,lorikeet,comparison,commercial/birds/lorikeet/vs-lineolated-parakeet.html,1613,617,44.39,4
birds,lorikeet,comparison,commercial/birds/lorikeet/vs-lovebird.html,1635,673,42.96,4
birds,lovebird,best-enrichment,commercial/birds/lovebird/best-enrichment.html,1283,613,54.5,3
birds,lovebird,best-food,commercial/birds/lovebird/best-food.html,1306,648,54.13,8
birds,lovebird,best-habitat-size,commercial/birds/lovebird/best-habitat-size.html,1480,729,53.24,3
birds,lovebird,best-insurance,commercial/birds/lovebird/best-insurance.html,1387,633,56.09,3
birds,lovebird,cost-to-own,commercial/birds/lovebird/cost-to-own.html,1545,717,54.97,3
birds,lovebird,first-time-owners,commercial/birds/lovebird/first-time-owners.html,1553,749,54.53,3
birds,lovebird,health-costs,commercial/birds/lovebird/health-costs.html,1541,707,55.68,3
birds,lovebird,comparison,commercial/birds/lovebird/vs-lorikeet.html,1628,672,44.24,4
birds,lovebird,comparison,commercial/birds/lovebird/vs-macaw.html,1639,692,42.82,4
birds,macaw,best-enrichment,commercial/birds/macaw/best-enrichment.html,1285,612,55.17,3
birds,macaw,best-food,commercial/birds/macaw/best-food.html,1295,642,55.15,8
birds,macaw,best-habitat-size,commercial/birds/macaw/best-habitat-size.html,1471,721,54.06,3
birds,macaw,best-insurance,commercial/birds/macaw/best-insurance.html,1358,627,57.29,3
birds,macaw,cost-to-own,commercial/birds/macaw/cost-to-own.html,1530,708,55.78,3
birds,macaw,first-time-owners,commercial/birds/macaw/first-time-owners.html,1547,743,55.19,3
birds,macaw,health-costs,commercial/birds/macaw/health-costs.html,1514,692,56.6,3
birds,macaw,comparison,commercial/birds/macaw/vs-lovebird.html,1639,691,44.19,4
birds,macaw,comparison,commercial/birds/macaw/vs-masked-lovebird.html,1647,683,43.14,4
birds,masked-lovebird,best-enrichment,commercial/birds/masked-lovebird/best-enrichment.html,1341,611,53.75,3
birds,masked-lovebird,best-food,commercial/birds/masked-lovebird/best-food.html,1344,643,53.68,8
birds,masked-lovebird,best-habitat-size,commercial/birds/masked-lovebird/best-habitat-size.html,1516,724,53.03,3
birds,masked-lovebird,best-insurance,commercial/birds/masked-lovebird/best-insurance.html,1412,627,55.86,3
birds,masked-lovebird,cost-to-own,commercial/birds/masked-lovebird/cost-to-own.html,1585,712,54.6,3
birds,masked-lovebird,first-time-owners,commercial/birds/masked-lovebird/first-time-owners.html,1591,747,54.4,3
birds,masked-lovebird,health-costs,commercial/birds/masked-lovebird/health-costs.html,1566,699,55.5,3
birds,masked-lovebird,comparison,commercial/birds/masked-lovebird/vs-macaw.html,1654,685,44.52,4
birds,masked-lovebird,comparison,commercial/birds/masked-lovebird/vs-meyer-parrot.html,1639,663,44.96,4
birds,meyer-parrot,best-enrichment,commercial/birds/meyer-parrot/best-enrichment.html,1336,609,54.41,3
birds,meyer-parrot,best-food,commercial/birds/meyer-parrot/best-food.html,1337,637,54.56,8
birds,meyer-parrot,best-habitat-size,commercial/birds/meyer-parrot/best-habitat-size.html,1482,694,54.3,3
birds,meyer-parrot,best-insurance,commercial/birds/meyer-parrot/best-insurance.html,1407,623,56.29,3
birds,meyer-parrot,cost-to-own,commercial/birds/meyer-parrot/cost-to-own.html,1553,679,55.65,3
birds,meyer-parrot,first-time-owners,commercial/birds/meyer-parrot/first-time-owners.html,1559,715,55.79,3
birds,meyer-parrot,health-costs,commercial/birds/meyer-parrot/health-costs.html,1534,666,56.46,3
birds,meyer-parrot,comparison,commercial/birds/meyer-parrot/vs-masked-lovebird.html,1640,665,45.9,4
birds,meyer-parrot,comparison,commercial/birds/meyer-parrot/vs-military-macaw.html,1645,669,44.28,4
birds,military-macaw,best-enrichment,commercial/birds/military-macaw/best-enrichment.html,1342,614,54.06,3
birds,military-macaw,best-food,commercial/birds/military-macaw/best-food.html,1343,644,54.06,8
birds,military-macaw,best-habitat-size,commercial/birds/military-macaw/best-habitat-size.html,1516,730,53.25,3
birds,military-macaw,best-insurance,commercial/birds/military-macaw/best-insurance.html,1411,631,56.08,3
birds,military-macaw,cost-to-own,commercial/birds/military-macaw/cost-to-own.html,1585,719,54.77,3
birds,military-macaw,first-time-owners,commercial/birds/military-macaw/first-time-owners.html,1597,752,54.65,3
birds,military-macaw,health-costs,commercial/birds/military-macaw/health-costs.html,1566,701,55.65,3
birds,military-macaw,comparison,commercial/birds/military-macaw/vs-meyer-parrot.html,1645,668,44.9,4
birds,military-macaw,comparison,commercial/birds/military-macaw/vs-moluccan-cockatoo.html,1683,682,43.03,4
birds,moluccan-cockatoo,best-enrichment,commercial/birds/moluccan-cockatoo/best-enrichment.html,1339,613,53.84,3
birds,moluccan-cockatoo,best-food,commercial/birds/moluccan-cockatoo/best-food.html,1338,641,53.98,8
birds,moluccan-cockatoo,best-habitat-size,commercial/birds/moluccan-cockatoo/best-habitat-size.html,1509,727,53.05,3
birds,moluccan-cockatoo,best-insurance,commercial/birds/moluccan-cockatoo/best-insurance.html,1406,627,56.01,3
birds,moluccan-cockatoo,cost-to-own,commercial/birds/moluccan-cockatoo/cost-to-own.html,1578,714,54.56,3
birds,moluccan-cockatoo,first-time-owners,commercial/birds/moluccan-cockatoo/first-time-owners.html,1596,748,54.38,3
birds,moluccan-cockatoo,health-costs,commercial/birds/moluccan-cockatoo/health-costs.html,1559,701,55.46,3
birds,moluccan-cockatoo,comparison,commercial/birds/moluccan-cockatoo/vs-military-macaw.html,1683,683,44.25,4
birds,moluccan-cockatoo,comparison,commercial/birds/moluccan-cockatoo/vs-mynah.html,1653,668,43.57,4
birds,mynah,best-enrichment,commercial/birds/mynah/best-enrichment.html,1340,615,54.4,3
birds,mynah,best-food,commercial/birds/mynah/best-food.html,1341,641,54.45,8
birds,mynah,best-habitat-size,commercial/birds/mynah/best-habitat-size.html,1492,697,54.14,3
birds,mynah,best-insurance,commercial/birds/mynah/best-insurance.html,1411,625,56.32,3
birds,mynah,cost-to-own,commercial/birds/mynah/cost-to-own.html,1563,682,55.58,3
birds,mynah,first-time-owners,commercial/birds/mynah/first-time-owners.html,1569,719,55.76,3
birds,mynah,health-costs,commercial/birds/mynah/health-costs.html,1544,671,56.47,3
birds,mynah,comparison,commercial/birds/mynah/vs-moluccan-cockatoo.html,1653,667,44.38,4
birds,mynah,comparison,commercial/birds/mynah/vs-nanday-conure.html,1645,669,43.42,4
birds,nanday-conure,best-enrichment,commercial/birds/nanday-conure/best-enrichment.html,1340,615,53.89,3
birds,nanday-conure,best-food,commercial/birds/nanday-conure/best-food.html,1343,646,53.98,8
birds,nanday-conure,best-habitat-size,commercial/birds/nanday-conure/best-habitat-size.html,1514,729,53.14,3
birds,nanday-conure,best-insurance,commercial/birds/nanday-conure/best-insurance.html,1411,634,56.05,3
birds,nanday-conure,cost-to-own,commercial/birds/nanday-conure/cost-to-own.html,1583,718,54.67,3
birds,nanday-conure,first-time-owners,commercial/birds/nanday-conure/first-time-owners.html,1589,750,54.83,3
birds,nanday-conure,health-costs,commercial/birds/nanday-conure/health-costs.html,1564,703,55.61,3
birds,nanday-conure,comparison,commercial/birds/nanday-conure/vs-mynah.html,1645,669,44.51,4
birds,nanday-conure,comparison,commercial/birds/nanday-conure/vs-owl-finch.html,1657,671,43.68,4
birds,owl-finch,best-enrichment,commercial/birds/owl-finch/best-enrichment.html,1342,611,54.49,3
birds,owl-finch,best-food,commercial/birds/owl-finch/best-food.html,1349,639,54.35,8
birds,owl-finch,best-habitat-size,commercial/birds/owl-finch/best-habitat-size.html,1500,698,53.91,3
birds,owl-finch,best-insurance,commercial/birds/owl-finch/best-insurance.html,1413,628,56.23,3
birds,owl-finch,cost-to-own,commercial/birds/owl-finch/cost-to-own.html,1565,686,55.37,3
birds,owl-finch,first-time-owners,commercial/birds/owl-finch/first-time-owners.html,1571,718,55.77,3
birds,owl-finch,health-costs,commercial/birds/owl-finch/health-costs.html,1546,673,56.25,3
birds,owl-finch,comparison,commercial/birds/owl-finch/vs-nanday-conure.html,1657,673,44.62,4
birds,owl-finch,comparison,commercial/birds/owl-finch/vs-pacific-parrotlet.html,1613,635,42.09,4
birds,pacific-parrotlet,best-enrichment,commercial/birds/pacific-parrotlet/best-enrichment.html,1325,596,53.53,3
birds,pacific-parrotlet,best-food,commercial/birds/pacific-parrotlet/best-food.html,1320,631,53.62,8
birds,pacific-parrotlet,best-habitat-size,commercial/birds/pacific-parrotlet/best-habitat-size.html,1455,690,53.73,3
birds,pacific-parrotlet,best-insurance,commercial/birds/pacific-parrotlet/best-insurance.html,1390,617,56.82,3
birds,pacific-parrotlet,cost-to-own,commercial/birds/pacific-parrotlet/cost-to-own.html,1524,677,55.57,3
birds,pacific-parrotlet,first-time-owners,commercial/birds/pacific-parrotlet/first-time-owners.html,1532,712,54.09,3
birds,pacific-parrotlet,health-costs,commercial/birds/pacific-parrotlet/health-costs.html,1503,662,56.79,3
birds,pacific-parrotlet,comparison,commercial/birds/pacific-parrotlet/vs-owl-finch.html,1612,633,43.12,4
birds,pacific-parrotlet,comparison,commercial/birds/pacific-parrotlet/vs-parrotlet.html,1590,657,42.7,4
birds,parrotlet,best-enrichment,commercial/birds/parrotlet/best-enrichment.html,1286,615,56.36,3
birds,parrotlet,best-food,commercial/birds/parrotlet/best-food.html,1293,647,56.16,8
birds,parrotlet,best-habitat-size,commercial/birds/parrotlet/best-habitat-size.html,1468,725,55.02,3
birds,parrotlet,best-insurance,commercial/birds/parrotlet/best-insurance.html,1362,632,58,3
birds,parrotlet,cost-to-own,commercial/birds/parrotlet/cost-to-own.html,1533,711,56.66,3
birds,parrotlet,first-time-owners,commercial/birds/parrotlet/first-time-owners.html,1541,747,56.9,3
birds,parrotlet,health-costs,commercial/birds/parrotlet/health-costs.html,1517,699,57.38,3
birds,parrotlet,comparison,commercial/birds/parrotlet/vs-pacific-parrotlet.html,1584,657,43.57,4
birds,parrotlet,comparison,commercial/birds/parrotlet/vs-peach-faced-lovebird.html,1626,680,43.28,4
birds,peach-faced-lovebird,best-enrichment,commercial/birds/peach-faced-lovebird/best-enrichment.html,1338,608,54.63,3
birds,peach-faced-lovebird,best-food,commercial/birds/peach-faced-lovebird/best-food.html,1341,639,54.63,8
birds,peach-faced-lovebird,best-habitat-size,commercial/birds/peach-faced-lovebird/best-habitat-size.html,1510,720,53.95,3
birds,peach-faced-lovebird,best-insurance,commercial/birds/peach-faced-lovebird/best-insurance.html,1409,625,56.66,3
birds,peach-faced-lovebird,cost-to-own,commercial/birds/peach-faced-lovebird/cost-to-own.html,1579,710,55.42,3
birds,peach-faced-lovebird,first-time-owners,commercial/birds/peach-faced-lovebird/first-time-owners.html,1585,742,55.52,3
birds,peach-faced-lovebird,health-costs,commercial/birds/peach-faced-lovebird/health-costs.html,1560,695,56.3,3
birds,peach-faced-lovebird,comparison,commercial/birds/peach-faced-lovebird/vs-parrotlet.html,1632,681,44.6,4
birds,peach-faced-lovebird,comparison,commercial/birds/peach-faced-lovebird/vs-pigeon.html,1635,659,43.92,4
birds,pigeon,best-enrichment,commercial/birds/pigeon/best-enrichment.html,1334,609,54.49,3
birds,pigeon,best-food,commercial/birds/pigeon/best-food.html,1335,637,54.69,8
birds,pigeon,best-habitat-size,commercial/birds/pigeon/best-habitat-size.html,1479,695,54.45,3
birds,pigeon,best-insurance,commercial/birds/pigeon/best-insurance.html,1405,625,56.55,3
birds,pigeon,cost-to-own,commercial/birds/pigeon/cost-to-own.html,1550,682,55.82,3
birds,pigeon,first-time-owners,commercial/birds/pigeon/first-time-owners.html,1556,714,55.83,3
birds,pigeon,health-costs,commercial/birds/pigeon/health-costs.html,1531,669,56.7,3
birds,pigeon,comparison,commercial/birds/pigeon/vs-peach-faced-lovebird.html,1636,661,44.65,4
birds,pigeon,comparison,commercial/birds/pigeon/vs-pionus.html,1651,661,43.11,4
birds,pionus,best-enrichment,commercial/birds/pionus/best-enrichment.html,1343,612,54.29,3
birds,pionus,best-food,commercial/birds/pionus/best-food.html,1346,646,54.3,8
birds,pionus,best-habitat-size,commercial/birds/pionus/best-habitat-size.html,1522,721,53.35,3
birds,pionus,best-insurance,commercial/birds/pionus/best-insurance.html,1412,628,56.34,3
birds,pionus,cost-to-own,commercial/birds/pionus/cost-to-own.html,1589,711,54.84,3
birds,pionus,first-time-owners,commercial/birds/pionus/first-time-owners.html,1601,747,54.83,3
birds,pionus,health-costs,commercial/birds/pionus/health-costs.html,1570,701,55.72,3
birds,pionus,comparison,commercial/birds/pionus/vs-pigeon.html,1651,660,43.97,4
birds,pionus,comparison,commercial/birds/pionus/vs-plum-headed-parakeet.html,1638,660,42.67,4
birds,plum-headed-parakeet,best-enrichment,commercial/birds/plum-headed-parakeet/best-enrichment.html,1326,596,53.53,3
birds,plum-headed-parakeet,best-food,commercial/birds/plum-headed-parakeet/best-food.html,1321,633,53.66,8
birds,plum-headed-parakeet,best-habitat-size,commercial/birds/plum-headed-parakeet/best-habitat-size.html,1456,692,53.83,3
birds,plum-headed-parakeet,best-insurance,commercial/birds/plum-headed-parakeet/best-insurance.html,1391,619,56.89,3
birds,plum-headed-parakeet,cost-to-own,commercial/birds/plum-headed-parakeet/cost-to-own.html,1525,679,55.65,3
birds,plum-headed-parakeet,first-time-owners,commercial/birds/plum-headed-parakeet/first-time-owners.html,1533,712,54.27,3
birds,plum-headed-parakeet,health-costs,commercial/birds/plum-headed-parakeet/health-costs.html,1504,664,56.91,3
birds,plum-headed-parakeet,comparison,commercial/birds/plum-headed-parakeet/vs-pionus.html,1638,660,43.68,4
birds,plum-headed-parakeet,comparison,commercial/birds/plum-headed-parakeet/vs-princess-parrot.html,1579,612,42.71,4
birds,princess-parrot,best-enrichment,commercial/birds/princess-parrot/best-enrichment.html,1327,598,54.18,3
birds,princess-parrot,best-food,commercial/birds/princess-parrot/best-food.html,1322,634,54.33,8
birds,princess-parrot,best-habitat-size,commercial/birds/princess-parrot/best-habitat-size.html,1455,693,54.52,3
birds,princess-parrot,best-insurance,commercial/birds/princess-parrot/best-insurance.html,1392,620,57.53,3
birds,princess-parrot,cost-to-own,commercial/birds/princess-parrot/cost-to-own.html,1524,680,56.37,3
birds,princess-parrot,first-time-owners,commercial/birds/princess-parrot/first-time-owners.html,1532,713,55.16,3
birds,princess-parrot,health-costs,commercial/birds/princess-parrot/health-costs.html,1503,665,57.6,3
birds,princess-parrot,comparison,commercial/birds/princess-parrot/vs-plum-headed-parakeet.html,1581,614,43.32,4
birds,princess-parrot,comparison,commercial/birds/princess-parrot/vs-quaker-parrot.html,1713,659,41.87,4
birds,quaker-parrot,best-enrichment,commercial/birds/quaker-parrot/best-enrichment.html,1459,614,51.47,3
birds,quaker-parrot,best-food,commercial/birds/quaker-parrot/best-food.html,1458,645,51.66,8
birds,quaker-parrot,best-habitat-size,commercial/birds/quaker-parrot/best-habitat-size.html,1625,722,51.25,3
birds,quaker-parrot,best-insurance,commercial/birds/quaker-parrot/best-insurance.html,1518,632,54.08,3
birds,quaker-parrot,cost-to-own,commercial/birds/quaker-parrot/cost-to-own.html,1696,710,52.92,3
birds,quaker-parrot,first-time-owners,commercial/birds/quaker-parrot/first-time-owners.html,1704,743,52.58,3
birds,quaker-parrot,health-costs,commercial/birds/quaker-parrot/health-costs.html,1671,697,54.04,3
birds,quaker-parrot,comparison,commercial/birds/quaker-parrot/vs-princess-parrot.html,1725,657,42.3,4
birds,quaker-parrot,comparison,commercial/birds/quaker-parrot/vs-red-bellied-parrot.html,1741,654,43.16,4
birds,red-bellied-parrot,best-enrichment,commercial/birds/red-bellied-parrot/best-enrichment.html,1339,610,54.67,3
birds,red-bellied-parrot,best-food,commercial/birds/red-bellied-parrot/best-food.html,1340,639,54.69,8
birds,red-bellied-parrot,best-habitat-size,commercial/birds/red-bellied-parrot/best-habitat-size.html,1485,696,54.6,3
birds,red-bellied-parrot,best-insurance,commercial/birds/red-bellied-parrot/best-insurance.html,1410,625,57.09,3
birds,red-bellied-parrot,cost-to-own,commercial/birds/red-bellied-parrot/cost-to-own.html,1556,681,56.16,3
birds,red-bellied-parrot,first-time-owners,commercial/birds/red-bellied-parrot/first-time-owners.html,1562,716,56.05,3
birds,red-bellied-parrot,health-costs,commercial/birds/red-bellied-parrot/health-costs.html,1537,668,57.19,3
birds,red-bellied-parrot,comparison,commercial/birds/red-bellied-parrot/vs-quaker-parrot.html,1730,656,43.91,4
birds,red-bellied-parrot,comparison,commercial/birds/red-bellied-parrot/vs-red-factor-canary.html,1671,626,42.45,4
birds,red-factor-canary,best-enrichment,commercial/birds/red-factor-canary/best-enrichment.html,1403,612,52.36,3
birds,red-factor-canary,best-food,commercial/birds/red-factor-canary/best-food.html,1408,639,52.59,8
birds,red-factor-canary,best-habitat-size,commercial/birds/red-factor-canary/best-habitat-size.html,1558,697,52.68,3
birds,red-factor-canary,best-insurance,commercial/birds/red-factor-canary/best-insurance.html,1469,628,55.03,3
birds,red-factor-canary,cost-to-own,commercial/birds/red-factor-canary/cost-to-own.html,1625,684,54.19,3
birds,red-factor-canary,first-time-owners,commercial/birds/red-factor-canary/first-time-owners.html,1629,716,53.91,3
birds,red-factor-canary,health-costs,commercial/birds/red-factor-canary/health-costs.html,1603,673,55.37,3
birds,red-factor-canary,comparison,commercial/birds/red-factor-canary/vs-red-bellied-parrot.html,1675,624,43.07,4
birds,red-factor-canary,comparison,commercial/birds/red-factor-canary/vs-red-rumped-parrot.html,1659,632,43.43,4
birds,red-rumped-parrot,best-enrichment,commercial/birds/red-rumped-parrot/best-enrichment.html,1326,598,54.86,3
birds,red-rumped-parrot,best-food,commercial/birds/red-rumped-parrot/best-food.html,1321,633,55.05,8
birds,red-rumped-parrot,best-habitat-size,commercial/birds/red-rumped-parrot/best-habitat-size.html,1454,692,55.47,3
birds,red-rumped-parrot,best-insurance,commercial/birds/red-rumped-parrot/best-insurance.html,1391,619,58.51,3
birds,red-rumped-parrot,cost-to-own,commercial/birds/red-rumped-parrot/cost-to-own.html,1523,679,57.4,3
birds,red-rumped-parrot,first-time-owners,commercial/birds/red-rumped-parrot/first-time-owners.html,1531,713,56.04,3
birds,red-rumped-parrot,health-costs,commercial/birds/red-rumped-parrot/health-costs.html,1502,664,58.72,3
birds,red-rumped-parrot,comparison,commercial/birds/red-rumped-parrot/vs-red-factor-canary.html,1653,632,43.96,4
birds,red-rumped-parrot,comparison,commercial/birds/red-rumped-parrot/vs-roller-canary.html,1615,635,45.78,4
birds,roller-canary,best-enrichment,commercial/birds/roller-canary/best-enrichment.html,1345,614,54.44,3
birds,roller-canary,best-food,commercial/birds/roller-canary/best-food.html,1352,641,54.72,8
birds,roller-canary,best-habitat-size,commercial/birds/roller-canary/best-habitat-size.html,1506,699,54.66,3
birds,roller-canary,best-insurance,commercial/birds/roller-canary/best-insurance.html,1416,630,57.14,3
birds,roller-canary,cost-to-own,commercial/birds/roller-canary/cost-to-own.html,1571,686,56.18,3
birds,roller-canary,first-time-owners,commercial/birds/roller-canary/first-time-owners.html,1577,720,55.98,3
birds,roller-canary,health-costs,commercial/birds/roller-canary/health-costs.html,1552,675,57.28,3
birds,roller-canary,comparison,commercial/birds/roller-canary/vs-red-rumped-parrot.html,1614,636,45.91,4
birds,roller-canary,comparison,commercial/birds/roller-canary/vs-rosellas.html,1614,635,44.72,4
birds,rosellas,best-enrichment,commercial/birds/rosellas/best-enrichment.html,1325,597,53.88,3
birds,rosellas,best-food,commercial/birds/rosellas/best-food.html,1320,633,54.11,8
birds,rosellas,best-habitat-size,commercial/birds/rosellas/best-habitat-size.html,1453,692,54.61,3
birds,rosellas,best-insurance,commercial/birds/rosellas/best-insurance.html,1390,619,57.49,3
birds,rosellas,cost-to-own,commercial/birds/rosellas/cost-to-own.html,1522,679,56.46,3
birds,rosellas,first-time-owners,commercial/birds/rosellas/first-time-owners.html,1530,713,55.22,3
birds,rosellas,health-costs,commercial/birds/rosellas/health-costs.html,1501,664,57.83,3
birds,rosellas,comparison,commercial/birds/rosellas/vs-roller-canary.html,1614,635,45.55,4
birds,rosellas,comparison,commercial/birds/rosellas/vs-scarlet-macaw.html,1633,667,41.72,4
birds,scarlet-macaw,best-enrichment,commercial/birds/scarlet-macaw/best-enrichment.html,1345,619,52.93,3
birds,scarlet-macaw,best-food,commercial/birds/scarlet-macaw/best-food.html,1345,647,53.04,8
birds,scarlet-macaw,best-habitat-size,commercial/birds/scarlet-macaw/best-habitat-size.html,1520,728,52.62,3
birds,scarlet-macaw,best-insurance,commercial/birds/scarlet-macaw/best-insurance.html,1413,634,55.5,3
birds,scarlet-macaw,cost-to-own,commercial/birds/scarlet-macaw/cost-to-own.html,1589,716,54.24,3
birds,scarlet-macaw,first-time-owners,commercial/birds/scarlet-macaw/first-time-owners.html,1604,753,53.59,3
birds,scarlet-macaw,health-costs,commercial/birds/scarlet-macaw/health-costs.html,1570,702,55.26,3
birds,scarlet-macaw,comparison,commercial/birds/scarlet-macaw/vs-rosellas.html,1633,666,42.3,4
birds,scarlet-macaw,comparison,commercial/birds/scarlet-macaw/vs-senegal-parrot.html,1708,691,41.86,4
birds,senegal-parrot,best-enrichment,commercial/birds/senegal-parrot/best-enrichment.html,1343,616,54.8,3
birds,senegal-parrot,best-food,commercial/birds/senegal-parrot/best-food.html,1364,653,54.25,8
birds,senegal-parrot,best-habitat-size,commercial/birds/senegal-parrot/best-habitat-size.html,1532,727,53.95,3
birds,senegal-parrot,best-insurance,commercial/birds/senegal-parrot/best-insurance.html,1442,635,56.51,3
birds,senegal-parrot,cost-to-own,commercial/birds/senegal-parrot/cost-to-own.html,1599,714,55.64,3
birds,senegal-parrot,first-time-owners,commercial/birds/senegal-parrot/first-time-owners.html,1605,748,55.22,3
birds,senegal-parrot,health-costs,commercial/birds/senegal-parrot/health-costs.html,1592,703,56.43,3
birds,senegal-parrot,comparison,commercial/birds/senegal-parrot/vs-scarlet-macaw.html,1708,691,42.75,4
birds,senegal-parrot,comparison,commercial/birds/senegal-parrot/vs-society-finch.html,1686,669,43.7,4
birds,society-finch,best-enrichment,commercial/birds/society-finch/best-enrichment.html,1342,610,53.7,3
birds,society-finch,best-food,commercial/birds/society-finch/best-food.html,1349,638,53.89,8
birds,society-finch,best-habitat-size,commercial/birds/society-finch/best-habitat-size.html,1500,697,54.07,3
birds,society-finch,best-insurance,commercial/birds/society-finch/best-insurance.html,1413,627,56.05,3
birds,society-finch,cost-to-own,commercial/birds/society-finch/cost-to-own.html,1565,685,55.5,3
birds,society-finch,first-time-owners,commercial/birds/society-finch/first-time-owners.html,1571,716,55.2,3
birds,society-finch,health-costs,commercial/birds/society-finch/health-costs.html,1546,672,56.5,3
birds,society-finch,comparison,commercial/birds/society-finch/vs-senegal-parrot.html,1686,668,44.28,4
birds,society-finch,comparison,commercial/birds/society-finch/vs-spice-finch.html,1643,604,45.5,4
birds,spice-finch,best-enrichment,commercial/birds/spice-finch/best-enrichment.html,1342,609,54.79,3
birds,spice-finch,best-food,commercial/birds/spice-finch/best-food.html,1349,637,55.16,8
birds,spice-finch,best-habitat-size,commercial/birds/spice-finch/best-habitat-size.html,1498,694,55.42,3
birds,spice-finch,best-insurance,commercial/birds/spice-finch/best-insurance.html,1413,626,57.21,3
birds,spice-finch,cost-to-own,commercial/birds/spice-finch/cost-to-own.html,1563,682,56.74,3
birds,spice-finch,first-time-owners,commercial/birds/spice-finch/first-time-owners.html,1569,713,56.63,3
birds,spice-finch,health-costs,commercial/birds/spice-finch/health-costs.html,1544,669,57.71,3
birds,spice-finch,comparison,commercial/birds/spice-finch/vs-society-finch.html,1643,603,46.82,4
birds,spice-finch,comparison,commercial/birds/spice-finch/vs-star-finch.html,1643,604,48.18,4
birds,star-finch,best-enrichment,commercial/birds/star-finch/best-enrichment.html,1342,610,55.78,3
birds,star-finch,best-food,commercial/birds/star-finch/best-food.html,1349,638,56.44,8
birds,star-finch,best-habitat-size,commercial/birds/star-finch/best-habitat-size.html,1500,697,56.58,3
birds,star-finch,best-insurance,commercial/birds/star-finch/best-insurance.html,1413,627,58.37,3
birds,star-finch,cost-to-own,commercial/birds/star-finch/cost-to-own.html,1565,685,57.8,3
birds,star-finch,first-time-owners,commercial/birds/star-finch/first-time-owners.html,1571,717,57.61,3
birds,star-finch,health-costs,commercial/birds/star-finch/health-costs.html,1546,672,58.73,3
birds,star-finch,comparison,commercial/birds/star-finch/vs-spice-finch.html,1643,605,49.74,4
birds,star-finch,comparison,commercial/birds/star-finch/vs-sun-conure.html,1656,669,46.28,4
birds,sun-conure,best-enrichment,commercial/birds/sun-conure/best-enrichment.html,1339,613,53.52,3
birds,sun-conure,best-food,commercial/birds/sun-conure/best-food.html,1342,645,53.44,8
birds,sun-conure,best-habitat-size,commercial/birds/sun-conure/best-habitat-size.html,1512,724,52.94,3
birds,sun-conure,best-insurance,commercial/birds/sun-conure/best-insurance.html,1410,631,55.71,3
birds,sun-conure,cost-to-own,commercial/birds/sun-conure/cost-to-own.html,1581,715,54.49,3
birds,sun-conure,first-time-owners,commercial/birds/sun-conure/first-time-owners.html,1587,747,54.52,3
birds,sun-conure,health-costs,commercial/birds/sun-conure/health-costs.html,1562,699,55.46,3
birds,sun-conure,comparison,commercial/birds/sun-conure/vs-star-finch.html,1655,668,47.63,4
birds,sun-conure,comparison,commercial/birds/sun-conure/vs-toucan.html,1599,668,44.5,4
birds,toucan,best-enrichment,commercial/birds/toucan/best-enrichment.html,1280,612,55.69,3
birds,toucan,best-food,commercial/birds/toucan/best-food.html,1283,639,55.81,8
birds,toucan,best-habitat-size,commercial/birds/toucan/best-habitat-size.html,1432,694,55.58,3
birds,toucan,best-insurance,commercial/birds/toucan/best-insurance.html,1356,624,57.87,3
birds,toucan,cost-to-own,commercial/birds/toucan/cost-to-own.html,1501,680,57.16,3
birds,toucan,first-time-owners,commercial/birds/toucan/first-time-owners.html,1509,718,56.93,3
birds,toucan,health-costs,commercial/birds/toucan/health-costs.html,1485,670,58.09,3
birds,toucan,comparison,commercial/birds/toucan/vs-sun-conure.html,1593,668,45.7,4
birds,toucan,comparison,commercial/birds/toucan/vs-umbrella-cockatoo.html,1602,664,43.96,4
birds,umbrella-cockatoo,best-enrichment,commercial/birds/umbrella-cockatoo/best-enrichment.html,1342,611,53.71,3
birds,umbrella-cockatoo,best-food,commercial/birds/umbrella-cockatoo/best-food.html,1342,643,53.79,8
birds,umbrella-cockatoo,best-habitat-size,commercial/birds/umbrella-cockatoo/best-habitat-size.html,1515,725,53.16,3
birds,umbrella-cockatoo,best-insurance,commercial/birds/umbrella-cockatoo/best-insurance.html,1410,627,55.9,3
birds,umbrella-cockatoo,cost-to-own,commercial/birds/umbrella-cockatoo/cost-to-own.html,1584,712,54.71,3
birds,umbrella-cockatoo,first-time-owners,commercial/birds/umbrella-cockatoo/first-time-owners.html,1599,745,54.43,3
birds,umbrella-cockatoo,health-costs,commercial/birds/umbrella-cockatoo/health-costs.html,1565,698,55.63,3
birds,umbrella-cockatoo,comparison,commercial/birds/umbrella-cockatoo/vs-toucan.html,1608,664,45.02,4
birds,umbrella-cockatoo,comparison,commercial/birds/umbrella-cockatoo/vs-zebra-finch.html,1665,668,47.29,4
birds,zebra-finch,best-enrichment,commercial/birds/zebra-finch/best-enrichment.html,1339,612,56.82,3
birds,zebra-finch,best-food,commercial/birds/zebra-finch/best-food.html,1346,640,57.08,8
birds,zebra-finch,best-habitat-size,commercial/birds/zebra-finch/best-habitat-size.html,1498,698,57.12,3
birds,zebra-finch,best-insurance,commercial/birds/zebra-finch/best-insurance.html,1410,629,58.63,3
birds,zebra-finch,cost-to-own,commercial/birds/zebra-finch/cost-to-own.html,1563,686,58.26,3
birds,zebra-finch,first-time-owners,commercial/birds/zebra-finch/first-time-owners.html,1569,717,58.48,3
birds,zebra-finch,health-costs,commercial/birds/zebra-finch/health-costs.html,1544,673,58.97,3
birds,zebra-finch,comparison,commercial/birds/zebra-finch/vs-african-grey.html,1726,673,42.39,4
cats,abyssinian,best-enrichment,commercial/cats/abyssinian/best-enrichment.html,1347,613,37.12,3
cats,abyssinian,best-food,commercial/cats/abyssinian/best-food.html,1363,656,36.83,8
cats,abyssinian,best-habitat-size,commercial/cats/abyssinian/best-habitat-size.html,1543,713,40.26,3
cats,abyssinian,best-insurance,commercial/cats/abyssinian/best-insurance.html,1411,623,45.51,3
cats,abyssinian,cost-to-own,commercial/cats/abyssinian/cost-to-own.html,1595,700,41.14,3
cats,abyssinian,first-time-owners,commercial/cats/abyssinian/first-time-owners.html,1601,734,41.61,3
cats,abyssinian,health-costs,commercial/cats/abyssinian/health-costs.html,1573,680,47.1,3
cats,abyssinian,comparison,commercial/cats/abyssinian/vs-american-bobtail.html,1698,654,27.32,4
cats,abyssinian,comparison,commercial/cats/abyssinian/vs-american-curl.html,1698,665,30.4,4
cats,american-bobtail,best-enrichment,commercial/cats/american-bobtail/best-enrichment.html,1346,614,39.81,3
cats,american-bobtail,best-food,commercial/cats/american-bobtail/best-food.html,1365,656,39.44,8
cats,american-bobtail,best-habitat-size,commercial/cats/american-bobtail/best-habitat-size.html,1545,716,42.33,3
cats,american-bobtail,best-insurance,commercial/cats/american-bobtail/best-insurance.html,1413,623,46.09,3
cats,american-bobtail,cost-to-own,commercial/cats/american-bobtail/cost-to-own.html,1601,701,42.82,3
cats,american-bobtail,first-time-owners,commercial/cats/american-bobtail/first-time-owners.html,1605,734,44.08,3
cats,american-bobtail,health-costs,commercial/cats/american-bobtail/health-costs.html,1572,680,47.68,3
cats,american-bobtail,comparison,commercial/cats/american-bobtail/vs-abyssinian.html,1698,652,29.64,4
cats,american-bobtail,comparison,commercial/cats/american-bobtail/vs-american-curl.html,1714,661,35.18,4
cats,american-curl,best-enrichment,commercial/cats/american-curl/best-enrichment.html,1348,618,41.4,3
cats,american-curl,best-food,commercial/cats/american-curl/best-food.html,1368,657,40.7,8
cats,american-curl,best-habitat-size,commercial/cats/american-curl/best-habitat-size.html,1546,722,43.93,3
cats,american-curl,best-insurance,commercial/cats/american-curl/best-insurance.html,1411,627,47.23,3
cats,american-curl,cost-to-own,commercial/cats/american-curl/cost-to-own.html,1600,704,44.58,3
cats,american-curl,first-time-owners,commercial/cats/american-curl/first-time-owners.html,1604,739,44.98,3
cats,american-curl,health-costs,commercial/cats/american-curl/health-costs.html,1567,683,48.52,3
cats,american-curl,comparison,commercial/cats/american-curl/vs-american-bobtail.html,1714,662,35.96,4
cats,american-curl,comparison,commercial/cats/american-curl/vs-american-shorthair.html,1723,658,36.14,4
cats,american-shorthair,best-enrichment,commercial/cats/american-shorthair/best-enrichment.html,1350,616,43.25,3
cats,american-shorthair,best-food,commercial/cats/american-shorthair/best-food.html,1373,657,42.61,8
cats,american-shorthair,best-habitat-size,commercial/cats/american-shorthair/best-habitat-size.html,1557,719,45.49,3
cats,american-shorthair,best-insurance,commercial/cats/american-shorthair/best-insurance.html,1419,626,48.4,3
cats,american-shorthair,cost-to-own,commercial/cats/american-shorthair/cost-to-own.html,1611,703,46.3,3
cats,american-shorthair,first-time-owners,commercial/cats/american-shorthair/first-time-owners.html,1615,736,46.54,3
cats,american-shorthair,health-costs,commercial/cats/american-shorthair/health-costs.html,1587,680,49.56,3
cats,american-shorthair,comparison,commercial/cats/american-shorthair/vs-american-curl.html,1723,656,39.94,4
cats,american-shorthair,comparison,commercial/cats/american-shorthair/vs-american-wirehair.html,1718,658,37.6,4
cats,american-wirehair,best-enrichment,commercial/cats/american-wirehair/best-enrichment.html,1348,610,45.2,3
cats,american-wirehair,best-food,commercial/cats/american-wirehair/best-food.html,1363,654,44.59,8
cats,american-wirehair,best-habitat-size,commercial/cats/american-wirehair/best-habitat-size.html,1546,719,47.19,3
cats,american-wirehair,best-insurance,commercial/cats/american-wirehair/best-insurance.html,1415,620,49.49,3
cats,american-wirehair,cost-to-own,commercial/cats/american-wirehair/cost-to-own.html,1606,698,47.69,3
cats,american-wirehair,first-time-owners,commercial/cats/american-wirehair/first-time-owners.html,1610,730,47.88,3
cats,american-wirehair,health-costs,commercial/cats/american-wirehair/health-costs.html,1577,678,50.55,3
cats,american-wirehair,comparison,commercial/cats/american-wirehair/vs-american-shorthair.html,1718,659,39.92,4
cats,american-wirehair,comparison,commercial/cats/american-wirehair/vs-arabian-mau.html,1697,656,37.49,4
cats,arabian-mau,best-enrichment,commercial/cats/arabian-mau/best-enrichment.html,1349,614,44.31,3
cats,arabian-mau,best-food,commercial/cats/arabian-mau/best-food.html,1366,651,44.39,8
cats,arabian-mau,best-habitat-size,commercial/cats/arabian-mau/best-habitat-size.html,1539,707,45.83,3
cats,arabian-mau,best-insurance,commercial/cats/arabian-mau/best-insurance.html,1415,625,50.29,3
cats,arabian-mau,cost-to-own,commercial/cats/arabian-mau/cost-to-own.html,1590,697,47.06,3
cats,arabian-mau,first-time-owners,commercial/cats/arabian-mau/first-time-owners.html,1594,729,46.53,3
cats,arabian-mau,health-costs,commercial/cats/arabian-mau/health-costs.html,1559,685,50.76,3
cats,arabian-mau,comparison,commercial/cats/arabian-mau/vs-american-wirehair.html,1698,659,38.59,4
cats,arabian-mau,comparison,commercial/cats/arabian-mau/vs-asian.html,1680,643,36.43,4
cats,asian,best-enrichment,commercial/cats/asian/best-enrichment.html,1346,606,46.26,3
cats,asian,best-food,commercial/cats/asian/best-food.html,1361,646,46.06,8
cats,asian,best-habitat-size,commercial/cats/asian/best-habitat-size.html,1538,701,47.66,3
cats,asian,best-insurance,commercial/cats/asian/best-insurance.html,1413,616,50.16,3
cats,asian,cost-to-own,commercial/cats/asian/cost-to-own.html,1590,690,49.02,3
cats,asian,first-time-owners,commercial/cats/asian/first-time-owners.html,1594,724,48.25,3
cats,asian,health-costs,commercial/cats/asian/health-costs.html,1567,665,50.35,3
cats,asian,comparison,commercial/cats/asian/vs-arabian-mau.html,1679,643,37.34,4
cats,asian,comparison,commercial/cats/asian/vs-balinese.html,1682,651,36.55,4
cats,balinese,best-enrichment,commercial/cats/balinese/best-enrichment.html,1349,618,48.13,3
cats,balinese,best-food,commercial/cats/balinese/best-food.html,1370,660,48.01,8
cats,balinese,best-habitat-size,commercial/cats/balinese/best-habitat-size.html,1549,718,49.13,3
cats,balinese,best-insurance,commercial/cats/balinese/best-insurance.html,1416,625,51.53,3
cats,balinese,cost-to-own,commercial/cats/balinese/cost-to-own.html,1595,703,50.73,3
cats,balinese,first-time-owners,commercial/cats/balinese/first-time-owners.html,1599,740,49.81,3
cats,balinese,health-costs,commercial/cats/balinese/health-costs.html,1572,684,51.53,3
cats,balinese,comparison,commercial/cats/balinese/vs-asian.html,1682,650,37.85,4
cats,balinese,comparison,commercial/cats/balinese/vs-bengal.html,1708,666,37.37,4
cats,bengal,best-enrichment,commercial/cats/bengal/best-enrichment.html,1354,613,49.91,3
cats,bengal,best-food,commercial/cats/bengal/best-food.html,1375,656,49.64,8
cats,bengal,best-habitat-size,commercial/cats/bengal/best-habitat-size.html,1565,716,50.2,3
cats,bengal,best-insurance,commercial/cats/bengal/best-insurance.html,1424,624,52.13,3
cats,bengal,cost-to-own,commercial/cats/bengal/cost-to-own.html,1613,704,51.72,3
cats,bengal,first-time-owners,commercial/cats/bengal/first-time-owners.html,1619,735,50.68,3
cats,bengal,health-costs,commercial/cats/bengal/health-costs.html,1598,680,51.25,3
cats,bengal,comparison,commercial/cats/bengal/vs-balinese.html,1708,666,38.61,4
cats,bengal,comparison,commercial/cats/bengal/vs-birman.html,1712,655,38.12,4
cats,birman,best-enrichment,commercial/cats/birman/best-enrichment.html,1354,615,51.97,3
cats,birman,best-food,commercial/cats/birman/best-food.html,1374,659,51.87,8
cats,birman,best-habitat-size,commercial/cats/birman/best-habitat-size.html,1559,719,52.44,3
cats,birman,best-insurance,commercial/cats/birman/best-insurance.html,1421,627,53.73,3
cats,birman,cost-to-own,commercial/cats/birman/cost-to-own.html,1609,702,54.04,3
cats,birman,first-time-owners,commercial/cats/birman/first-time-owners.html,1613,734,52.79,3
cats,birman,health-costs,commercial/cats/birman/health-costs.html,1588,681,53.15,3
cats,birman,comparison,commercial/cats/birman/vs-bengal.html,1712,654,39.31,4
cats,birman,comparison,commercial/cats/birman/vs-bombay.html,1716,668,39.29,4
cats,bombay,best-enrichment,commercial/cats/bombay/best-enrichment.html,1361,620,53.2,3
cats,bombay,best-food,commercial/cats/bombay/best-food.html,1383,665,53.19,8
cats,bombay,best-habitat-size,commercial/cats/bombay/best-habitat-size.html,1568,725,53.39,3
cats,bombay,best-insurance,commercial/cats/bombay/best-insurance.html,1428,633,54.42,3
cats,bombay,cost-to-own,commercial/cats/bombay/cost-to-own.html,1614,712,55.24,3
cats,bombay,first-time-owners,commercial/cats/bombay/first-time-owners.html,1622,747,53.81,3
cats,bombay,health-costs,commercial/cats/bombay/health-costs.html,1597,690,53.26,3
cats,bombay,comparison,commercial/cats/bombay/vs-birman.html,1716,670,40.53,4
cats,bombay,comparison,commercial/cats/bombay/vs-british-longhair.html,1720,677,37.92,4
cats,british-longhair,best-enrichment,commercial/cats/british-longhair/best-enrichment.html,1352,616,51.28,3
cats,british-longhair,best-food,commercial/cats/british-longhair/best-food.html,1373,661,51.42,8
cats,british-longhair,best-habitat-size,commercial/cats/british-longhair/best-habitat-size.html,1552,720,51.96,3
cats,british-longhair,best-insurance,commercial/cats/british-longhair/best-insurance.html,1415,621,52.84,3
cats,british-longhair,cost-to-own,commercial/cats/british-longhair/cost-to-own.html,1602,702,53.38,3
cats,british-longhair,first-time-owners,commercial/cats/british-longhair/first-time-owners.html,1610,738,51.72,3
cats,british-longhair,health-costs,commercial/cats/british-longhair/health-costs.html,1582,679,52.4,3
cats,british-longhair,comparison,commercial/cats/british-longhair/vs-bombay.html,1721,676,38.39,4
cats,british-longhair,comparison,commercial/cats/british-longhair/vs-british-shorthair.html,1727,652,36.13,4
cats,british-shorthair,best-enrichment,commercial/cats/british-shorthair/best-enrichment.html,1357,613,52.15,3
cats,british-shorthair,best-food,commercial/cats/british-shorthair/best-food.html,1377,655,52.25,8
cats,british-shorthair,best-habitat-size,commercial/cats/british-shorthair/best-habitat-size.html,1562,719,52.51,3
cats,british-shorthair,best-insurance,commercial/cats/british-shorthair/best-insurance.html,1418,621,53.87,3
cats,british-shorthair,cost-to-own,commercial/cats/british-shorthair/cost-to-own.html,1618,703,54.13,3
cats,british-shorthair,first-time-owners,commercial/cats/british-shorthair/first-time-owners.html,1626,735,52.65,3
cats,british-shorthair,health-costs,commercial/cats/british-shorthair/health-costs.html,1589,679,53.05,3
cats,british-shorthair,comparison,commercial/cats/british-shorthair/vs-british-longhair.html,1726,653,38.07,4
cats,british-shorthair,comparison,commercial/cats/british-shorthair/vs-burmese.html,1722,662,38.45,4
cats,burmese,best-enrichment,commercial/cats/burmese/best-enrichment.html,1349,611,52.75,3
cats,burmese,best-food,commercial/cats/burmese/best-food.html,1372,655,53.03,8
cats,burmese,best-habitat-size,commercial/cats/burmese/best-habitat-size.html,1555,718,53.42,3
cats,burmese,best-insurance,commercial/cats/burmese/best-insurance.html,1418,627,54.54,3
cats,burmese,cost-to-own,commercial/cats/burmese/cost-to-own.html,1601,705,55.23,3
cats,burmese,first-time-owners,commercial/cats/burmese/first-time-owners.html,1605,735,53.79,3
cats,burmese,health-costs,commercial/cats/burmese/health-costs.html,1578,682,53.92,3
cats,burmese,comparison,commercial/cats/burmese/vs-british-shorthair.html,1722,663,38.71,4
cats,burmese,comparison,commercial/cats/burmese/vs-burmilla.html,1709,658,38.11,4
cats,burmilla,best-enrichment,commercial/cats/burmilla/best-enrichment.html,1342,609,54,3
cats,burmilla,best-food,commercial/cats/burmilla/best-food.html,1363,656,53.71,8
cats,burmilla,best-habitat-size,commercial/cats/burmilla/best-habitat-size.html,1542,714,54.05,3
cats,burmilla,best-insurance,commercial/cats/burmilla/best-insurance.html,1431,624,54.13,3
cats,burmilla,cost-to-own,commercial/cats/burmilla/cost-to-own.html,1602,698,55.62,3
cats,burmilla,first-time-owners,commercial/cats/burmilla/first-time-owners.html,1606,733,54.19,3
cats,burmilla,health-costs,commercial/cats/burmilla/health-costs.html,1602,677,53.36,3
cats,burmilla,comparison,commercial/cats/burmilla/vs-burmese.html,1709,656,38.86,4
cats,burmilla,comparison,commercial/cats/burmilla/vs-chartreux.html,1714,663,38,4
cats,chartreux,best-enrichment,commercial/cats/chartreux/best-enrichment.html,1355,615,53.85,3
cats,chartreux,best-food,commercial/cats/chartreux/best-food.html,1376,657,53.58,8
cats,chartreux,best-habitat-size,commercial/cats/chartreux/best-habitat-size.html,1562,721,53.87,3
cats,chartreux,best-insurance,commercial/cats/chartreux/best-insurance.html,1422,628,54.78,3
cats,chartreux,cost-to-own,commercial/cats/chartreux/cost-to-own.html,1610,706,55.81,3
cats,chartreux,first-time-owners,commercial/cats/chartreux/first-time-owners.html,1614,738,54.15,3
cats,chartreux,health-costs,commercial/cats/chartreux/health-costs.html,1587,683,53.73,3
cats,chartreux,comparison,commercial/cats/chartreux/vs-burmilla.html,1714,664,38.9,4
cats,chartreux,comparison,commercial/cats/chartreux/vs-chausie.html,1713,669,37.44,4
cats,chausie,best-enrichment,commercial/cats/chausie/best-enrichment.html,1351,608,54.35,3
cats,chausie,best-food,commercial/cats/chausie/best-food.html,1370,652,53.66,8
cats,chausie,best-habitat-size,commercial/cats/chausie/best-habitat-size.html,1560,712,53.91,3
cats,chausie,best-insurance,commercial/cats/chausie/best-insurance.html,1425,621,54.74,3
cats,chausie,cost-to-own,commercial/cats/chausie/cost-to-own.html,1612,702,55.77,3
cats,chausie,first-time-owners,commercial/cats/chausie/first-time-owners.html,1618,736,54.26,3
cats,chausie,health-costs,commercial/cats/chausie/health-costs.html,1601,680,53.59,3
cats,chausie,comparison,commercial/cats/chausie/vs-chartreux.html,1712,670,38.29,4
cats,chausie,comparison,commercial/cats/chausie/vs-cheetoh.html,1641,655,37.81,4
cats,cheetoh,best-enrichment,commercial/cats/cheetoh/best-enrichment.html,1283,612,52.7,3
cats,cheetoh,best-food,commercial/cats/cheetoh/best-food.html,1300,653,53.06,8
cats,cheetoh,best-habitat-size,commercial/cats/cheetoh/best-habitat-size.html,1468,711,52.98,3
cats,cheetoh,best-insurance,commercial/cats/cheetoh/best-insurance.html,1356,626,53.46,3
cats,cheetoh,cost-to-own,commercial/cats/cheetoh/cost-to-own.html,1518,699,54.81,3
cats,cheetoh,first-time-owners,commercial/cats/cheetoh/first-time-owners.html,1524,738,53.41,3
cats,cheetoh,health-costs,commercial/cats/cheetoh/health-costs.html,1493,686,52.27,3
cats,cheetoh,comparison,commercial/cats/cheetoh/vs-chausie.html,1634,657,39.45,4
cats,cheetoh,comparison,commercial/cats/cheetoh/vs-chinchilla.html,1629,649,36.86,4
cats,chinchilla,best-enrichment,commercial/cats/chinchilla/best-enrichment.html,1349,607,51.41,3
cats,chinchilla,best-food,commercial/cats/chinchilla/best-food.html,1368,646,51.69,8
cats,chinchilla,best-habitat-size,commercial/cats/chinchilla/best-habitat-size.html,1546,708,52.14,3
cats,chinchilla,best-insurance,commercial/cats/chinchilla/best-insurance.html,1416,618,52.49,3
cats,chinchilla,cost-to-own,commercial/cats/chinchilla/cost-to-own.html,1599,695,53.6,3
cats,chinchilla,first-time-owners,commercial/cats/chinchilla/first-time-owners.html,1603,725,52.2,3
cats,chinchilla,health-costs,commercial/cats/chinchilla/health-costs.html,1573,670,52.16,3
cats,chinchilla,comparison,commercial/cats/chinchilla/vs-cheetoh.html,1637,651,37.23,4
cats,chinchilla,comparison,commercial/cats/chinchilla/vs-colorpoint-shorthair.html,1698,654,36.81,4
cats,colorpoint-shorthair,best-enrichment,commercial/cats/colorpoint-shorthair/best-enrichment.html,1347,618,51.96,3
cats,colorpoint-shorthair,best-food,commercial/cats/colorpoint-shorthair/best-food.html,1368,658,52.06,8
cats,colorpoint-shorthair,best-habitat-size,commercial/cats/colorpoint-shorthair/best-habitat-size.html,1546,717,52.23,3
cats,colorpoint-shorthair,best-insurance,commercial/cats/colorpoint-shorthair/best-insurance.html,1414,625,53.53,3
cats,colorpoint-shorthair,cost-to-own,commercial/cats/colorpoint-shorthair/cost-to-own.html,1592,705,54.08,3
cats,colorpoint-shorthair,first-time-owners,commercial/cats/colorpoint-shorthair/first-time-owners.html,1596,740,52.64,3
cats,colorpoint-shorthair,health-costs,commercial/cats/colorpoint-shorthair/health-costs.html,1569,683,52.87,3
cats,colorpoint-shorthair,comparison,commercial/cats/colorpoint-shorthair/vs-chinchilla.html,1698,654,37.35,4
cats,colorpoint-shorthair,comparison,commercial/cats/colorpoint-shorthair/vs-cornish-rex.html,1709,664,37.43,4
cats,cornish-rex,best-enrichment,commercial/cats/cornish-rex/best-enrichment.html,1360,621,51.32,3
cats,cornish-rex,best-food,commercial/cats/cornish-rex/best-food.html,1381,661,51.46,8
cats,cornish-rex,best-habitat-size,commercial/cats/cornish-rex/best-habitat-size.html,1570,721,51.88,3
cats,cornish-rex,best-insurance,commercial/cats/cornish-rex/best-insurance.html,1424,628,53.03,3
cats,cornish-rex,cost-to-own,commercial/cats/cornish-rex/cost-to-own.html,1616,709,53.61,3
cats,cornish-rex,first-time-owners,commercial/cats/cornish-rex/first-time-owners.html,1622,743,52.2,3
cats,cornish-rex,health-costs,commercial/cats/cornish-rex/health-costs.html,1592,689,52.39,3
cats,cornish-rex,comparison,commercial/cats/cornish-rex/vs-colorpoint-shorthair.html,1709,663,38.68,4
cats,cornish-rex,comparison,commercial/cats/cornish-rex/vs-cymric.html,1713,669,37.44,4
cats,cymric,best-enrichment,commercial/cats/cymric/best-enrichment.html,1346,611,53.25,3
cats,cymric,best-food,commercial/cats/cymric/best-food.html,1361,654,53.3,8
cats,cymric,best-habitat-size,commercial/cats/cymric/best-habitat-size.html,1542,715,53.68,3
cats,cymric,best-insurance,commercial/cats/cymric/best-insurance.html,1413,624,53.83,3
cats,cymric,cost-to-own,commercial/cats/cymric/cost-to-own.html,1602,699,55.08,3
cats,cymric,first-time-owners,commercial/cats/cymric/first-time-owners.html,1606,732,53.8,3
cats,cymric,health-costs,commercial/cats/cymric/health-costs.html,1573,678,53.33,3
cats,cymric,comparison,commercial/cats/cymric/vs-cornish-rex.html,1714,668,37.54,4
cats,cymric,comparison,commercial/cats/cymric/vs-devon-rex.html,1730,670,37.76,4
cats,devon-rex,best-enrichment,commercial/cats/devon-rex/best-enrichment.html,1359,621,52.01,3
cats,devon-rex,best-food,commercial/cats/devon-rex/best-food.html,1384,661,52.2,8
cats,devon-rex,best-habitat-size,commercial/cats/devon-rex/best-habitat-size.html,1574,721,52.52,3
cats,devon-rex,best-insurance,commercial/cats/devon-rex/best-insurance.html,1433,629,53.3,3
cats,devon-rex,cost-to-own,commercial/cats/devon-rex/cost-to-own.html,1626,710,54.05,3
cats,devon-rex,first-time-owners,commercial/cats/devon-rex/first-time-owners.html,1632,741,52.71,3
cats,devon-rex,health-costs,commercial/cats/devon-rex/health-costs.html,1609,687,52.86,3
cats,devon-rex,comparison,commercial/cats/devon-rex/vs-cymric.html,1729,671,38.64,4
cats,devon-rex,comparison,commercial/cats/devon-rex/vs-domestic-longhair.html,1729,654,38.73,4
cats,domestic-longhair,best-enrichment,commercial/cats/domestic-longhair/best-enrichment.html,1346,605,51.77,3
cats,domestic-longhair,best-food,commercial/cats/domestic-longhair/best-food.html,1361,642,51.82,8
cats,domestic-longhair,best-habitat-size,commercial/cats/domestic-longhair/best-habitat-size.html,1536,702,52.11,3
cats,domestic-longhair,best-insurance,commercial/cats/domestic-longhair/best-insurance.html,1411,615,53.36,3
cats,domestic-longhair,cost-to-own,commercial/cats/domestic-longhair/cost-to-own.html,1596,687,53.66,3
cats,domestic-longhair,first-time-owners,commercial/cats/domestic-longhair/first-time-owners.html,1603,720,52.16,3
cats,domestic-longhair,health-costs,commercial/cats/domestic-longhair/health-costs.html,1567,662,53.07,3
cats,domestic-longhair,comparison,commercial/cats/domestic-longhair/vs-devon-rex.html,1730,653,39.32,4
cats,domestic-longhair,comparison,commercial/cats/domestic-longhair/vs-domestic-shorthair.html,1688,607,38.24,4
cats,domestic-shorthair,best-enrichment,commercial/cats/domestic-shorthair/best-enrichment.html,1345,604,53.51,3
cats,domestic-shorthair,best-food,commercial/cats/domestic-shorthair/best-food.html,1360,641,53.52,8
cats,domestic-shorthair,best-habitat-size,commercial/cats/domestic-shorthair/best-habitat-size.html,1531,701,53.96,3
cats,domestic-shorthair,best-insurance,commercial/cats/domestic-shorthair/best-insurance.html,1410,615,54.85,3
cats,domestic-shorthair,cost-to-own,commercial/cats/domestic-shorthair/cost-to-own.html,1585,686,55.52,3
cats,domestic-shorthair,first-time-owners,commercial/cats/domestic-shorthair/first-time-owners.html,1592,720,54.24,3
cats,domestic-shorthair,health-costs,commercial/cats/domestic-shorthair/health-costs.html,1562,662,54.75,3
cats,domestic-shorthair,comparison,commercial/cats/domestic-shorthair/vs-domestic-longhair.html,1686,606,40.05,4
cats,domestic-shorthair,comparison,commercial/cats/domestic-shorthair/vs-donskoy.html,1647,620,39.31,4
cats,donskoy,best-enrichment,commercial/cats/donskoy/best-enrichment.html,1293,608,53.54,3
cats,donskoy,best-food,commercial/cats/donskoy/best-food.html,1310,646,54.08,8
cats,donskoy,best-habitat-size,commercial/cats/donskoy/best-habitat-size.html,1489,704,54.07,3
cats,donskoy,best-insurance,commercial/cats/donskoy/best-insurance.html,1359,618,56.31,3
cats,donskoy,cost-to-own,commercial/cats/donskoy/cost-to-own.html,1545,694,55.52,3
cats,donskoy,first-time-owners,commercial/cats/donskoy/first-time-owners.html,1555,725,53.69,3
cats,donskoy,health-costs,commercial/cats/donskoy/health-costs.html,1517,667,55.54,3
cats,donskoy,comparison,commercial/cats/donskoy/vs-domestic-shorthair.html,1640,622,40.07,4
cats,donskoy,comparison,commercial/cats/donskoy/vs-egyptian-mau.html,1668,655,37.74,4
cats,egyptian-mau,best-enrichment,commercial/cats/egyptian-mau/best-enrichment.html,1360,619,51.79,3
cats,egyptian-mau,best-food,commercial/cats/egyptian-mau/best-food.html,1381,655,52.11,8
cats,egyptian-mau,best-habitat-size,commercial/cats/egyptian-mau/best-habitat-size.html,1572,719,52.03,3
cats,egyptian-mau,best-insurance,commercial/cats/egyptian-mau/best-insurance.html,1424,623,54.11,3
cats,egyptian-mau,cost-to-own,commercial/cats/egyptian-mau/cost-to-own.html,1618,709,53.75,3
cats,egyptian-mau,first-time-owners,commercial/cats/egyptian-mau/first-time-owners.html,1624,743,52.52,3
cats,egyptian-mau,health-costs,commercial/cats/egyptian-mau/health-costs.html,1594,686,53.54,3
cats,egyptian-mau,comparison,commercial/cats/egyptian-mau/vs-donskoy.html,1676,656,38.57,4
cats,egyptian-mau,comparison,commercial/cats/egyptian-mau/vs-european-burmese.html,1712,660,37.55,4
cats,european-burmese,best-enrichment,commercial/cats/european-burmese/best-enrichment.html,1348,616,51.4,3
cats,european-burmese,best-food,commercial/cats/european-burmese/best-food.html,1371,656,52.02,8
cats,european-burmese,best-habitat-size,commercial/cats/european-burmese/best-habitat-size.html,1551,718,52.53,3
cats,european-burmese,best-insurance,commercial/cats/european-burmese/best-insurance.html,1417,624,54.14,3
cats,european-burmese,cost-to-own,commercial/cats/european-burmese/cost-to-own.html,1597,707,54.13,3
cats,european-burmese,first-time-owners,commercial/cats/european-burmese/first-time-owners.html,1601,740,52.95,3
cats,european-burmese,health-costs,commercial/cats/european-burmese/health-costs.html,1574,682,54.14,3
cats,european-burmese,comparison,commercial/cats/european-burmese/vs-egyptian-mau.html,1713,660,38.74,4
cats,european-burmese,comparison,commercial/cats/european-burmese/vs-european-shorthair.html,1677,657,38.57,4
cats,european-shorthair,best-enrichment,commercial/cats/european-shorthair/best-enrichment.html,1345,603,52.93,3
cats,european-shorthair,best-food,commercial/cats/european-shorthair/best-food.html,1358,644,52.59,8
cats,european-shorthair,best-habitat-size,commercial/cats/european-shorthair/best-habitat-size.html,1525,707,52.79,3
cats,european-shorthair,best-insurance,commercial/cats/european-shorthair/best-insurance.html,1411,618,53.15,3
cats,european-shorthair,cost-to-own,commercial/cats/european-shorthair/cost-to-own.html,1579,691,54.64,3
cats,european-shorthair,first-time-owners,commercial/cats/european-shorthair/first-time-owners.html,1583,726,53.19,3
cats,european-shorthair,health-costs,commercial/cats/european-shorthair/health-costs.html,1551,676,52.22,3
cats,european-shorthair,comparison,commercial/cats/european-shorthair/vs-european-burmese.html,1678,655,39.95,4
cats,european-shorthair,comparison,commercial/cats/european-shorthair/vs-exotic-shorthair.html,1690,654,37.74,4
cats,exotic-shorthair,best-enrichment,commercial/cats/exotic-shorthair/best-enrichment.html,1360,615,52.1,3
cats,exotic-shorthair,best-food,commercial/cats/exotic-shorthair/best-food.html,1380,659,52.46,8
cats,exotic-shorthair,best-habitat-size,commercial/cats/exotic-shorthair/best-habitat-size.html,1564,725,52.6,3
cats,exotic-shorthair,best-insurance,commercial/cats/exotic-shorthair/best-insurance.html,1417,622,53.86,3
cats,exotic-shorthair,cost-to-own,commercial/cats/exotic-shorthair/cost-to-own.html,1612,706,54.33,3
cats,exotic-shorthair,first-time-owners,commercial/cats/exotic-shorthair/first-time-owners.html,1620,741,52.47,3
cats,exotic-shorthair,health-costs,commercial/cats/exotic-shorthair/health-costs.html,1583,684,52.26,3
cats,exotic-shorthair,comparison,commercial/cats/exotic-shorthair/vs-european-shorthair.html,1689,656,38.42,4
cats,exotic-shorthair,comparison,commercial/cats/exotic-shorthair/vs-havana-brown.html,1723,665,37.61,4
cats,havana-brown,best-enrichment,commercial/cats/havana-brown/best-enrichment.html,1361,618,51.42,3
cats,havana-brown,best-food,commercial/cats/havana-brown/best-food.html,1382,662,51.82,8
cats,havana-brown,best-habitat-size,commercial/cats/havana-brown/best-habitat-size.html,1567,721,52.06,3
cats,havana-brown,best-insurance,commercial/cats/havana-brown/best-insurance.html,1424,627,52.72,3
cats,havana-brown,cost-to-own,commercial/cats/havana-brown/cost-to-own.html,1613,710,53.85,3
cats,havana-brown,first-time-owners,commercial/cats/havana-brown/first-time-owners.html,1621,744,52.29,3
cats,havana-brown,health-costs,commercial/cats/havana-brown/health-costs.html,1592,686,51.48,3
cats,havana-brown,comparison,commercial/cats/havana-brown/vs-exotic-shorthair.html,1723,664,38.52,4
cats,havana-brown,comparison,commercial/cats/havana-brown/vs-highlander.html,1696,654,38.52,4
cats,highlander,best-enrichment,commercial/cats/highlander/best-enrichment.html,1346,605,52.26,3
cats,highlander,best-food,commercial/cats/highlander/best-food.html,1361,646,52.31,8
cats,highlander,best-habitat-size,commercial/cats/highlander/best-habitat-size.html,1538,701,52.82,3
cats,highlander,best-insurance,commercial/cats/highlander/best-insurance.html,1413,616,54.64,3
cats,highlander,cost-to-own,commercial/cats/highlander/cost-to-own.html,1590,691,54.53,3
cats,highlander,first-time-owners,commercial/cats/highlander/first-time-owners.html,1594,724,53.23,3
cats,highlander,health-costs,commercial/cats/highlander/health-costs.html,1567,667,54.29,3
cats,highlander,comparison,commercial/cats/highlander/vs-havana-brown.html,1696,653,38.74,4
cats,highlander,comparison,commercial/cats/highlander/vs-himalayan.html,1693,657,36.72,4
cats,himalayan,best-enrichment,commercial/cats/himalayan/best-enrichment.html,1348,616,51.68,3
cats,himalayan,best-food,commercial/cats/himalayan/best-food.html,1371,662,51.65,8
cats,himalayan,best-habitat-size,commercial/cats/himalayan/best-habitat-size.html,1552,727,51.95,3
cats,himalayan,best-insurance,commercial/cats/himalayan/best-insurance.html,1417,628,53.08,3
cats,himalayan,cost-to-own,commercial/cats/himalayan/cost-to-own.html,1603,713,53.51,3
cats,himalayan,first-time-owners,commercial/cats/himalayan/first-time-owners.html,1607,748,51.96,3
cats,himalayan,health-costs,commercial/cats/himalayan/health-costs.html,1582,690,52.01,3
cats,himalayan,comparison,commercial/cats/himalayan/vs-highlander.html,1694,658,37.53,4
cats,himalayan,comparison,commercial/cats/himalayan/vs-japanese-bobtail.html,1729,668,36.15,4
cats,japanese-bobtail,best-enrichment,commercial/cats/japanese-bobtail/best-enrichment.html,1357,617,51.44,3
cats,japanese-bobtail,best-food,commercial/cats/japanese-bobtail/best-food.html,1377,658,51.17,8
cats,japanese-bobtail,best-habitat-size,commercial/cats/japanese-bobtail/best-habitat-size.html,1565,719,51.7,3
cats,japanese-bobtail,best-insurance,commercial/cats/japanese-bobtail/best-insurance.html,1417,625,51.97,3
cats,japanese-bobtail,cost-to-own,commercial/cats/japanese-bobtail/cost-to-own.html,1617,703,53.05,3
cats,japanese-bobtail,first-time-owners,commercial/cats/japanese-bobtail/first-time-owners.html,1623,735,51.52,3
cats,japanese-bobtail,health-costs,commercial/cats/japanese-bobtail/health-costs.html,1583,680,50.92,3
cats,japanese-bobtail,comparison,commercial/cats/japanese-bobtail/vs-himalayan.html,1728,667,37.26,4
cats,japanese-bobtail,comparison,commercial/cats/japanese-bobtail/vs-javanese.html,1715,654,37.37,4
cats,javanese,best-enrichment,commercial/cats/javanese/best-enrichment.html,1347,614,52.64,3
cats,javanese,best-food,commercial/cats/javanese/best-food.html,1368,658,52.58,8
cats,javanese,best-habitat-size,commercial/cats/javanese/best-habitat-size.html,1545,717,53.08,3
cats,javanese,best-insurance,commercial/cats/javanese/best-insurance.html,1414,623,54.35,3
cats,javanese,cost-to-own,commercial/cats/javanese/cost-to-own.html,1591,703,54.55,3
cats,javanese,first-time-owners,commercial/cats/javanese/first-time-owners.html,1595,738,53.05,3
cats,javanese,health-costs,commercial/cats/javanese/health-costs.html,1568,682,53.98,3
cats,javanese,comparison,commercial/cats/javanese/vs-japanese-bobtail.html,1716,656,38.04,4
cats,javanese,comparison,commercial/cats/javanese/vs-khao-manee.html,1737,666,37.9,4
cats,khao-manee,best-enrichment,commercial/cats/khao-manee/best-enrichment.html,1409,615,51.41,3
cats,khao-manee,best-food,commercial/cats/khao-manee/best-food.html,1425,660,51,8
cats,khao-manee,best-habitat-size,commercial/cats/khao-manee/best-habitat-size.html,1611,717,51.93,3
cats,khao-manee,best-insurance,commercial/cats/khao-manee/best-insurance.html,1489,629,51.68,3
cats,khao-manee,cost-to-own,commercial/cats/khao-manee/cost-to-own.html,1665,704,53.47,3
cats,khao-manee,first-time-owners,commercial/cats/khao-manee/first-time-owners.html,1667,740,52.32,3
cats,khao-manee,health-costs,commercial/cats/khao-manee/health-costs.html,1663,684,51.42,3
cats,khao-manee,comparison,commercial/cats/khao-manee/vs-javanese.html,1745,665,39.18,4
cats,khao-manee,comparison,commercial/cats/khao-manee/vs-korat.html,1765,667,39.66,4
cats,korat,best-enrichment,commercial/cats/korat/best-enrichment.html,1358,619,52.92,3
cats,korat,best-food,commercial/cats/korat/best-food.html,1379,662,52.97,8
cats,korat,best-habitat-size,commercial/cats/korat/best-habitat-size.html,1568,722,53.16,3
cats,korat,best-insurance,commercial/cats/korat/best-insurance.html,1419,629,54.94,3
cats,korat,cost-to-own,commercial/cats/korat/cost-to-own.html,1614,711,54.8,3
cats,korat,first-time-owners,commercial/cats/korat/first-time-owners.html,1622,744,53.36,3
cats,korat,health-costs,commercial/cats/korat/health-costs.html,1589,690,53.89,3
cats,korat,comparison,commercial/cats/korat/vs-khao-manee.html,1757,668,40.21,4
cats,korat,comparison,commercial/cats/korat/vs-kurilian-bobtail.html,1723,677,38.2,4
cats,kurilian-bobtail,best-enrichment,commercial/cats/kurilian-bobtail/best-enrichment.html,1351,612,51.83,3
cats,kurilian-bobtail,best-food,commercial/cats/kurilian-bobtail/best-food.html,1368,654,51.72,8
cats,kurilian-bobtail,best-habitat-size,commercial/cats/kurilian-bobtail/best-habitat-size.html,1539,715,51.96,3
cats,kurilian-bobtail,best-insurance,commercial/cats/kurilian-bobtail/best-insurance.html,1411,626,52.9,3
cats,kurilian-bobtail,cost-to-own,commercial/cats/kurilian-bobtail/cost-to-own.html,1593,702,53.43,3
cats,kurilian-bobtail,first-time-owners,commercial/cats/kurilian-bobtail/first-time-owners.html,1601,737,51.97,3
cats,kurilian-bobtail,health-costs,commercial/cats/kurilian-bobtail/health-costs.html,1557,687,51.79,3
cats,kurilian-bobtail,comparison,commercial/cats/kurilian-bobtail/vs-korat.html,1722,675,39.48,4
cats,kurilian-bobtail,comparison,commercial/cats/kurilian-bobtail/vs-laperm.html,1659,651,37.68,4
cats,laperm,best-enrichment,commercial/cats/laperm/best-enrichment.html,1291,606,52.96,3
cats,laperm,best-food,commercial/cats/laperm/best-food.html,1312,645,53.04,8
cats,laperm,best-habitat-size,commercial/cats/laperm/best-habitat-size.html,1489,706,53.18,3
cats,laperm,best-insurance,commercial/cats/laperm/best-insurance.html,1363,618,54.49,3
cats,laperm,cost-to-own,commercial/cats/laperm/cost-to-own.html,1537,694,55.3,3
cats,laperm,first-time-owners,commercial/cats/laperm/first-time-owners.html,1543,723,53.93,3
cats,laperm,health-costs,commercial/cats/laperm/health-costs.html,1517,668,53.96,3
cats,laperm,comparison,commercial/cats/laperm/vs-kurilian-bobtail.html,1651,650,38.2,4
cats,laperm,comparison,commercial/cats/laperm/vs-lykoi.html,1657,651,37.5,4
cats,lykoi,best-enrichment,commercial/cats/lykoi/best-enrichment.html,1348,613,53.72,3
cats,lykoi,best-food,commercial/cats/lykoi/best-food.html,1367,656,53.34,8
cats,lykoi,best-habitat-size,commercial/cats/lykoi/best-habitat-size.html,1554,721,53.43,3
cats,lykoi,best-insurance,commercial/cats/lykoi/best-insurance.html,1415,625,54.27,3
cats,lykoi,cost-to-own,commercial/cats/lykoi/cost-to-own.html,1608,710,54.77,3
cats,lykoi,first-time-owners,commercial/cats/lykoi/first-time-owners.html,1612,739,53.43,3
cats,lykoi,health-costs,commercial/cats/lykoi/health-costs.html,1579,682,52.7,3
cats,lykoi,comparison,commercial/cats/lykoi/vs-laperm.html,1664,654,38.48,4
cats,lykoi,comparison,commercial/cats/lykoi/vs-maine-coon.html,1717,668,37.45,4
cats,maine-coon,best-enrichment,commercial/cats/maine-coon/best-enrichment.html,1354,612,51.91,3
cats,maine-coon,best-food,commercial/cats/maine-coon/best-food.html,1371,654,51.76,8
cats,maine-coon,best-habitat-size,commercial/cats/maine-coon/best-habitat-size.html,1560,716,51.84,3
cats,maine-coon,best-insurance,commercial/cats/maine-coon/best-insurance.html,1423,627,52.43,3
cats,maine-coon,cost-to-own,commercial/cats/maine-coon/cost-to-own.html,1612,705,53.15,3
cats,maine-coon,first-time-owners,commercial/cats/maine-coon/first-time-owners.html,1620,740,52.15,3
cats,maine-coon,health-costs,commercial/cats/maine-coon/health-costs.html,1598,681,51.27,3
cats,maine-coon,comparison,commercial/cats/maine-coon/vs-lykoi.html,1718,666,38.11,4
cats,maine-coon,comparison,commercial/cats/maine-coon/vs-manx.html,1651,653,38.47,4
cats,manx,best-enrichment,commercial/cats/manx/best-enrichment.html,1287,609,53.4,3
cats,manx,best-food,commercial/cats/manx/best-food.html,1304,646,53.4,8
cats,manx,best-habitat-size,commercial/cats/manx/best-habitat-size.html,1481,710,53.69,3
cats,manx,best-insurance,commercial/cats/manx/best-insurance.html,1359,618,55.11,3
cats,manx,cost-to-own,commercial/cats/manx/cost-to-own.html,1533,695,55.72,3
cats,manx,first-time-owners,commercial/cats/manx/first-time-owners.html,1539,727,54.08,3
cats,manx,health-costs,commercial/cats/manx/health-costs.html,1513,670,54.86,3
cats,manx,comparison,commercial/cats/manx/vs-maine-coon.html,1643,654,39.23,4
cats,manx,comparison,commercial/cats/manx/vs-minuet.html,1642,650,38.25,4
cats,minuet,best-enrichment,commercial/cats/minuet/best-enrichment.html,1349,613,51.79,3
cats,minuet,best-food,commercial/cats/minuet/best-food.html,1366,652,51.91,8
cats,minuet,best-habitat-size,commercial/cats/minuet/best-habitat-size.html,1541,717,51.38,3
cats,minuet,best-insurance,commercial/cats/minuet/best-insurance.html,1415,627,52.56,3
cats,minuet,cost-to-own,commercial/cats/minuet/cost-to-own.html,1597,699,53.03,3
cats,minuet,first-time-owners,commercial/cats/minuet/first-time-owners.html,1601,734,51.8,3
cats,minuet,health-costs,commercial/cats/minuet/health-costs.html,1563,686,51.36,3
cats,minuet,comparison,commercial/cats/minuet/vs-manx.html,1650,648,39.23,4
cats,minuet,comparison,commercial/cats/minuet/vs-munchkin.html,1728,661,38.14,4
cats,munchkin,best-enrichment,commercial/cats/munchkin/best-enrichment.html,1351,611,53.82,3
cats,munchkin,best-food,commercial/cats/munchkin/best-food.html,1372,654,53.7,8
cats,munchkin,best-habitat-size,commercial/cats/munchkin/best-habitat-size.html,1555,716,53.8,3
cats,munchkin,best-insurance,commercial/cats/munchkin/best-insurance.html,1414,622,54.34,3
cats,munchkin,cost-to-own,commercial/cats/munchkin/cost-to-own.html,1612,704,54.98,3
cats,munchkin,first-time-owners,commercial/cats/munchkin/first-time-owners.html,1620,736,53.6,3
cats,munchkin,health-costs,commercial/cats/munchkin/health-costs.html,1583,679,53.24,3
cats,munchkin,comparison,commercial/cats/munchkin/vs-minuet.html,1727,661,38.99,4
cats,munchkin,comparison,commercial/cats/munchkin/vs-nebelung.html,1716,662,38.44,4
cats,nebelung,best-enrichment,commercial/cats/nebelung/best-enrichment.html,1349,612,53.78,3
cats,nebelung,best-food,commercial/cats/nebelung/best-food.html,1364,657,53.4,8
cats,nebelung,best-habitat-size,commercial/cats/nebelung/best-habitat-size.html,1549,720,52.99,3
cats,nebelung,best-insurance,commercial/cats/nebelung/best-insurance.html,1418,627,53.76,3
cats,nebelung,cost-to-own,commercial/cats/nebelung/cost-to-own.html,1603,706,54.8,3
cats,nebelung,first-time-owners,commercial/cats/nebelung/first-time-owners.html,1607,738,53.62,3
cats,nebelung,health-costs,commercial/cats/nebelung/health-costs.html,1584,684,52.28,3
cats,nebelung,comparison,commercial/cats/nebelung/vs-munchkin.html,1717,661,38.95,4
cats,nebelung,comparison,commercial/cats/nebelung/vs-norwegian-forest-cat.html,1734,661,37.77,4
cats,norwegian-forest-cat,best-enrichment,commercial/cats/norwegian-forest-cat/best-enrichment.html,1410,610,52.47,3
cats,norwegian-forest-cat,best-food,commercial/cats/norwegian-forest-cat/best-food.html,1422,654,52.01,8
cats,norwegian-forest-cat,best-habitat-size,commercial/cats/norwegian-forest-cat/best-habitat-size.html,1605,710,52.58,3
cats,norwegian-forest-cat,best-insurance,commercial/cats/norwegian-forest-cat/best-insurance.html,1462,617,53.38,3
cats,norwegian-forest-cat,cost-to-own,commercial/cats/norwegian-forest-cat/cost-to-own.html,1659,696,54.05,3
cats,norwegian-forest-cat,first-time-owners,commercial/cats/norwegian-forest-cat/first-time-owners.html,1665,731,52.69,3
cats,norwegian-forest-cat,health-costs,commercial/cats/norwegian-forest-cat/health-costs.html,1627,676,52.77,3
cats,norwegian-forest-cat,comparison,commercial/cats/norwegian-forest-cat/vs-nebelung.html,1741,662,38.6,4
cats,norwegian-forest-cat,comparison,commercial/cats/norwegian-forest-cat/vs-ocicat.html,1702,644,37.81,4
cats,ocicat,best-enrichment,commercial/cats/ocicat/best-enrichment.html,1293,610,53.63,3
cats,ocicat,best-food,commercial/cats/ocicat/best-food.html,1314,648,53.47,8
cats,ocicat,best-habitat-size,commercial/cats/ocicat/best-habitat-size.html,1495,703,53.62,3
cats,ocicat,best-insurance,commercial/cats/ocicat/best-insurance.html,1365,617,54.97,3
cats,ocicat,cost-to-own,commercial/cats/ocicat/cost-to-own.html,1541,693,55.27,3
cats,ocicat,first-time-owners,commercial/cats/ocicat/first-time-owners.html,1547,726,53.73,3
cats,ocicat,health-costs,commercial/cats/ocicat/health-costs.html,1521,667,54.3,3
cats,ocicat,comparison,commercial/cats/ocicat/vs-norwegian-forest-cat.html,1685,644,38.68,4
cats,ocicat,comparison,commercial/cats/ocicat/vs-oriental-longhair.html,1632,620,37.32,4
cats,oriental-longhair,best-enrichment,commercial/cats/oriental-longhair/best-enrichment.html,1342,608,51.9,3
cats,oriental-longhair,best-food,commercial/cats/oriental-longhair/best-food.html,1359,646,53.01,8
cats,oriental-longhair,best-habitat-size,commercial/cats/oriental-longhair/best-habitat-size.html,1537,703,53.06,3
cats,oriental-longhair,best-insurance,commercial/cats/oriental-longhair/best-insurance.html,1411,617,54.91,3
cats,oriental-longhair,cost-to-own,commercial/cats/oriental-longhair/cost-to-own.html,1589,692,54.54,3
cats,oriental-longhair,first-time-owners,commercial/cats/oriental-longhair/first-time-owners.html,1593,725,53.03,3
cats,oriental-longhair,health-costs,commercial/cats/oriental-longhair/health-costs.html,1566,667,54,3
cats,oriental-longhair,comparison,commercial/cats/oriental-longhair/vs-ocicat.html,1639,619,38.36,4
cats,oriental-longhair,comparison,commercial/cats/oriental-longhair/vs-oriental-shorthair.html,1676,638,38.27,4
cats,oriental-shorthair,best-enrichment,commercial/cats/oriental-shorthair/best-enrichment.html,1347,611,51.81,3
cats,oriental-shorthair,best-food,commercial/cats/oriental-shorthair/best-food.html,1365,654,52.64,8
cats,oriental-shorthair,best-habitat-size,commercial/cats/oriental-shorthair/best-habitat-size.html,1546,710,53.09,3
cats,oriental-shorthair,best-insurance,commercial/cats/oriental-shorthair/best-insurance.html,1413,620,53.91,3
cats,oriental-shorthair,cost-to-own,commercial/cats/oriental-shorthair/cost-to-own.html,1598,698,54.64,3
cats,oriental-shorthair,first-time-owners,commercial/cats/oriental-shorthair/first-time-owners.html,1604,731,53.2,3
cats,oriental-shorthair,health-costs,commercial/cats/oriental-shorthair/health-costs.html,1576,674,52.86,3
cats,oriental-shorthair,comparison,commercial/cats/oriental-shorthair/vs-oriental-longhair.html,1677,638,40.22,4
cats,oriental-shorthair,comparison,commercial/cats/oriental-shorthair/vs-persian.html,1700,665,37.78,4
cats,persian,best-enrichment,commercial/cats/persian/best-enrichment.html,1347,613,52.75,3
cats,persian,best-food,commercial/cats/persian/best-food.html,1364,658,52.68,8
cats,persian,best-habitat-size,commercial/cats/persian/best-habitat-size.html,1551,728,52.71,3
cats,persian,best-insurance,commercial/cats/persian/best-insurance.html,1416,625,53.69,3
cats,persian,cost-to-own,commercial/cats/persian/cost-to-own.html,1611,711,54.23,3
cats,persian,first-time-owners,commercial/cats/persian/first-time-owners.html,1615,746,52.49,3
cats,persian,health-costs,commercial/cats/persian/health-costs.html,1587,689,52.19,3
cats,persian,comparison,commercial/cats/persian/vs-oriental-shorthair.html,1701,666,38.05,4
cats,persian,comparison,commercial/cats/persian/vs-peterbald.html,1716,668,37.34,4
cats,peterbald,best-enrichment,commercial/cats/peterbald/best-enrichment.html,1345,610,53.42,3
cats,peterbald,best-food,commercial/cats/peterbald/best-food.html,1359,654,53.61,8
cats,peterbald,best-habitat-size,commercial/cats/peterbald/best-habitat-size.html,1546,717,53.77,3
cats,peterbald,best-insurance,commercial/cats/peterbald/best-insurance.html,1408,620,54.63,3
cats,peterbald,cost-to-own,commercial/cats/peterbald/cost-to-own.html,1607,703,54.99,3
cats,peterbald,first-time-owners,commercial/cats/peterbald/first-time-owners.html,1611,740,53.43,3
cats,peterbald,health-costs,commercial/cats/peterbald/health-costs.html,1571,681,53,3
cats,peterbald,comparison,commercial/cats/peterbald/vs-persian.html,1715,669,38.33,4
cats,peterbald,comparison,commercial/cats/peterbald/vs-pixie-bob.html,1718,665,37.76,4
cats,pixie-bob,best-enrichment,commercial/cats/pixie-bob/best-enrichment.html,1348,615,53.71,3
cats,pixie-bob,best-food,commercial/cats/pixie-bob/best-food.html,1367,658,53.6,8
cats,pixie-bob,best-habitat-size,commercial/cats/pixie-bob/best-habitat-size.html,1551,718,53.84,3
cats,pixie-bob,best-insurance,commercial/cats/pixie-bob/best-insurance.html,1415,625,54.57,3
cats,pixie-bob,cost-to-own,commercial/cats/pixie-bob/cost-to-own.html,1607,703,55.33,3
cats,pixie-bob,first-time-owners,commercial/cats/pixie-bob/first-time-owners.html,1611,737,53.78,3
cats,pixie-bob,health-costs,commercial/cats/pixie-bob/health-costs.html,1578,682,53.6,3
cats,pixie-bob,comparison,commercial/cats/pixie-bob/vs-peterbald.html,1717,663,38.45,4
cats,pixie-bob,comparison,commercial/cats/pixie-bob/vs-ragamuffin.html,1651,648,37.99,4
cats,ragamuffin,best-enrichment,commercial/cats/ragamuffin/best-enrichment.html,1286,605,53.51,3
cats,ragamuffin,best-food,commercial/cats/ragamuffin/best-food.html,1303,642,53.79,8
cats,ragamuffin,best-habitat-size,commercial/cats/ragamuffin/best-habitat-size.html,1477,702,53.82,3
cats,ragamuffin,best-insurance,commercial/cats/ragamuffin/best-insurance.html,1358,615,55.08,3
cats,ragamuffin,cost-to-own,commercial/cats/ragamuffin/cost-to-own.html,1529,688,55.61,3
cats,ragamuffin,first-time-owners,commercial/cats/ragamuffin/first-time-owners.html,1535,721,54.14,3
cats,ragamuffin,health-costs,commercial/cats/ragamuffin/health-costs.html,1509,664,54.41,3
cats,ragamuffin,comparison,commercial/cats/ragamuffin/vs-pixie-bob.html,1645,647,38.88,4
cats,ragamuffin,comparison,commercial/cats/ragamuffin/vs-ragdoll.html,1634,646,38.09,4
cats,ragdoll,best-enrichment,commercial/cats/ragdoll/best-enrichment.html,1354,612,53.5,3
cats,ragdoll,best-food,commercial/cats/ragdoll/best-food.html,1370,658,53.5,8
cats,ragdoll,best-habitat-size,commercial/cats/ragdoll/best-habitat-size.html,1553,717,53.89,3
cats,ragdoll,best-insurance,commercial/cats/ragdoll/best-insurance.html,1415,627,54.96,3
cats,ragdoll,cost-to-own,commercial/cats/ragdoll/cost-to-own.html,1607,703,55.67,3
cats,ragdoll,first-time-owners,commercial/cats/ragdoll/first-time-owners.html,1615,739,53.92,3
cats,ragdoll,health-costs,commercial/cats/ragdoll/health-costs.html,1584,683,53.73,3
cats,ragdoll,comparison,commercial/cats/ragdoll/vs-ragamuffin.html,1642,648,39.23,4
cats,ragdoll,comparison,commercial/cats/ragdoll/vs-russian-blue.html,1726,664,38.79,4
cats,russian-blue,best-enrichment,commercial/cats/russian-blue/best-enrichment.html,1402,615,52.7,3
cats,russian-blue,best-food,commercial/cats/russian-blue/best-food.html,1415,655,52.63,8
cats,russian-blue,best-habitat-size,commercial/cats/russian-blue/best-habitat-size.html,1591,719,53.15,3
cats,russian-blue,best-insurance,commercial/cats/russian-blue/best-insurance.html,1464,628,53.4,3
cats,russian-blue,cost-to-own,commercial/cats/russian-blue/cost-to-own.html,1647,703,54.63,3
cats,russian-blue,first-time-owners,commercial/cats/russian-blue/first-time-owners.html,1649,735,53.25,3
cats,russian-blue,health-costs,commercial/cats/russian-blue/health-costs.html,1621,684,52.58,3
cats,russian-blue,comparison,commercial/cats/russian-blue/vs-ragdoll.html,1734,663,39.49,4
cats,russian-blue,comparison,commercial/cats/russian-blue/vs-russian-white.html,1717,641,38.66,4
cats,russian-white,best-enrichment,commercial/cats/russian-white/best-enrichment.html,1346,605,52.51,3
cats,russian-white,best-food,commercial/cats/russian-white/best-food.html,1361,643,52.94,8
cats,russian-white,best-habitat-size,commercial/cats/russian-white/best-habitat-size.html,1535,704,53.22,3
cats,russian-white,best-insurance,commercial/cats/russian-white/best-insurance.html,1413,617,54.55,3
cats,russian-white,cost-to-own,commercial/cats/russian-white/cost-to-own.html,1589,690,54.83,3
cats,russian-white,first-time-owners,commercial/cats/russian-white/first-time-owners.html,1593,721,53.48,3
cats,russian-white,health-costs,commercial/cats/russian-white/health-costs.html,1566,665,54.09,3
cats,russian-white,comparison,commercial/cats/russian-white/vs-russian-blue.html,1711,640,40.79,4
cats,russian-white,comparison,commercial/cats/russian-white/vs-savannah.html,1701,654,39.02,4
cats,savannah,best-enrichment,commercial/cats/savannah/best-enrichment.html,1360,618,53.13,3
cats,savannah,best-food,commercial/cats/savannah/best-food.html,1381,662,52.85,8
cats,savannah,best-habitat-size,commercial/cats/savannah/best-habitat-size.html,1575,721,52.82,3
cats,savannah,best-insurance,commercial/cats/savannah/best-insurance.html,1424,626,54.32,3
cats,savannah,cost-to-own,commercial/cats/savannah/cost-to-own.html,1621,709,54.68,3
cats,savannah,first-time-owners,commercial/cats/savannah/first-time-owners.html,1627,744,53.26,3
cats,savannah,health-costs,commercial/cats/savannah/health-costs.html,1597,689,53.04,3
cats,savannah,comparison,commercial/cats/savannah/vs-russian-white.html,1700,657,39.46,4
cats,savannah,comparison,commercial/cats/savannah/vs-scottish-fold.html,1709,678,37.86,4
cats,scottish-fold,best-enrichment,commercial/cats/scottish-fold/best-enrichment.html,1348,619,51.68,3
cats,scottish-fold,best-food,commercial/cats/scottish-fold/best-food.html,1366,664,51.55,8
cats,scottish-fold,best-habitat-size,commercial/cats/scottish-fold/best-habitat-size.html,1545,724,52.34,3
cats,scottish-fold,best-insurance,commercial/cats/scottish-fold/best-insurance.html,1427,630,51.75,3
cats,scottish-fold,cost-to-own,commercial/cats/scottish-fold/cost-to-own.html,1599,705,53.85,3
cats,scottish-fold,first-time-owners,commercial/cats/scottish-fold/first-time-owners.html,1603,743,52.55,3
cats,scottish-fold,health-costs,commercial/cats/scottish-fold/health-costs.html,1594,684,51.32,3
cats,scottish-fold,comparison,commercial/cats/scottish-fold/vs-savannah.html,1709,677,38.75,4
cats,scottish-fold,comparison,commercial/cats/scottish-fold/vs-selkirk-rex.html,1685,648,39.16,4
cats,selkirk-rex,best-enrichment,commercial/cats/selkirk-rex/best-enrichment.html,1349,608,52.38,3
cats,selkirk-rex,best-food,commercial/cats/selkirk-rex/best-food.html,1368,645,52.68,8
cats,selkirk-rex,best-habitat-size,commercial/cats/selkirk-rex/best-habitat-size.html,1544,705,53.19,3
cats,selkirk-rex,best-insurance,commercial/cats/selkirk-rex/best-insurance.html,1416,617,53.86,3
cats,selkirk-rex,cost-to-own,commercial/cats/selkirk-rex/cost-to-own.html,1594,691,54.69,3
cats,selkirk-rex,first-time-owners,commercial/cats/selkirk-rex/first-time-owners.html,1598,724,53.38,3
cats,selkirk-rex,health-costs,commercial/cats/selkirk-rex/health-costs.html,1571,667,53.41,3
cats,selkirk-rex,comparison,commercial/cats/selkirk-rex/vs-scottish-fold.html,1685,648,39.8,4
cats,selkirk-rex,comparison,commercial/cats/selkirk-rex/vs-serengeti.html,1691,622,40.16,4
cats,serengeti,best-enrichment,commercial/cats/serengeti/best-enrichment.html,1353,606,54.05,3
cats,serengeti,best-food,commercial/cats/serengeti/best-food.html,1372,646,54.14,8
cats,serengeti,best-habitat-size,commercial/cats/serengeti/best-habitat-size.html,1551,701,54.17,3
cats,serengeti,best-insurance,commercial/cats/serengeti/best-insurance.html,1417,617,55.96,3
cats,serengeti,cost-to-own,commercial/cats/serengeti/cost-to-own.html,1599,691,56.1,3
cats,serengeti,first-time-owners,commercial/cats/serengeti/first-time-owners.html,1605,723,54.46,3
cats,serengeti,health-costs,commercial/cats/serengeti/health-costs.html,1575,667,55.03,3
cats,serengeti,comparison,commercial/cats/serengeti/vs-selkirk-rex.html,1691,623,40.48,4
cats,serengeti,comparison,commercial/cats/serengeti/vs-siamese.html,1688,639,39.59,4
cats,siamese,best-enrichment,commercial/cats/siamese/best-enrichment.html,1340,611,53.23,3
cats,siamese,best-food,commercial/cats/siamese/best-food.html,1360,657,53.91,8
cats,siamese,best-habitat-size,commercial/cats/siamese/best-habitat-size.html,1539,717,54.13,3
cats,siamese,best-insurance,commercial/cats/siamese/best-insurance.html,1421,623,54.84,3
cats,siamese,cost-to-own,commercial/cats/siamese/cost-to-own.html,1591,701,56.1,3
cats,siamese,first-time-owners,commercial/cats/siamese/first-time-owners.html,1595,736,54.37,3
cats,siamese,health-costs,commercial/cats/siamese/health-costs.html,1586,679,53.51,3
cats,siamese,comparison,commercial/cats/siamese/vs-serengeti.html,1688,638,40.83,4
cats,siamese,comparison,commercial/cats/siamese/vs-siberian.html,1712,653,38.14,4
cats,siberian,best-enrichment,commercial/cats/siberian/best-enrichment.html,1353,611,53.74,3
cats,siberian,best-food,commercial/cats/siberian/best-food.html,1374,656,53.72,8
cats,siberian,best-habitat-size,commercial/cats/siberian/best-habitat-size.html,1561,713,53.91,3
cats,siberian,best-insurance,commercial/cats/siberian/best-insurance.html,1416,619,55.06,3
cats,siberian,cost-to-own,commercial/cats/siberian/cost-to-own.html,1615,700,55.46,3
cats,siberian,first-time-owners,commercial/cats/siberian/first-time-owners.html,1623,735,53.65,3
cats,siberian,health-costs,commercial/cats/siberian/health-costs.html,1589,677,54.06,3
cats,siberian,comparison,commercial/cats/siberian/vs-siamese.html,1713,653,38.75,4
cats,siberian,comparison,commercial/cats/siberian/vs-singapura.html,1718,661,39.03,4
cats,singapura,best-enrichment,commercial/cats/singapura/best-enrichment.html,1350,613,53.62,3
cats,singapura,best-food,commercial/cats/singapura/best-food.html,1365,653,53.47,8
cats,singapura,best-habitat-size,commercial/cats/singapura/best-habitat-size.html,1553,715,53.78,3
cats,singapura,best-insurance,commercial/cats/singapura/best-insurance.html,1417,623,55.85,3
cats,singapura,cost-to-own,commercial/cats/singapura/cost-to-own.html,1605,700,55.76,3
cats,singapura,first-time-owners,commercial/cats/singapura/first-time-owners.html,1609,738,54.22,3
cats,singapura,health-costs,commercial/cats/singapura/health-costs.html,1582,683,55.05,3
cats,singapura,comparison,commercial/cats/singapura/vs-siberian.html,1717,661,39.93,4
cats,singapura,comparison,commercial/cats/singapura/vs-snowshoe.html,1696,656,40.53,4
cats,snowshoe,best-enrichment,commercial/cats/snowshoe/best-enrichment.html,1349,609,54.23,3
cats,snowshoe,best-food,commercial/cats/snowshoe/best-food.html,1366,652,53.97,8
cats,snowshoe,best-habitat-size,commercial/cats/snowshoe/best-habitat-size.html,1548,712,54.44,3
cats,snowshoe,best-insurance,commercial/cats/snowshoe/best-insurance.html,1422,619,55.03,3
cats,snowshoe,cost-to-own,commercial/cats/snowshoe/cost-to-own.html,1600,696,56.3,3
cats,snowshoe,first-time-owners,commercial/cats/snowshoe/first-time-owners.html,1608,731,54.87,3
cats,snowshoe,health-costs,commercial/cats/snowshoe/health-costs.html,1591,678,53.78,3
cats,snowshoe,comparison,commercial/cats/snowshoe/vs-singapura.html,1696,656,42.02,4
cats,snowshoe,comparison,commercial/cats/snowshoe/vs-sokoke.html,1702,655,42.08,4
cats,sokoke,best-enrichment,commercial/cats/sokoke/best-enrichment.html,1351,611,54.22,3
cats,sokoke,best-food,commercial/cats/sokoke/best-food.html,1370,657,54.34,8
cats,sokoke,best-habitat-size,commercial/cats/sokoke/best-habitat-size.html,1556,716,54.24,3
cats,sokoke,best-insurance,commercial/cats/sokoke/best-insurance.html,1418,626,56.04,3
cats,sokoke,cost-to-own,commercial/cats/sokoke/cost-to-own.html,1604,704,56.3,3
cats,sokoke,first-time-owners,commercial/cats/sokoke/first-time-owners.html,1608,735,55.09,3
cats,sokoke,health-costs,commercial/cats/sokoke/health-costs.html,1581,684,54.59,3
cats,sokoke,comparison,commercial/cats/sokoke/vs-snowshoe.html,1702,655,43.2,4
cats,sokoke,comparison,commercial/cats/sokoke/vs-somali.html,1693,662,41.34,4
cats,somali,best-enrichment,commercial/cats/somali/best-enrichment.html,1347,616,54.49,3
cats,somali,best-food,commercial/cats/somali/best-food.html,1362,658,54.36,8
cats,somali,best-habitat-size,commercial/cats/somali/best-habitat-size.html,1543,720,54.91,3
cats,somali,best-insurance,commercial/cats/somali/best-insurance.html,1411,624,56.57,3
cats,somali,cost-to-own,commercial/cats/somali/cost-to-own.html,1595,706,56.36,3
cats,somali,first-time-owners,commercial/cats/somali/first-time-owners.html,1601,740,54.85,3
cats,somali,health-costs,commercial/cats/somali/health-costs.html,1571,681,55.9,3
cats,somali,comparison,commercial/cats/somali/vs-sokoke.html,1693,662,41.87,4
cats,somali,comparison,commercial/cats/somali/vs-sphynx.html,1691,656,40.26,4
cats,sphynx,best-enrichment,commercial/cats/sphynx/best-enrichment.html,1342,607,55.23,3
cats,sphynx,best-food,commercial/cats/sphynx/best-food.html,1358,652,54.89,8
cats,sphynx,best-habitat-size,commercial/cats/sphynx/best-habitat-size.html,1539,713,55.2,3
cats,sphynx,best-insurance,commercial/cats/sphynx/best-insurance.html,1409,618,55.68,3
cats,sphynx,cost-to-own,commercial/cats/sphynx/cost-to-own.html,1597,701,56.38,3
cats,sphynx,first-time-owners,commercial/cats/sphynx/first-time-owners.html,1601,734,55.14,3
cats,sphynx,health-costs,commercial/cats/sphynx/health-costs.html,1570,679,54.6,3
cats,sphynx,comparison,commercial/cats/sphynx/vs-somali.html,1692,656,40.94,4
cats,sphynx,comparison,commercial/cats/sphynx/vs-thai.html,1689,653,42.13,4
cats,thai,best-enrichment,commercial/cats/thai/best-enrichment.html,1342,613,55.48,3
cats,thai,best-food,commercial/cats/thai/best-food.html,1359,655,55.46,8
cats,thai,best-habitat-size,commercial/cats/thai/best-habitat-size.html,1537,715,55.9,3
cats,thai,best-insurance,commercial/cats/thai/best-insurance.html,1421,623,56.31,3
cats,thai,cost-to-own,commercial/cats/thai/cost-to-own.html,1589,700,57.57,3
cats,thai,first-time-owners,commercial/cats/thai/first-time-owners.html,1593,735,56.55,3
cats,thai,health-costs,commercial/cats/thai/health-costs.html,1582,681,55.5,3
cats,thai,comparison,commercial/cats/thai/vs-sphynx.html,1688,653,43.27,4
cats,thai,comparison,commercial/cats/thai/vs-tiffanie.html,1681,650,41.2,4
cats,tiffanie,best-enrichment,commercial/cats/tiffanie/best-enrichment.html,1343,605,54.99,3
cats,tiffanie,best-food,commercial/cats/tiffanie/best-food.html,1364,653,54.66,8
cats,tiffanie,best-habitat-size,commercial/cats/tiffanie/best-habitat-size.html,1538,712,54.92,3
cats,tiffanie,best-insurance,commercial/cats/tiffanie/best-insurance.html,1432,622,55.59,3
cats,tiffanie,cost-to-own,commercial/cats/tiffanie/cost-to-own.html,1592,694,56.87,3
cats,tiffanie,first-time-owners,commercial/cats/tiffanie/first-time-owners.html,1596,728,55.15,3
cats,tiffanie,health-costs,commercial/cats/tiffanie/health-costs.html,1598,674,54.75,3
cats,tiffanie,comparison,commercial/cats/tiffanie/vs-thai.html,1681,649,41.89,4
cats,tiffanie,comparison,commercial/cats/tiffanie/vs-tonkinese.html,1693,656,39.78,4
cats,tonkinese,best-enrichment,commercial/cats/tonkinese/best-enrichment.html,1348,611,55.28,3
cats,tonkinese,best-food,commercial/cats/tonkinese/best-food.html,1371,656,55.11,8
cats,tonkinese,best-habitat-size,commercial/cats/tonkinese/best-habitat-size.html,1553,715,55.65,3
cats,tonkinese,best-insurance,commercial/cats/tonkinese/best-insurance.html,1417,623,56.35,3
cats,tonkinese,cost-to-own,commercial/cats/tonkinese/cost-to-own.html,1599,702,57.41,3
cats,tonkinese,first-time-owners,commercial/cats/tonkinese/first-time-owners.html,1603,736,56.36,3
cats,tonkinese,health-costs,commercial/cats/tonkinese/health-costs.html,1576,679,55.77,3
cats,tonkinese,comparison,commercial/cats/tonkinese/vs-tiffanie.html,1693,657,40.52,4
cats,tonkinese,comparison,commercial/cats/tonkinese/vs-toyger.html,1691,658,40.23,4
cats,toyger,best-enrichment,commercial/cats/toyger/best-enrichment.html,1346,614,55.16,3
cats,toyger,best-food,commercial/cats/toyger/best-food.html,1361,658,55.03,8
cats,toyger,best-habitat-size,commercial/cats/toyger/best-habitat-size.html,1542,717,55.39,3
cats,toyger,best-insurance,commercial/cats/toyger/best-insurance.html,1413,627,56.7,3
cats,toyger,cost-to-own,commercial/cats/toyger/cost-to-own.html,1596,703,57.71,3
cats,toyger,first-time-owners,commercial/cats/toyger/first-time-owners.html,1600,735,55.89,3
cats,toyger,health-costs,commercial/cats/toyger/health-costs.html,1573,682,55.78,3
cats,toyger,comparison,commercial/cats/toyger/vs-tonkinese.html,1691,658,40.92,4
cats,toyger,comparison,commercial/cats/toyger/vs-turkish-angora.html,1700,671,38.4,4
cats,turkish-angora,best-enrichment,commercial/cats/turkish-angora/best-enrichment.html,1355,619,51.84,3
cats,turkish-angora,best-food,commercial/cats/turkish-angora/best-food.html,1376,657,51.53,8
cats,turkish-angora,best-habitat-size,commercial/cats/turkish-angora/best-habitat-size.html,1567,718,51.82,3
cats,turkish-angora,best-insurance,commercial/cats/turkish-angora/best-insurance.html,1422,625,52.59,3
cats,turkish-angora,cost-to-own,commercial/cats/turkish-angora/cost-to-own.html,1613,708,53.15,3
cats,turkish-angora,first-time-owners,commercial/cats/turkish-angora/first-time-owners.html,1617,740,52.06,3
cats,turkish-angora,health-costs,commercial/cats/turkish-angora/health-costs.html,1590,685,52.16,3
cats,turkish-angora,comparison,commercial/cats/turkish-angora/vs-toyger.html,1700,671,39.18,4
cats,turkish-angora,comparison,commercial/cats/turkish-angora/vs-turkish-van.html,1723,665,36.74,4
cats,turkish-van,best-enrichment,commercial/cats/turkish-van/best-enrichment.html,1353,618,52.02,3
cats,turkish-van,best-food,commercial/cats/turkish-van/best-food.html,1374,655,51.77,8
cats,turkish-van,best-habitat-size,commercial/cats/turkish-van/best-habitat-size.html,1564,717,52.15,3
cats,turkish-van,best-insurance,commercial/cats/turkish-van/best-insurance.html,1417,625,53.44,3
cats,turkish-van,cost-to-own,commercial/cats/turkish-van/cost-to-own.html,1610,704,53.59,3
cats,turkish-van,first-time-owners,commercial/cats/turkish-van/first-time-owners.html,1616,735,52.42,3
cats,turkish-van,health-costs,commercial/cats/turkish-van/health-costs.html,1586,684,52.95,3
cats,turkish-van,comparison,commercial/cats/turkish-van/vs-abyssinian.html,1699,666,36.75,4
dogs,affenpinscher,best-enrichment,commercial/dogs/affenpinscher/best-enrichment.html,1312,610,45.99,3
dogs,affenpinscher,best-food,commercial/dogs/affenpinscher/best-food.html,1321,663,49.32,8
dogs,affenpinscher,best-habitat-size,commercial/dogs/affenpinscher/best-habitat-size.html,1495,728,44.15,3
dogs,affenpinscher,best-insurance,commercial/dogs/affenpinscher/best-insurance.html,1359,628,50.66,3
dogs,affenpinscher,cost-to-own,commercial/dogs/affenpinscher/cost-to-own.html,1556,712,46.75,3
dogs,affenpinscher,first-time-owners,commercial/dogs/affenpinscher/first-time-owners.html,1583,745,46.74,3
dogs,affenpinscher,health-costs,commercial/dogs/affenpinscher/health-costs.html,1536,692,51.26,3
dogs,affenpinscher,comparison,commercial/dogs/affenpinscher/vs-afghan-hound.html,1699,677,28.5,4
dogs,affenpinscher,comparison,commercial/dogs/affenpinscher/vs-airedale-terrier.html,1697,684,31.47,4
dogs,afghan-hound,best-enrichment,commercial/dogs/afghan-hound/best-enrichment.html,1362,610,45.77,3
dogs,afghan-hound,best-food,commercial/dogs/afghan-hound/best-food.html,1370,655,48.52,8
dogs,afghan-hound,best-habitat-size,commercial/dogs/afghan-hound/best-habitat-size.html,1544,725,44.36,3
dogs,afghan-hound,best-insurance,commercial/dogs/afghan-hound/best-insurance.html,1417,622,49.82,3
dogs,afghan-hound,cost-to-own,commercial/dogs/afghan-hound/cost-to-own.html,1614,708,46.12,3
dogs,afghan-hound,first-time-owners,commercial/dogs/afghan-hound/first-time-owners.html,1632,741,45.92,3
dogs,afghan-hound,health-costs,commercial/dogs/afghan-hound/health-costs.html,1590,688,50.02,3
dogs,afghan-hound,comparison,commercial/dogs/afghan-hound/vs-affenpinscher.html,1707,680,31.52,4
dogs,afghan-hound,comparison,commercial/dogs/afghan-hound/vs-airedale-terrier.html,1751,679,35.36,4
dogs,airedale-terrier,best-enrichment,commercial/dogs/airedale-terrier/best-enrichment.html,1364,611,46.53,3
dogs,airedale-terrier,best-food,commercial/dogs/airedale-terrier/best-food.html,1371,661,48.98,8
dogs,airedale-terrier,best-habitat-size,commercial/dogs/airedale-terrier/best-habitat-size.html,1548,726,45.23,3
dogs,airedale-terrier,best-insurance,commercial/dogs/airedale-terrier/best-insurance.html,1412,623,50.04,3
dogs,airedale-terrier,cost-to-own,commercial/dogs/airedale-terrier/cost-to-own.html,1615,712,46.96,3
dogs,airedale-terrier,first-time-owners,commercial/dogs/airedale-terrier/first-time-owners.html,1636,744,46.69,3
dogs,airedale-terrier,health-costs,commercial/dogs/airedale-terrier/health-costs.html,1588,690,50.41,3
dogs,airedale-terrier,comparison,commercial/dogs/airedale-terrier/vs-afghan-hound.html,1751,677,35.15,4
dogs,airedale-terrier,comparison,commercial/dogs/airedale-terrier/vs-akbash.html,1712,689,34.21,4
dogs,akbash,best-enrichment,commercial/dogs/akbash/best-enrichment.html,1304,616,48.34,3
dogs,akbash,best-food,commercial/dogs/akbash/best-food.html,1317,659,50.79,8
dogs,akbash,best-habitat-size,commercial/dogs/akbash/best-habitat-size.html,1489,728,46.9,3
dogs,akbash,best-insurance,commercial/dogs/akbash/best-insurance.html,1358,624,52.18,3
dogs,akbash,cost-to-own,commercial/dogs/akbash/cost-to-own.html,1552,714,48.99,3
dogs,akbash,first-time-owners,commercial/dogs/akbash/first-time-owners.html,1572,746,48.1,3
dogs,akbash,health-costs,commercial/dogs/akbash/health-costs.html,1526,690,52.31,3
dogs,akbash,comparison,commercial/dogs/akbash/vs-airedale-terrier.html,1705,686,37.06,4
dogs,akbash,comparison,commercial/dogs/akbash/vs-akita.html,1621,661,34.42,4
dogs,akita,best-enrichment,commercial/dogs/akita/best-enrichment.html,1294,605,49.68,3
dogs,akita,best-food,commercial/dogs/akita/best-food.html,1305,650,51.64,8
dogs,akita,best-habitat-size,commercial/dogs/akita/best-habitat-size.html,1466,709,48.51,3
dogs,akita,best-insurance,commercial/dogs/akita/best-insurance.html,1359,621,52.99,3
dogs,akita,cost-to-own,commercial/dogs/akita/cost-to-own.html,1527,692,50.72,3
dogs,akita,first-time-owners,commercial/dogs/akita/first-time-owners.html,1535,727,50.24,3
dogs,akita,health-costs,commercial/dogs/akita/health-costs.html,1510,673,53.4,3
dogs,akita,comparison,commercial/dogs/akita/vs-akbash.html,1621,662,36.23,4
dogs,akita,comparison,commercial/dogs/akita/vs-alaskan-klee-kai.html,1668,623,35.66,4
dogs,alaskan-klee-kai,best-enrichment,commercial/dogs/alaskan-klee-kai/best-enrichment.html,1414,603,47.8,3
dogs,alaskan-klee-kai,best-food,commercial/dogs/alaskan-klee-kai/best-food.html,1425,651,49.31,8
dogs,alaskan-klee-kai,best-habitat-size,commercial/dogs/alaskan-klee-kai/best-habitat-size.html,1587,709,47.2,3
dogs,alaskan-klee-kai,best-insurance,commercial/dogs/alaskan-klee-kai/best-insurance.html,1469,624,51.14,3
dogs,alaskan-klee-kai,cost-to-own,commercial/dogs/alaskan-klee-kai/cost-to-own.html,1648,692,49.26,3
dogs,alaskan-klee-kai,first-time-owners,commercial/dogs/alaskan-klee-kai/first-time-owners.html,1652,726,48.79,3
dogs,alaskan-klee-kai,health-costs,commercial/dogs/alaskan-klee-kai/health-costs.html,1625,674,51.8,3
dogs,alaskan-klee-kai,comparison,commercial/dogs/alaskan-klee-kai/vs-akita.html,1681,623,37.44,4
dogs,alaskan-klee-kai,comparison,commercial/dogs/alaskan-klee-kai/vs-alaskan-malamute.html,1723,630,37.76,4
dogs,alaskan-malamute,best-enrichment,commercial/dogs/alaskan-malamute/best-enrichment.html,1353,607,50.26,3
dogs,alaskan-malamute,best-food,commercial/dogs/alaskan-malamute/best-food.html,1362,652,51.71,8
dogs,alaskan-malamute,best-habitat-size,commercial/dogs/alaskan-malamute/best-habitat-size.html,1524,707,49.8,3
dogs,alaskan-malamute,best-insurance,commercial/dogs/alaskan-malamute/best-insurance.html,1413,623,53.93,3
dogs,alaskan-malamute,cost-to-own,commercial/dogs/alaskan-malamute/cost-to-own.html,1585,693,51.67,3
dogs,alaskan-malamute,first-time-owners,commercial/dogs/alaskan-malamute/first-time-owners.html,1591,728,50.72,3
dogs,alaskan-malamute,health-costs,commercial/dogs/alaskan-malamute/health-costs.html,1565,675,54.01,3
dogs,alaskan-malamute,comparison,commercial/dogs/alaskan-malamute/vs-alaskan-klee-kai.html,1718,632,39.1,4
dogs,alaskan-malamute,comparison,commercial/dogs/alaskan-malamute/vs-american-bulldog.html,1666,625,39.35,4
dogs,american-bulldog,best-enrichment,commercial/dogs/american-bulldog/best-enrichment.html,1352,604,50.9,3
dogs,american-bulldog,best-food,commercial/dogs/american-bulldog/best-food.html,1361,650,52.04,8
dogs,american-bulldog,best-habitat-size,commercial/dogs/american-bulldog/best-habitat-size.html,1522,704,50.51,3
dogs,american-bulldog,best-insurance,commercial/dogs/american-bulldog/best-insurance.html,1412,622,54.05,3
dogs,american-bulldog,cost-to-own,commercial/dogs/american-bulldog/cost-to-own.html,1583,691,52.46,3
dogs,american-bulldog,first-time-owners,commercial/dogs/american-bulldog/first-time-owners.html,1589,725,51.6,3
dogs,american-bulldog,health-costs,commercial/dogs/american-bulldog/health-costs.html,1563,672,54.09,3
dogs,american-bulldog,comparison,commercial/dogs/american-bulldog/vs-alaskan-malamute.html,1665,624,39.94,4
dogs,american-bulldog,comparison,commercial/dogs/american-bulldog/vs-american-eskimo.html,1715,626,39.97,4
dogs,american-eskimo,best-enrichment,commercial/dogs/american-eskimo/best-enrichment.html,1416,599,50.42,3
dogs,american-eskimo,best-food,commercial/dogs/american-eskimo/best-food.html,1427,647,51.15,8
dogs,american-eskimo,best-habitat-size,commercial/dogs/american-eskimo/best-habitat-size.html,1589,706,50.41,3
dogs,american-eskimo,best-insurance,commercial/dogs/american-eskimo/best-insurance.html,1471,622,53.9,3
dogs,american-eskimo,cost-to-own,commercial/dogs/american-eskimo/cost-to-own.html,1650,689,52.47,3
dogs,american-eskimo,first-time-owners,commercial/dogs/american-eskimo/first-time-owners.html,1654,722,51.16,3
dogs,american-eskimo,health-costs,commercial/dogs/american-eskimo/health-costs.html,1627,672,54.02,3
dogs,american-eskimo,comparison,commercial/dogs/american-eskimo/vs-american-bulldog.html,1723,624,41.64,4
dogs,american-eskimo,comparison,commercial/dogs/american-eskimo/vs-american-eskimo-dog.html,1776,604,44.89,4
dogs,american-eskimo-dog,best-enrichment,commercial/dogs/american-eskimo-dog/best-enrichment.html,1416,599,55.89,3
dogs,american-eskimo-dog,best-food,commercial/dogs/american-eskimo-dog/best-food.html,1427,647,56.33,8
dogs,american-eskimo-dog,best-habitat-size,commercial/dogs/american-eskimo-dog/best-habitat-size.html,1589,706,56.06,3
dogs,american-eskimo-dog,best-insurance,commercial/dogs/american-eskimo-dog/best-insurance.html,1471,622,58.83,3
dogs,american-eskimo-dog,cost-to-own,commercial/dogs/american-eskimo-dog/cost-to-own.html,1650,689,57.83,3
dogs,american-eskimo-dog,first-time-owners,commercial/dogs/american-eskimo-dog/first-time-owners.html,1654,722,56.44,3
dogs,american-eskimo-dog,health-costs,commercial/dogs/american-eskimo-dog/health-costs.html,1627,672,58.78,3
dogs,american-eskimo-dog,comparison,commercial/dogs/american-eskimo-dog/vs-american-eskimo.html,1776,604,50.83,4
dogs,american-eskimo-dog,comparison,commercial/dogs/american-eskimo-dog/vs-american-foxhound.html,1755,665,44.97,4
dogs,american-foxhound,best-enrichment,commercial/dogs/american-foxhound/best-enrichment.html,1370,616,52.22,3
dogs,american-foxhound,best-food,commercial/dogs/american-foxhound/best-food.html,1378,664,52.12,8
dogs,american-foxhound,best-habitat-size,commercial/dogs/american-foxhound/best-habitat-size.html,1549,726,52.15,3
dogs,american-foxhound,best-insurance,commercial/dogs/american-foxhound/best-insurance.html,1422,625,52.92,3
dogs,american-foxhound,cost-to-own,commercial/dogs/american-foxhound/cost-to-own.html,1610,711,54.06,3
dogs,american-foxhound,first-time-owners,commercial/dogs/american-foxhound/first-time-owners.html,1630,746,51.55,3
dogs,american-foxhound,health-costs,commercial/dogs/american-foxhound/health-costs.html,1594,693,51.53,3
dogs,american-foxhound,comparison,commercial/dogs/american-foxhound/vs-american-eskimo-dog.html,1749,668,45.82,4
dogs,american-foxhound,comparison,commercial/dogs/american-foxhound/vs-american-pit-bull-terrier.html,1816,683,37.89,4
dogs,american-pit-bull-terrier,best-enrichment,commercial/dogs/american-pit-bull-terrier/best-enrichment.html,1480,611,51.16,3
dogs,american-pit-bull-terrier,best-food,commercial/dogs/american-pit-bull-terrier/best-food.html,1485,661,51.84,8
dogs,american-pit-bull-terrier,best-habitat-size,commercial/dogs/american-pit-bull-terrier/best-habitat-size.html,1661,729,51.33,3
dogs,american-pit-bull-terrier,best-insurance,commercial/dogs/american-pit-bull-terrier/best-insurance.html,1521,625,54.77,3
dogs,american-pit-bull-terrier,cost-to-own,commercial/dogs/american-pit-bull-terrier/cost-to-own.html,1732,715,53.09,3
dogs,american-pit-bull-terrier,first-time-owners,commercial/dogs/american-pit-bull-terrier/first-time-owners.html,1740,748,50.94,3
dogs,american-pit-bull-terrier,health-costs,commercial/dogs/american-pit-bull-terrier/health-costs.html,1697,694,54.03,3
dogs,american-pit-bull-terrier,comparison,commercial/dogs/american-pit-bull-terrier/vs-american-foxhound.html,1832,683,38.81,4
dogs,american-pit-bull-terrier,comparison,commercial/dogs/american-pit-bull-terrier/vs-american-staffordshire-terrier.html,1867,661,39.25,4
dogs,american-staffordshire-terrier,best-enrichment,commercial/dogs/american-staffordshire-terrier/best-enrichment.html,1420,607,52.54,3
dogs,american-staffordshire-terrier,best-food,commercial/dogs/american-staffordshire-terrier/best-food.html,1425,659,52.84,8
dogs,american-staffordshire-terrier,best-habitat-size,commercial/dogs/american-staffordshire-terrier/best-habitat-size.html,1594,723,52.47,3
dogs,american-staffordshire-terrier,best-insurance,commercial/dogs/american-staffordshire-terrier/best-insurance.html,1463,622,55.16,3
dogs,american-staffordshire-terrier,cost-to-own,commercial/dogs/american-staffordshire-terrier/cost-to-own.html,1657,708,54.48,3
dogs,american-staffordshire-terrier,first-time-owners,commercial/dogs/american-staffordshire-terrier/first-time-owners.html,1676,741,52.43,3
dogs,american-staffordshire-terrier,health-costs,commercial/dogs/american-staffordshire-terrier/health-costs.html,1633,688,54.21,3
dogs,american-staffordshire-terrier,comparison,commercial/dogs/american-staffordshire-terrier/vs-american-pit-bull-terrier.html,1860,662,41.04,4
dogs,american-staffordshire-terrier,comparison,commercial/dogs/american-staffordshire-terrier/vs-american-water-spaniel.html,1779,669,39.67,4
dogs,american-water-spaniel,best-enrichment,commercial/dogs/american-water-spaniel/best-enrichment.html,1416,603,51.72,3
dogs,american-water-spaniel,best-food,commercial/dogs/american-water-spaniel/best-food.html,1421,654,51.65,8
dogs,american-water-spaniel,best-habitat-size,commercial/dogs/american-water-spaniel/best-habitat-size.html,1577,712,51.66,3
dogs,american-water-spaniel,best-insurance,commercial/dogs/american-water-spaniel/best-insurance.html,1470,627,52.74,3
dogs,american-water-spaniel,cost-to-own,commercial/dogs/american-water-spaniel/cost-to-own.html,1640,699,53.71,3
dogs,american-water-spaniel,first-time-owners,commercial/dogs/american-water-spaniel/first-time-owners.html,1644,734,51.58,3
dogs,american-water-spaniel,health-costs,commercial/dogs/american-water-spaniel/health-costs.html,1612,689,51.74,3
dogs,american-water-spaniel,comparison,commercial/dogs/american-water-spaniel/vs-american-staffordshire-terrier.html,1778,670,40.6,4
dogs,american-water-spaniel,comparison,commercial/dogs/american-water-spaniel/vs-anatolian-shepherd.html,1753,676,36.67,4
dogs,anatolian-shepherd,best-enrichment,commercial/dogs/anatolian-shepherd/best-enrichment.html,1357,612,50.37,3
dogs,anatolian-shepherd,best-food,commercial/dogs/anatolian-shepherd/best-food.html,1365,660,50.68,8
dogs,anatolian-shepherd,best-habitat-size,commercial/dogs/anatolian-shepherd/best-habitat-size.html,1534,726,50.42,3
dogs,anatolian-shepherd,best-insurance,commercial/dogs/anatolian-shepherd/best-insurance.html,1406,622,53.14,3
dogs,anatolian-shepherd,cost-to-own,commercial/dogs/anatolian-shepherd/cost-to-own.html,1606,710,52.04,3
dogs,anatolian-shepherd,first-time-owners,commercial/dogs/anatolian-shepherd/first-time-owners.html,1624,744,49.56,3
dogs,anatolian-shepherd,health-costs,commercial/dogs/anatolian-shepherd/health-costs.html,1576,686,52.09,3
dogs,anatolian-shepherd,comparison,commercial/dogs/anatolian-shepherd/vs-american-water-spaniel.html,1744,673,36.05,4
dogs,anatolian-shepherd,comparison,commercial/dogs/anatolian-shepherd/vs-aussiedoodle.html,1718,681,35.6,4
dogs,aussiedoodle,best-enrichment,commercial/dogs/aussiedoodle/best-enrichment.html,1304,608,52.43,3
dogs,aussiedoodle,best-food,commercial/dogs/aussiedoodle/best-food.html,1328,659,52.46,8
dogs,aussiedoodle,best-habitat-size,commercial/dogs/aussiedoodle/best-habitat-size.html,1498,722,51.96,3
dogs,aussiedoodle,best-insurance,commercial/dogs/aussiedoodle/best-insurance.html,1360,624,53.34,3
dogs,aussiedoodle,cost-to-own,commercial/dogs/aussiedoodle/cost-to-own.html,1551,708,53.87,3
dogs,aussiedoodle,first-time-owners,commercial/dogs/aussiedoodle/first-time-owners.html,1565,743,51.67,3
dogs,aussiedoodle,health-costs,commercial/dogs/aussiedoodle/health-costs.html,1527,688,51.94,3
dogs,aussiedoodle,comparison,commercial/dogs/aussiedoodle/vs-anatolian-shepherd.html,1710,681,36.59,4
dogs,aussiedoodle,comparison,commercial/dogs/aussiedoodle/vs-australian-cattle-dog.html,1763,682,35.21,4
dogs,australian-cattle-dog,best-enrichment,commercial/dogs/australian-cattle-dog/best-enrichment.html,1424,613,49.89,3
dogs,australian-cattle-dog,best-food,commercial/dogs/australian-cattle-dog/best-food.html,1429,660,50.02,8
dogs,australian-cattle-dog,best-habitat-size,commercial/dogs/australian-cattle-dog/best-habitat-size.html,1606,730,50.02,3
dogs,australian-cattle-dog,best-insurance,commercial/dogs/australian-cattle-dog/best-insurance.html,1468,626,51.65,3
dogs,australian-cattle-dog,cost-to-own,commercial/dogs/australian-cattle-dog/cost-to-own.html,1678,718,51.3,3
dogs,australian-cattle-dog,first-time-owners,commercial/dogs/australian-cattle-dog/first-time-owners.html,1699,750,48.82,3
dogs,australian-cattle-dog,health-costs,commercial/dogs/australian-cattle-dog/health-costs.html,1648,695,50.08,3
dogs,australian-cattle-dog,comparison,commercial/dogs/australian-cattle-dog/vs-aussiedoodle.html,1780,682,36.03,4
dogs,australian-cattle-dog,comparison,commercial/dogs/australian-cattle-dog/vs-australian-kelpie.html,1785,671,35.98,4
dogs,australian-kelpie,best-enrichment,commercial/dogs/australian-kelpie/best-enrichment.html,1360,606,51.27,3
dogs,australian-kelpie,best-food,commercial/dogs/australian-kelpie/best-food.html,1371,657,51.14,8
dogs,australian-kelpie,best-habitat-size,commercial/dogs/australian-kelpie/best-habitat-size.html,1534,716,51.38,3
dogs,australian-kelpie,best-insurance,commercial/dogs/australian-kelpie/best-insurance.html,1410,619,52.18,3
dogs,australian-kelpie,cost-to-own,commercial/dogs/australian-kelpie/cost-to-own.html,1595,702,53.12,3
dogs,australian-kelpie,first-time-owners,commercial/dogs/australian-kelpie/first-time-owners.html,1609,738,51.21,3
dogs,australian-kelpie,health-costs,commercial/dogs/australian-kelpie/health-costs.html,1576,682,51.32,3
dogs,australian-kelpie,comparison,commercial/dogs/australian-kelpie/vs-australian-cattle-dog.html,1777,670,37.22,4
dogs,australian-kelpie,comparison,commercial/dogs/australian-kelpie/vs-australian-shepherd.html,1718,665,37.67,4
dogs,australian-shepherd,best-enrichment,commercial/dogs/australian-shepherd/best-enrichment.html,1359,613,52.4,3
dogs,australian-shepherd,best-food,commercial/dogs/australian-shepherd/best-food.html,1369,663,52.36,8
dogs,australian-shepherd,best-habitat-size,commercial/dogs/australian-shepherd/best-habitat-size.html,1539,727,52.08,3
dogs,australian-shepherd,best-insurance,commercial/dogs/australian-shepherd/best-insurance.html,1407,623,53.48,3
dogs,australian-shepherd,cost-to-own,commercial/dogs/australian-shepherd/cost-to-own.html,1606,714,53.38,3
dogs,australian-shepherd,first-time-owners,commercial/dogs/australian-shepherd/first-time-owners.html,1620,749,51.54,3
dogs,australian-shepherd,health-costs,commercial/dogs/australian-shepherd/health-costs.html,1578,689,52.17,3
dogs,australian-shepherd,comparison,commercial/dogs/australian-shepherd/vs-australian-kelpie.html,1718,665,39.39,4
dogs,australian-shepherd,comparison,commercial/dogs/australian-shepherd/vs-australian-terrier.html,1720,682,37.6,4
dogs,australian-terrier,best-enrichment,commercial/dogs/australian-terrier/best-enrichment.html,1362,609,52.22,3
dogs,australian-terrier,best-food,commercial/dogs/australian-terrier/best-food.html,1370,658,52.41,8
dogs,australian-terrier,best-habitat-size,commercial/dogs/australian-terrier/best-habitat-size.html,1540,725,52.04,3
dogs,australian-terrier,best-insurance,commercial/dogs/australian-terrier/best-insurance.html,1409,624,54.6,3
dogs,australian-terrier,cost-to-own,commercial/dogs/australian-terrier/cost-to-own.html,1603,706,53.89,3
dogs,australian-terrier,first-time-owners,commercial/dogs/australian-terrier/first-time-owners.html,1615,739,51.25,3
dogs,australian-terrier,health-costs,commercial/dogs/australian-terrier/health-costs.html,1576,686,53.31,3
dogs,australian-terrier,comparison,commercial/dogs/australian-terrier/vs-australian-shepherd.html,1718,683,38.83,4
dogs,australian-terrier,comparison,commercial/dogs/australian-terrier/vs-azawakh.html,1678,683,36.77,4
dogs,azawakh,best-enrichment,commercial/dogs/azawakh/best-enrichment.html,1308,612,52.79,3
dogs,azawakh,best-food,commercial/dogs/azawakh/best-food.html,1316,659,52.92,8
dogs,azawakh,best-habitat-size,commercial/dogs/azawakh/best-habitat-size.html,1497,724,52.41,3
dogs,azawakh,best-insurance,commercial/dogs/azawakh/best-insurance.html,1363,620,53.58,3
dogs,azawakh,cost-to-own,commercial/dogs/azawakh/cost-to-own.html,1556,713,53.95,3
dogs,azawakh,first-time-owners,commercial/dogs/azawakh/first-time-owners.html,1579,747,51.5,3
dogs,azawakh,health-costs,commercial/dogs/azawakh/health-costs.html,1540,691,51.74,3
dogs,azawakh,comparison,commercial/dogs/azawakh/vs-australian-terrier.html,1670,684,37.49,4
dogs,azawakh,comparison,commercial/dogs/azawakh/vs-barbet.html,1655,685,36.64,4
dogs,barbet,best-enrichment,commercial/dogs/barbet/best-enrichment.html,1311,610,52.65,3
dogs,barbet,best-food,commercial/dogs/barbet/best-food.html,1321,663,52.66,8
dogs,barbet,best-habitat-size,commercial/dogs/barbet/best-habitat-size.html,1495,723,52.53,3
dogs,barbet,best-insurance,commercial/dogs/barbet/best-insurance.html,1358,623,54.63,3
dogs,barbet,cost-to-own,commercial/dogs/barbet/cost-to-own.html,1561,709,53.81,3
dogs,barbet,first-time-owners,commercial/dogs/barbet/first-time-owners.html,1579,744,51.62,3
dogs,barbet,health-costs,commercial/dogs/barbet/health-costs.html,1531,688,53.27,3
dogs,barbet,comparison,commercial/dogs/barbet/vs-azawakh.html,1654,682,37.6,4
dogs,barbet,comparison,commercial/dogs/barbet/vs-basenji.html,1628,664,36.7,4
dogs,basenji,best-enrichment,commercial/dogs/basenji/best-enrichment.html,1296,602,52.8,3
dogs,basenji,best-food,commercial/dogs/basenji/best-food.html,1311,648,52.92,8
dogs,basenji,best-habitat-size,commercial/dogs/basenji/best-habitat-size.html,1474,706,52.37,3
dogs,basenji,best-insurance,commercial/dogs/basenji/best-insurance.html,1361,620,54.6,3
dogs,basenji,cost-to-own,commercial/dogs/basenji/cost-to-own.html,1531,690,54.53,3
dogs,basenji,first-time-owners,commercial/dogs/basenji/first-time-owners.html,1539,724,52,3
dogs,basenji,health-costs,commercial/dogs/basenji/health-costs.html,1514,671,53.35,3
dogs,basenji,comparison,commercial/dogs/basenji/vs-barbet.html,1628,662,37.99,4
dogs,basenji,comparison,commercial/dogs/basenji/vs-basenjis.html,1643,662,38.42,4
dogs,basenjis,best-enrichment,commercial/dogs/basenjis/best-enrichment.html,1315,616,56.39,3
dogs,basenjis,best-food,commercial/dogs/basenjis/best-food.html,1328,661,56.65,8
dogs,basenjis,best-habitat-size,commercial/dogs/basenjis/best-habitat-size.html,1509,731,55.62,3
dogs,basenjis,best-insurance,commercial/dogs/basenjis/best-insurance.html,1363,625,57.74,3
dogs,basenjis,cost-to-own,commercial/dogs/basenjis/cost-to-own.html,1570,715,57.04,3
dogs,basenjis,first-time-owners,commercial/dogs/basenjis/first-time-owners.html,1594,750,54.48,3
dogs,basenjis,health-costs,commercial/dogs/basenjis/health-costs.html,1542,697,55.64,3
dogs,basenjis,comparison,commercial/dogs/basenjis/vs-basenji.html,1644,663,43.13,4
dogs,basenjis,comparison,commercial/dogs/basenjis/vs-basset-hound.html,1706,696,38.81,4
dogs,basset-hound,best-enrichment,commercial/dogs/basset-hound/best-enrichment.html,1363,614,51.61,3
dogs,basset-hound,best-food,commercial/dogs/basset-hound/best-food.html,1373,664,51.82,8
dogs,basset-hound,best-habitat-size,commercial/dogs/basset-hound/best-habitat-size.html,1544,730,51.5,3
dogs,basset-hound,best-insurance,commercial/dogs/basset-hound/best-insurance.html,1420,629,52.57,3
dogs,basset-hound,cost-to-own,commercial/dogs/basset-hound/cost-to-own.html,1607,714,53.21,3
dogs,basset-hound,first-time-owners,commercial/dogs/basset-hound/first-time-owners.html,1625,750,50.45,3
dogs,basset-hound,health-costs,commercial/dogs/basset-hound/health-costs.html,1594,691,50.89,3
dogs,basset-hound,comparison,commercial/dogs/basset-hound/vs-basenjis.html,1715,697,38.96,4
dogs,basset-hound,comparison,commercial/dogs/basset-hound/vs-beagle.html,1685,682,36.06,4
dogs,beagle,best-enrichment,commercial/dogs/beagle/best-enrichment.html,1305,609,53.54,3
dogs,beagle,best-food,commercial/dogs/beagle/best-food.html,1320,657,53.37,8
dogs,beagle,best-habitat-size,commercial/dogs/beagle/best-habitat-size.html,1495,721,53.13,3
dogs,beagle,best-insurance,commercial/dogs/beagle/best-insurance.html,1369,626,54.62,3
dogs,beagle,cost-to-own,commercial/dogs/beagle/cost-to-own.html,1550,708,54.81,3
dogs,beagle,first-time-owners,commercial/dogs/beagle/first-time-owners.html,1565,739,52.18,3
dogs,beagle,health-costs,commercial/dogs/beagle/health-costs.html,1539,687,52.68,3
dogs,beagle,comparison,commercial/dogs/beagle/vs-basset-hound.html,1677,682,37.25,4
dogs,beagle,comparison,commercial/dogs/beagle/vs-bearded-collie.html,1647,654,37.57,4
dogs,bearded-collie,best-enrichment,commercial/dogs/bearded-collie/best-enrichment.html,1351,604,52.22,3
dogs,bearded-collie,best-food,commercial/dogs/bearded-collie/best-food.html,1360,650,52.37,8
dogs,bearded-collie,best-habitat-size,commercial/dogs/bearded-collie/best-habitat-size.html,1523,705,52.51,3
dogs,bearded-collie,best-insurance,commercial/dogs/bearded-collie/best-insurance.html,1411,621,54.24,3
dogs,bearded-collie,cost-to-own,commercial/dogs/bearded-collie/cost-to-own.html,1584,691,53.99,3
dogs,bearded-collie,first-time-owners,commercial/dogs/bearded-collie/first-time-owners.html,1590,725,51.63,3
dogs,bearded-collie,health-costs,commercial/dogs/bearded-collie/health-costs.html,1564,672,53.12,3
dogs,bearded-collie,comparison,commercial/dogs/bearded-collie/vs-beagle.html,1655,655,38.11,4
dogs,bearded-collie,comparison,commercial/dogs/bearded-collie/vs-beauceron.html,1669,664,36.77,4
dogs,beauceron,best-enrichment,commercial/dogs/beauceron/best-enrichment.html,1307,619,53.85,3
dogs,beauceron,best-food,commercial/dogs/beauceron/best-food.html,1318,669,53.84,8
dogs,beauceron,best-habitat-size,commercial/dogs/beauceron/best-habitat-size.html,1497,731,53.39,3
dogs,beauceron,best-insurance,commercial/dogs/beauceron/best-insurance.html,1363,633,55.14,3
dogs,beauceron,cost-to-own,commercial/dogs/beauceron/cost-to-own.html,1562,719,54.86,3
dogs,beauceron,first-time-owners,commercial/dogs/beauceron/first-time-owners.html,1582,750,52.37,3
dogs,beauceron,health-costs,commercial/dogs/beauceron/health-costs.html,1541,694,53.83,3
dogs,beauceron,comparison,commercial/dogs/beauceron/vs-bearded-collie.html,1662,665,37.71,4
dogs,beauceron,comparison,commercial/dogs/beauceron/vs-belgian-malinois.html,1664,667,37.68,4
dogs,belgian-malinois,best-enrichment,commercial/dogs/belgian-malinois/best-enrichment.html,1354,605,52.7,3
dogs,belgian-malinois,best-food,commercial/dogs/belgian-malinois/best-food.html,1363,652,52.7,8
dogs,belgian-malinois,best-habitat-size,commercial/dogs/belgian-malinois/best-habitat-size.html,1525,706,52.86,3
dogs,belgian-malinois,best-insurance,commercial/dogs/belgian-malinois/best-insurance.html,1411,622,54.89,3
dogs,belgian-malinois,cost-to-own,commercial/dogs/belgian-malinois/cost-to-own.html,1586,693,54.4,3
dogs,belgian-malinois,first-time-owners,commercial/dogs/belgian-malinois/first-time-owners.html,1594,727,52.15,3
dogs,belgian-malinois,health-costs,commercial/dogs/belgian-malinois/health-costs.html,1565,674,54.03,3
dogs,belgian-malinois,comparison,commercial/dogs/belgian-malinois/vs-beauceron.html,1671,666,38.23,4
dogs,belgian-malinois,comparison,commercial/dogs/belgian-malinois/vs-belgian-sheepdog.html,1668,623,38.79,4
dogs,belgian-sheepdog,best-enrichment,commercial/dogs/belgian-sheepdog/best-enrichment.html,1352,605,53.62,3
dogs,belgian-sheepdog,best-food,commercial/dogs/belgian-sheepdog/best-food.html,1361,650,53.89,8
dogs,belgian-sheepdog,best-habitat-size,commercial/dogs/belgian-sheepdog/best-habitat-size.html,1523,705,53.94,3
dogs,belgian-sheepdog,best-insurance,commercial/dogs/belgian-sheepdog/best-insurance.html,1412,621,56.48,3
dogs,belgian-sheepdog,cost-to-own,commercial/dogs/belgian-sheepdog/cost-to-own.html,1584,691,55.56,3
dogs,belgian-sheepdog,first-time-owners,commercial/dogs/belgian-sheepdog/first-time-owners.html,1590,726,53.42,3
dogs,belgian-sheepdog,health-costs,commercial/dogs/belgian-sheepdog/health-costs.html,1564,673,55.56,3
dogs,belgian-sheepdog,comparison,commercial/dogs/belgian-sheepdog/vs-belgian-malinois.html,1670,623,40.28,4
dogs,belgian-sheepdog,comparison,commercial/dogs/belgian-sheepdog/vs-belgian-tervuren.html,1667,618,42.16,4
dogs,belgian-tervuren,best-enrichment,commercial/dogs/belgian-tervuren/best-enrichment.html,1351,605,54.71,3
dogs,belgian-tervuren,best-food,commercial/dogs/belgian-tervuren/best-food.html,1360,651,55.11,8
dogs,belgian-tervuren,best-habitat-size,commercial/dogs/belgian-tervuren/best-habitat-size.html,1522,705,55.32,3
dogs,belgian-tervuren,best-insurance,commercial/dogs/belgian-tervuren/best-insurance.html,1411,621,57.75,3
dogs,belgian-tervuren,cost-to-own,commercial/dogs/belgian-tervuren/cost-to-own.html,1583,690,56.85,3
dogs,belgian-tervuren,first-time-owners,commercial/dogs/belgian-tervuren/first-time-owners.html,1589,726,54.84,3
dogs,belgian-tervuren,health-costs,commercial/dogs/belgian-tervuren/health-costs.html,1563,672,56.94,3
dogs,belgian-tervuren,comparison,commercial/dogs/belgian-tervuren/vs-belgian-sheepdog.html,1666,618,44.25,4
dogs,belgian-tervuren,comparison,commercial/dogs/belgian-tervuren/vs-bergamasco.html,1684,668,40.65,4
dogs,bergamasco,best-enrichment,commercial/dogs/bergamasco/best-enrichment.html,1313,617,53.26,3
dogs,bergamasco,best-food,commercial/dogs/bergamasco/best-food.html,1325,666,53.66,8
dogs,bergamasco,best-habitat-size,commercial/dogs/bergamasco/best-habitat-size.html,1502,732,52.9,3
dogs,bergamasco,best-insurance,commercial/dogs/bergamasco/best-insurance.html,1364,627,55.85,3
dogs,bergamasco,cost-to-own,commercial/dogs/bergamasco/cost-to-own.html,1569,716,54.89,3
dogs,bergamasco,first-time-owners,commercial/dogs/bergamasco/first-time-owners.html,1589,754,52.12,3
dogs,bergamasco,health-costs,commercial/dogs/bergamasco/health-costs.html,1538,695,54.55,3
dogs,bergamasco,comparison,commercial/dogs/bergamasco/vs-belgian-tervuren.html,1676,669,40.44,4
dogs,bergamasco,comparison,commercial/dogs/bergamasco/vs-berger-picard.html,1721,684,36.04,4
dogs,berger-picard,best-enrichment,commercial/dogs/berger-picard/best-enrichment.html,1362,616,52.24,3
dogs,berger-picard,best-food,commercial/dogs/berger-picard/best-food.html,1374,663,52.53,8
dogs,berger-picard,best-habitat-size,commercial/dogs/berger-picard/best-habitat-size.html,1545,728,52.46,3
dogs,berger-picard,best-insurance,commercial/dogs/berger-picard/best-insurance.html,1412,626,53.58,3
dogs,berger-picard,cost-to-own,commercial/dogs/berger-picard/cost-to-own.html,1608,714,53.94,3
dogs,berger-picard,first-time-owners,commercial/dogs/berger-picard/first-time-owners.html,1629,747,51.51,3
dogs,berger-picard,health-costs,commercial/dogs/berger-picard/health-costs.html,1584,691,52.82,3
dogs,berger-picard,comparison,commercial/dogs/berger-picard/vs-bergamasco.html,1727,684,37.12,4
dogs,berger-picard,comparison,commercial/dogs/berger-picard/vs-bernedoodle.html,1726,679,36.95,4
dogs,bernedoodle,best-enrichment,commercial/dogs/bernedoodle/best-enrichment.html,1308,605,53.28,3
dogs,bernedoodle,best-food,commercial/dogs/bernedoodle/best-food.html,1329,654,53.65,8
dogs,bernedoodle,best-habitat-size,commercial/dogs/bernedoodle/best-habitat-size.html,1502,723,52.54,3
dogs,bernedoodle,best-insurance,commercial/dogs/bernedoodle/best-insurance.html,1359,620,55.64,3
dogs,bernedoodle,cost-to-own,commercial/dogs/bernedoodle/cost-to-own.html,1557,703,54.73,3
dogs,bernedoodle,first-time-owners,commercial/dogs/bernedoodle/first-time-owners.html,1574,736,52.06,3
dogs,bernedoodle,health-costs,commercial/dogs/bernedoodle/health-costs.html,1527,684,54.1,3
dogs,bernedoodle,comparison,commercial/dogs/bernedoodle/vs-berger-picard.html,1721,677,37.88,4
dogs,bernedoodle,comparison,commercial/dogs/bernedoodle/vs-bernese-mountain-dog.html,1766,675,34.9,4
dogs,bernese-mountain-dog,best-enrichment,commercial/dogs/bernese-mountain-dog/best-enrichment.html,1426,609,49.92,3
dogs,bernese-mountain-dog,best-food,commercial/dogs/bernese-mountain-dog/best-food.html,1429,655,50.07,8
dogs,bernese-mountain-dog,best-habitat-size,commercial/dogs/bernese-mountain-dog/best-habitat-size.html,1604,729,50.14,3
dogs,bernese-mountain-dog,best-insurance,commercial/dogs/bernese-mountain-dog/best-insurance.html,1462,624,51.3,3
dogs,bernese-mountain-dog,cost-to-own,commercial/dogs/bernese-mountain-dog/cost-to-own.html,1678,711,51.77,3
dogs,bernese-mountain-dog,first-time-owners,commercial/dogs/bernese-mountain-dog/first-time-owners.html,1700,742,49.1,3
dogs,bernese-mountain-dog,health-costs,commercial/dogs/bernese-mountain-dog/health-costs.html,1637,691,50.2,3
dogs,bernese-mountain-dog,comparison,commercial/dogs/bernese-mountain-dog/vs-bernedoodle.html,1779,674,36.1,4
dogs,bernese-mountain-dog,comparison,commercial/dogs/bernese-mountain-dog/vs-bichon-frise.html,1800,678,34.78,4
dogs,bichon-frise,best-enrichment,commercial/dogs/bichon-frise/best-enrichment.html,1366,611,51.38,3
dogs,bichon-frise,best-food,commercial/dogs/bichon-frise/best-food.html,1374,660,51.37,8
dogs,bichon-frise,best-habitat-size,commercial/dogs/bichon-frise/best-habitat-size.html,1542,729,51.32,3
dogs,bichon-frise,best-insurance,commercial/dogs/bichon-frise/best-insurance.html,1424,626,52.36,3
dogs,bichon-frise,cost-to-own,commercial/dogs/bichon-frise/cost-to-own.html,1611,712,53.01,3
dogs,bichon-frise,first-time-owners,commercial/dogs/bichon-frise/first-time-owners.html,1632,747,50.42,3
dogs,bichon-frise,health-costs,commercial/dogs/bichon-frise/health-costs.html,1596,692,50.87,3
dogs,bichon-frise,comparison,commercial/dogs/bichon-frise/vs-bernese-mountain-dog.html,1796,679,35.72,4
dogs,bichon-frise,comparison,commercial/dogs/bichon-frise/vs-black-and-tan-coonhound.html,1811,680,34.5,4
dogs,black-and-tan-coonhound,best-enrichment,commercial/dogs/black-and-tan-coonhound/best-enrichment.html,1480,611,49.56,3
dogs,black-and-tan-coonhound,best-food,commercial/dogs/black-and-tan-coonhound/best-food.html,1484,656,49.95,8
dogs,black-and-tan-coonhound,best-habitat-size,commercial/dogs/black-and-tan-coonhound/best-habitat-size.html,1650,716,50.06,3
dogs,black-and-tan-coonhound,best-insurance,commercial/dogs/black-and-tan-coonhound/best-insurance.html,1525,621,50.55,3
dogs,black-and-tan-coonhound,cost-to-own,commercial/dogs/black-and-tan-coonhound/cost-to-own.html,1715,702,51.78,3
dogs,black-and-tan-coonhound,first-time-owners,commercial/dogs/black-and-tan-coonhound/first-time-owners.html,1729,736,49.29,3
dogs,black-and-tan-coonhound,health-costs,commercial/dogs/black-and-tan-coonhound/health-costs.html,1694,684,49.69,3
dogs,black-and-tan-coonhound,comparison,commercial/dogs/black-and-tan-coonhound/vs-bichon-frise.html,1825,681,35.03,4
dogs,black-and-tan-coonhound,comparison,commercial/dogs/black-and-tan-coonhound/vs-black-russian-terrier.html,1882,676,34.12,4
dogs,black-russian-terrier,best-enrichment,commercial/dogs/black-russian-terrier/best-enrichment.html,1431,614,50.06,3
dogs,black-russian-terrier,best-food,commercial/dogs/black-russian-terrier/best-food.html,1437,663,50.59,8
dogs,black-russian-terrier,best-habitat-size,commercial/dogs/black-russian-terrier/best-habitat-size.html,1614,730,50.35,3
dogs,black-russian-terrier,best-insurance,commercial/dogs/black-russian-terrier/best-insurance.html,1469,626,52.94,3
dogs,black-russian-terrier,cost-to-own,commercial/dogs/black-russian-terrier/cost-to-own.html,1686,715,51.69,3
dogs,black-russian-terrier,first-time-owners,commercial/dogs/black-russian-terrier/first-time-owners.html,1706,751,49.23,3
dogs,black-russian-terrier,health-costs,commercial/dogs/black-russian-terrier/health-costs.html,1651,694,51.68,3
dogs,black-russian-terrier,comparison,commercial/dogs/black-russian-terrier/vs-black-and-tan-coonhound.html,1873,674,35.47,4
dogs,black-russian-terrier,comparison,commercial/dogs/black-russian-terrier/vs-bloodhound.html,1727,665,35.63,4
dogs,bloodhound,best-enrichment,commercial/dogs/bloodhound/best-enrichment.html,1293,606,53.41,3
dogs,bloodhound,best-food,commercial/dogs/bloodhound/best-food.html,1304,653,53.89,8
dogs,bloodhound,best-habitat-size,commercial/dogs/bloodhound/best-habitat-size.html,1463,710,53.57,3
dogs,bloodhound,best-insurance,commercial/dogs/bloodhound/best-insurance.html,1358,624,56.29,3
dogs,bloodhound,cost-to-own,commercial/dogs/bloodhound/cost-to-own.html,1524,694,55.43,3
dogs,bloodhound,first-time-owners,commercial/dogs/bloodhound/first-time-owners.html,1532,729,52.95,3
dogs,bloodhound,health-costs,commercial/dogs/bloodhound/health-costs.html,1507,675,55.34,3
dogs,bloodhound,comparison,commercial/dogs/bloodhound/vs-black-russian-terrier.html,1711,664,36.68,4
dogs,bloodhound,comparison,commercial/dogs/bloodhound/vs-bluetick-coonhound.html,1639,661,36.42,4
dogs,bluetick-coonhound,best-enrichment,commercial/dogs/bluetick-coonhound/best-enrichment.html,1359,613,51.84,3
dogs,bluetick-coonhound,best-food,commercial/dogs/bluetick-coonhound/best-food.html,1366,659,52.01,8
dogs,bluetick-coonhound,best-habitat-size,commercial/dogs/bluetick-coonhound/best-habitat-size.html,1532,722,52.12,3
dogs,bluetick-coonhound,best-insurance,commercial/dogs/bluetick-coonhound/best-insurance.html,1413,624,52.87,3
dogs,bluetick-coonhound,cost-to-own,commercial/dogs/bluetick-coonhound/cost-to-own.html,1593,705,53.82,3
dogs,bluetick-coonhound,first-time-owners,commercial/dogs/bluetick-coonhound/first-time-owners.html,1614,740,51.36,3
dogs,bluetick-coonhound,health-costs,commercial/dogs/bluetick-coonhound/health-costs.html,1578,687,51.79,3
dogs,bluetick-coonhound,comparison,commercial/dogs/bluetick-coonhound/vs-bloodhound.html,1644,660,37.26,4
dogs,bluetick-coonhound,comparison,commercial/dogs/bluetick-coonhound/vs-boerboel.html,1666,680,37.4,4
dogs,boerboel,best-enrichment,commercial/dogs/boerboel/best-enrichment.html,1294,610,53.18,3
dogs,boerboel,best-food,commercial/dogs/boerboel/best-food.html,1303,660,53.48,8
dogs,boerboel,best-habitat-size,commercial/dogs/boerboel/best-habitat-size.html,1466,727,52.81,3
dogs,boerboel,best-insurance,commercial/dogs/boerboel/best-insurance.html,1347,621,55.29,3
dogs,boerboel,cost-to-own,commercial/dogs/boerboel/cost-to-own.html,1527,713,54.68,3
dogs,boerboel,first-time-owners,commercial/dogs/boerboel/first-time-owners.html,1550,744,52.07,3
dogs,boerboel,health-costs,commercial/dogs/boerboel/health-costs.html,1509,688,53.85,3
dogs,boerboel,comparison,commercial/dogs/boerboel/vs-bluetick-coonhound.html,1660,679,38.57,4
dogs,boerboel,comparison,commercial/dogs/boerboel/vs-bohemian-shepherd.html,1664,674,36.99,4
dogs,bohemian-shepherd,best-enrichment,commercial/dogs/bohemian-shepherd/best-enrichment.html,1358,607,51.77,3
dogs,bohemian-shepherd,best-food,commercial/dogs/bohemian-shepherd/best-food.html,1369,660,52.08,8
dogs,bohemian-shepherd,best-habitat-size,commercial/dogs/bohemian-shepherd/best-habitat-size.html,1535,719,51.86,3
dogs,bohemian-shepherd,best-insurance,commercial/dogs/bohemian-shepherd/best-insurance.html,1411,622,53.83,3
dogs,bohemian-shepherd,cost-to-own,commercial/dogs/bohemian-shepherd/cost-to-own.html,1602,703,53.42,3
dogs,bohemian-shepherd,first-time-owners,commercial/dogs/bohemian-shepherd/first-time-owners.html,1614,738,51.22,3
dogs,bohemian-shepherd,health-costs,commercial/dogs/bohemian-shepherd/health-costs.html,1578,682,52.95,3
dogs,bohemian-shepherd,comparison,commercial/dogs/bohemian-shepherd/vs-boerboel.html,1672,676,37.8,4
dogs,bohemian-shepherd,comparison,commercial/dogs/bohemian-shepherd/vs-border-collie.html,1729,671,35.83,4
dogs,border-collie,best-enrichment,commercial/dogs/border-collie/best-enrichment.html,1367,614,51.04,3
dogs,border-collie,best-food,commercial/dogs/border-collie/best-food.html,1376,661,51.28,8
dogs,border-collie,best-habitat-size,commercial/dogs/border-collie/best-habitat-size.html,1550,729,51.04,3
dogs,border-collie,best-insurance,commercial/dogs/border-collie/best-insurance.html,1416,626,52.73,3
dogs,border-collie,cost-to-own,commercial/dogs/border-collie/cost-to-own.html,1611,715,52.63,3
dogs,border-collie,first-time-owners,commercial/dogs/border-collie/first-time-owners.html,1634,751,49.9,3
dogs,border-collie,health-costs,commercial/dogs/border-collie/health-costs.html,1595,690,51.14,3
dogs,border-collie,comparison,commercial/dogs/border-collie/vs-bohemian-shepherd.html,1730,670,37.17,4
dogs,border-collie,comparison,commercial/dogs/border-collie/vs-border-terrier.html,1702,666,37.31,4
dogs,border-terrier,best-enrichment,commercial/dogs/border-terrier/best-enrichment.html,1351,600,52.37,3
dogs,border-terrier,best-food,commercial/dogs/border-terrier/best-food.html,1360,647,52.69,8
dogs,border-terrier,best-habitat-size,commercial/dogs/border-terrier/best-habitat-size.html,1520,705,52.5,3
dogs,border-terrier,best-insurance,commercial/dogs/border-terrier/best-insurance.html,1411,620,54.73,3
dogs,border-terrier,cost-to-own,commercial/dogs/border-terrier/cost-to-own.html,1583,688,54.27,3
dogs,border-terrier,first-time-owners,commercial/dogs/border-terrier/first-time-owners.html,1589,722,51.99,3
dogs,border-terrier,health-costs,commercial/dogs/border-terrier/health-costs.html,1563,669,53.66,3
dogs,border-terrier,comparison,commercial/dogs/border-terrier/vs-border-collie.html,1700,666,38.5,4
dogs,border-terrier,comparison,commercial/dogs/border-terrier/vs-bordoodle.html,1633,623,38.52,4
dogs,bordoodle,best-enrichment,commercial/dogs/bordoodle/best-enrichment.html,1292,605,53.27,3
dogs,bordoodle,best-food,commercial/dogs/bordoodle/best-food.html,1303,651,53.76,8
dogs,bordoodle,best-habitat-size,commercial/dogs/bordoodle/best-habitat-size.html,1467,707,53.41,3
dogs,bordoodle,best-insurance,commercial/dogs/bordoodle/best-insurance.html,1357,623,55.97,3
dogs,bordoodle,cost-to-own,commercial/dogs/bordoodle/cost-to-own.html,1532,694,55.13,3
dogs,bordoodle,first-time-owners,commercial/dogs/bordoodle/first-time-owners.html,1540,727,52.62,3
dogs,bordoodle,health-costs,commercial/dogs/bordoodle/health-costs.html,1509,674,54.67,3
dogs,bordoodle,comparison,commercial/dogs/bordoodle/vs-border-terrier.html,1625,623,39.3,4
dogs,bordoodle,comparison,commercial/dogs/bordoodle/vs-borzoi.html,1638,668,37.28,4
dogs,borzoi,best-enrichment,commercial/dogs/borzoi/best-enrichment.html,1307,615,53.35,3
dogs,borzoi,best-food,commercial/dogs/borzoi/best-food.html,1316,665,53.27,8
dogs,borzoi,best-habitat-size,commercial/dogs/borzoi/best-habitat-size.html,1488,725,52.98,3
dogs,borzoi,best-insurance,commercial/dogs/borzoi/best-insurance.html,1360,624,53.69,3
dogs,borzoi,cost-to-own,commercial/dogs/borzoi/cost-to-own.html,1556,710,54.48,3
dogs,borzoi,first-time-owners,commercial/dogs/borzoi/first-time-owners.html,1583,745,51.89,3
dogs,borzoi,health-costs,commercial/dogs/borzoi/health-costs.html,1533,688,52.04,3
dogs,borzoi,comparison,commercial/dogs/borzoi/vs-bordoodle.html,1639,669,38.15,4
dogs,borzoi,comparison,commercial/dogs/borzoi/vs-boston-terrier.html,1693,684,36.26,4
dogs,boston-terrier,best-enrichment,commercial/dogs/boston-terrier/best-enrichment.html,1363,613,52.14,3
dogs,boston-terrier,best-food,commercial/dogs/boston-terrier/best-food.html,1370,663,52.43,8
dogs,boston-terrier,best-habitat-size,commercial/dogs/boston-terrier/best-habitat-size.html,1537,729,52.03,3
dogs,boston-terrier,best-insurance,commercial/dogs/boston-terrier/best-insurance.html,1411,626,53.42,3
dogs,boston-terrier,cost-to-own,commercial/dogs/boston-terrier/cost-to-own.html,1600,712,53.87,3
dogs,boston-terrier,first-time-owners,commercial/dogs/boston-terrier/first-time-owners.html,1621,748,51.41,3
dogs,boston-terrier,health-costs,commercial/dogs/boston-terrier/health-costs.html,1579,690,52.08,3
dogs,boston-terrier,comparison,commercial/dogs/boston-terrier/vs-borzoi.html,1701,683,36.62,4
dogs,boston-terrier,comparison,commercial/dogs/boston-terrier/vs-bouvier-des-flandres.html,1782,684,35.19,4
dogs,bouvier-des-flandres,best-enrichment,commercial/dogs/bouvier-des-flandres/best-enrichment.html,1417,614,50.76,3
dogs,bouvier-des-flandres,best-food,commercial/dogs/bouvier-des-flandres/best-food.html,1422,661,51.25,8
dogs,bouvier-des-flandres,best-habitat-size,commercial/dogs/bouvier-des-flandres/best-habitat-size.html,1596,729,50.98,3
dogs,bouvier-des-flandres,best-insurance,commercial/dogs/bouvier-des-flandres/best-insurance.html,1460,624,53.57,3
dogs,bouvier-des-flandres,cost-to-own,commercial/dogs/bouvier-des-flandres/cost-to-own.html,1671,716,52.3,3
dogs,bouvier-des-flandres,first-time-owners,commercial/dogs/bouvier-des-flandres/first-time-owners.html,1690,750,49.94,3
dogs,bouvier-des-flandres,health-costs,commercial/dogs/bouvier-des-flandres/health-costs.html,1635,693,52.51,3
dogs,bouvier-des-flandres,comparison,commercial/dogs/bouvier-des-flandres/vs-boston-terrier.html,1790,685,36.01,4
dogs,bouvier-des-flandres,comparison,commercial/dogs/bouvier-des-flandres/vs-boxer.html,1738,681,36.09,4
dogs,boxer,best-enrichment,commercial/dogs/boxer/best-enrichment.html,1294,609,53.75,3
dogs,boxer,best-food,commercial/dogs/boxer/best-food.html,1302,659,54.11,8
dogs,boxer,best-habitat-size,commercial/dogs/boxer/best-habitat-size.html,1471,720,53.8,3
dogs,boxer,best-insurance,commercial/dogs/boxer/best-insurance.html,1351,622,54.99,3
dogs,boxer,cost-to-own,commercial/dogs/boxer/cost-to-own.html,1530,706,55.58,3
dogs,boxer,first-time-owners,commercial/dogs/boxer/first-time-owners.html,1550,743,52.86,3
dogs,boxer,health-costs,commercial/dogs/boxer/health-costs.html,1510,686,53.62,3
dogs,boxer,comparison,commercial/dogs/boxer/vs-bouvier-des-flandres.html,1721,681,37.2,4
dogs,boxer,comparison,commercial/dogs/boxer/vs-boykin-spaniel.html,1622,665,36.9,4
dogs,boykin-spaniel,best-enrichment,commercial/dogs/boykin-spaniel/best-enrichment.html,1350,606,52.29,3
dogs,boykin-spaniel,best-food,commercial/dogs/boykin-spaniel/best-food.html,1357,653,52.27,8
dogs,boykin-spaniel,best-habitat-size,commercial/dogs/boykin-spaniel/best-habitat-size.html,1510,711,52.11,3
dogs,boykin-spaniel,best-insurance,commercial/dogs/boykin-spaniel/best-insurance.html,1409,628,52.73,3
dogs,boykin-spaniel,cost-to-own,commercial/dogs/boykin-spaniel/cost-to-own.html,1571,695,53.77,3
dogs,boykin-spaniel,first-time-owners,commercial/dogs/boykin-spaniel/first-time-owners.html,1577,729,51.83,3
dogs,boykin-spaniel,health-costs,commercial/dogs/boykin-spaniel/health-costs.html,1546,685,51.4,3
dogs,boykin-spaniel,comparison,commercial/dogs/boykin-spaniel/vs-boxer.html,1630,665,37.82,4
dogs,boykin-spaniel,comparison,commercial/dogs/boykin-spaniel/vs-bracco-italiano.html,1652,653,37.33,4
dogs,bracco-italiano,best-enrichment,commercial/dogs/bracco-italiano/best-enrichment.html,1354,605,52.27,3
dogs,bracco-italiano,best-food,commercial/dogs/bracco-italiano/best-food.html,1361,654,52.29,8
dogs,bracco-italiano,best-habitat-size,commercial/dogs/bracco-italiano/best-habitat-size.html,1516,711,52.03,3
dogs,bracco-italiano,best-insurance,commercial/dogs/bracco-italiano/best-insurance.html,1413,626,52.86,3
dogs,bracco-italiano,cost-to-own,commercial/dogs/bracco-italiano/cost-to-own.html,1577,696,53.68,3
dogs,bracco-italiano,first-time-owners,commercial/dogs/bracco-italiano/first-time-owners.html,1583,731,51.78,3
dogs,bracco-italiano,health-costs,commercial/dogs/bracco-italiano/health-costs.html,1552,685,51.7,3
dogs,bracco-italiano,comparison,commercial/dogs/bracco-italiano/vs-boykin-spaniel.html,1652,653,38.65,4
dogs,bracco-italiano,comparison,commercial/dogs/bracco-italiano/vs-briard.html,1672,671,37.85,4
dogs,briard,best-enrichment,commercial/dogs/briard/best-enrichment.html,1302,610,53.87,3
dogs,briard,best-food,commercial/dogs/briard/best-food.html,1311,659,54.25,8
dogs,briard,best-habitat-size,commercial/dogs/briard/best-habitat-size.html,1489,725,53.63,3
dogs,briard,best-insurance,commercial/dogs/briard/best-insurance.html,1355,622,55.72,3
dogs,briard,cost-to-own,commercial/dogs/briard/cost-to-own.html,1560,713,54.93,3
dogs,briard,first-time-owners,commercial/dogs/briard/first-time-owners.html,1583,744,52.52,3
dogs,briard,health-costs,commercial/dogs/briard/health-costs.html,1530,688,54.15,3
dogs,briard,comparison,commercial/dogs/briard/vs-bracco-italiano.html,1662,669,39.16,4
dogs,briard,comparison,commercial/dogs/briard/vs-brittany.html,1650,675,38.62,4
dogs,brittany,best-enrichment,commercial/dogs/brittany/best-enrichment.html,1308,611,53.52,3
dogs,brittany,best-food,commercial/dogs/brittany/best-food.html,1319,658,53.57,8
dogs,brittany,best-habitat-size,commercial/dogs/brittany/best-habitat-size.html,1489,717,53.67,3
dogs,brittany,best-insurance,commercial/dogs/brittany/best-insurance.html,1361,623,55.31,3
dogs,brittany,cost-to-own,commercial/dogs/brittany/cost-to-own.html,1548,703,55.28,3
dogs,brittany,first-time-owners,commercial/dogs/brittany/first-time-owners.html,1564,738,52.75,3
dogs,brittany,health-costs,commercial/dogs/brittany/health-costs.html,1527,684,54.18,3
dogs,brittany,comparison,commercial/dogs/brittany/vs-briard.html,1650,675,39.42,4
dogs,brittany,comparison,commercial/dogs/brittany/vs-brussels-griffon.html,1702,682,36.27,4
dogs,brussels-griffon,best-enrichment,commercial/dogs/brussels-griffon/best-enrichment.html,1368,615,51.48,3
dogs,brussels-griffon,best-food,commercial/dogs/brussels-griffon/best-food.html,1375,664,52.04,8
dogs,brussels-griffon,best-habitat-size,commercial/dogs/brussels-griffon/best-habitat-size.html,1549,733,51.36,3
dogs,brussels-griffon,best-insurance,commercial/dogs/brussels-griffon/best-insurance.html,1410,629,53.76,3
dogs,brussels-griffon,cost-to-own,commercial/dogs/brussels-griffon/cost-to-own.html,1627,717,53.05,3
dogs,brussels-griffon,first-time-owners,commercial/dogs/brussels-griffon/first-time-owners.html,1652,750,50.33,3
dogs,brussels-griffon,health-costs,commercial/dogs/brussels-griffon/health-costs.html,1589,696,51.64,3
dogs,brussels-griffon,comparison,commercial/dogs/brussels-griffon/vs-brittany.html,1711,683,37.01,4
dogs,brussels-griffon,comparison,commercial/dogs/brussels-griffon/vs-bull-terrier.html,1762,688,35.76,4
dogs,bull-terrier,best-enrichment,commercial/dogs/bull-terrier/best-enrichment.html,1359,614,52.81,3
dogs,bull-terrier,best-food,commercial/dogs/bull-terrier/best-food.html,1367,664,52.68,8
dogs,bull-terrier,best-habitat-size,commercial/dogs/bull-terrier/best-habitat-size.html,1537,735,52.52,3
dogs,bull-terrier,best-insurance,commercial/dogs/bull-terrier/best-insurance.html,1408,628,53.36,3
dogs,bull-terrier,cost-to-own,commercial/dogs/bull-terrier/cost-to-own.html,1604,714,53.94,3
dogs,bull-terrier,first-time-owners,commercial/dogs/bull-terrier/first-time-owners.html,1622,750,51.57,3
dogs,bull-terrier,health-costs,commercial/dogs/bull-terrier/health-costs.html,1577,696,51.94,3
dogs,bull-terrier,comparison,commercial/dogs/bull-terrier/vs-brussels-griffon.html,1764,691,36.66,4
dogs,bull-terrier,comparison,commercial/dogs/bull-terrier/vs-bulldog.html,1753,690,35.86,4
dogs,bulldog,best-enrichment,commercial/dogs/bulldog/best-enrichment.html,1407,612,50.2,3
dogs,bulldog,best-food,commercial/dogs/bulldog/best-food.html,1415,664,50.25,8
dogs,bulldog,best-habitat-size,commercial/dogs/bulldog/best-habitat-size.html,1576,730,50.34,3
dogs,bulldog,best-insurance,commercial/dogs/bulldog/best-insurance.html,1483,634,51.15,3
dogs,bulldog,cost-to-own,commercial/dogs/bulldog/cost-to-own.html,1641,713,52.34,3
dogs,bulldog,first-time-owners,commercial/dogs/bulldog/first-time-owners.html,1654,750,49.72,3
dogs,bulldog,health-costs,commercial/dogs/bulldog/health-costs.html,1650,693,50.12,3
dogs,bulldog,comparison,commercial/dogs/bulldog/vs-bull-terrier.html,1760,687,36.51,4
dogs,bulldog,comparison,commercial/dogs/bulldog/vs-bullmastiff.html,1711,686,36.41,4
dogs,bullmastiff,best-enrichment,commercial/dogs/bullmastiff/best-enrichment.html,1303,616,52.99,3
dogs,bullmastiff,best-food,commercial/dogs/bullmastiff/best-food.html,1312,663,53.56,8
dogs,bullmastiff,best-habitat-size,commercial/dogs/bullmastiff/best-habitat-size.html,1480,732,52.8,3
dogs,bullmastiff,best-insurance,commercial/dogs/bullmastiff/best-insurance.html,1356,628,55.1,3
dogs,bullmastiff,cost-to-own,commercial/dogs/bullmastiff/cost-to-own.html,1541,713,54.93,3
dogs,bullmastiff,first-time-owners,commercial/dogs/bullmastiff/first-time-owners.html,1564,749,52.36,3
dogs,bullmastiff,health-costs,commercial/dogs/bullmastiff/health-costs.html,1523,694,53.71,3
dogs,bullmastiff,comparison,commercial/dogs/bullmastiff/vs-bulldog.html,1697,686,37.06,4
dogs,bullmastiff,comparison,commercial/dogs/bullmastiff/vs-cairn-terrier.html,1664,678,35.88,4
dogs,cairn-terrier,best-enrichment,commercial/dogs/cairn-terrier/best-enrichment.html,1362,613,51.68,3
dogs,cairn-terrier,best-food,commercial/dogs/cairn-terrier/best-food.html,1368,657,52,8
dogs,cairn-terrier,best-habitat-size,commercial/dogs/cairn-terrier/best-habitat-size.html,1536,726,51.55,3
dogs,cairn-terrier,best-insurance,commercial/dogs/cairn-terrier/best-insurance.html,1407,622,53.78,3
dogs,cairn-terrier,cost-to-own,commercial/dogs/cairn-terrier/cost-to-own.html,1599,708,53.34,3
dogs,cairn-terrier,first-time-owners,commercial/dogs/cairn-terrier/first-time-owners.html,1617,741,50.74,3
dogs,cairn-terrier,health-costs,commercial/dogs/cairn-terrier/health-costs.html,1572,685,52.16,3
dogs,cairn-terrier,comparison,commercial/dogs/cairn-terrier/vs-bullmastiff.html,1669,677,36.87,4
dogs,cairn-terrier,comparison,commercial/dogs/cairn-terrier/vs-canaan-dog.html,1749,674,35.67,4
dogs,canaan-dog,best-enrichment,commercial/dogs/canaan-dog/best-enrichment.html,1372,609,51.32,3
dogs,canaan-dog,best-food,commercial/dogs/canaan-dog/best-food.html,1376,657,52.08,8
dogs,canaan-dog,best-habitat-size,commercial/dogs/canaan-dog/best-habitat-size.html,1561,731,51.24,3
dogs,canaan-dog,best-insurance,commercial/dogs/canaan-dog/best-insurance.html,1416,621,54.01,3
dogs,canaan-dog,cost-to-own,commercial/dogs/canaan-dog/cost-to-own.html,1634,709,52.81,3
dogs,canaan-dog,first-time-owners,commercial/dogs/canaan-dog/first-time-owners.html,1658,746,50.34,3
dogs,canaan-dog,health-costs,commercial/dogs/canaan-dog/health-costs.html,1600,689,52.36,3
dogs,canaan-dog,comparison,commercial/dogs/canaan-dog/vs-cairn-terrier.html,1750,675,36.91,4
dogs,canaan-dog,comparison,commercial/dogs/canaan-dog/vs-cane-corso.html,1757,685,36.01,4
dogs,cane-corso,best-enrichment,commercial/dogs/cane-corso/best-enrichment.html,1365,618,51.72,3
dogs,cane-corso,best-food,commercial/dogs/cane-corso/best-food.html,1370,663,51.91,8
dogs,cane-corso,best-habitat-size,commercial/dogs/cane-corso/best-habitat-size.html,1545,727,51.43,3
dogs,cane-corso,best-insurance,commercial/dogs/cane-corso/best-insurance.html,1409,627,52.75,3
dogs,cane-corso,cost-to-own,commercial/dogs/cane-corso/cost-to-own.html,1606,717,53.31,3
dogs,cane-corso,first-time-owners,commercial/dogs/cane-corso/first-time-owners.html,1627,749,51.2,3
dogs,cane-corso,health-costs,commercial/dogs/cane-corso/health-costs.html,1579,693,51.14,3
dogs,cane-corso,comparison,commercial/dogs/cane-corso/vs-canaan-dog.html,1758,686,36.83,4
dogs,cane-corso,comparison,commercial/dogs/cane-corso/vs-cardigan-welsh-corgi.html,1766,686,35.39,4
dogs,cardigan-welsh-corgi,best-enrichment,commercial/dogs/cardigan-welsh-corgi/best-enrichment.html,1422,615,49.99,3
dogs,cardigan-welsh-corgi,best-food,commercial/dogs/cardigan-welsh-corgi/best-food.html,1430,663,50.55,8
dogs,cardigan-welsh-corgi,best-habitat-size,commercial/dogs/cardigan-welsh-corgi/best-habitat-size.html,1598,728,50.31,3
dogs,cardigan-welsh-corgi,best-insurance,commercial/dogs/cardigan-welsh-corgi/best-insurance.html,1468,626,51.76,3
dogs,cardigan-welsh-corgi,cost-to-own,commercial/dogs/cardigan-welsh-corgi/cost-to-own.html,1669,710,51.85,3
dogs,cardigan-welsh-corgi,first-time-owners,commercial/dogs/cardigan-welsh-corgi/first-time-owners.html,1679,745,49.68,3
dogs,cardigan-welsh-corgi,health-costs,commercial/dogs/cardigan-welsh-corgi/health-costs.html,1639,688,50.31,3
dogs,cardigan-welsh-corgi,comparison,commercial/dogs/cardigan-welsh-corgi/vs-cane-corso.html,1774,685,36.37,4
dogs,cardigan-welsh-corgi,comparison,commercial/dogs/cardigan-welsh-corgi/vs-carolina-dog.html,1810,685,35.69,4
dogs,carolina-dog,best-enrichment,commercial/dogs/carolina-dog/best-enrichment.html,1378,616,51.48,3
dogs,carolina-dog,best-food,commercial/dogs/carolina-dog/best-food.html,1382,663,52.31,8
dogs,carolina-dog,best-habitat-size,commercial/dogs/carolina-dog/best-habitat-size.html,1569,732,51.24,3
dogs,carolina-dog,best-insurance,commercial/dogs/carolina-dog/best-insurance.html,1419,629,53.07,3
dogs,carolina-dog,cost-to-own,commercial/dogs/carolina-dog/cost-to-own.html,1637,720,52.88,3
dogs,carolina-dog,first-time-owners,commercial/dogs/carolina-dog/first-time-owners.html,1662,750,50.54,3
dogs,carolina-dog,health-costs,commercial/dogs/carolina-dog/health-costs.html,1606,698,50.95,3
dogs,carolina-dog,comparison,commercial/dogs/carolina-dog/vs-cardigan-welsh-corgi.html,1802,688,36.92,4
dogs,carolina-dog,comparison,commercial/dogs/carolina-dog/vs-carpathian-shepherd.html,1781,690,36.11,4
dogs,carpathian-shepherd,best-enrichment,commercial/dogs/carpathian-shepherd/best-enrichment.html,1360,612,51.33,3
dogs,carpathian-shepherd,best-food,commercial/dogs/carpathian-shepherd/best-food.html,1373,657,51.78,8
dogs,carpathian-shepherd,best-habitat-size,commercial/dogs/carpathian-shepherd/best-habitat-size.html,1543,725,51.03,3
dogs,carpathian-shepherd,best-insurance,commercial/dogs/carpathian-shepherd/best-insurance.html,1411,621,53.21,3
dogs,carpathian-shepherd,cost-to-own,commercial/dogs/carpathian-shepherd/cost-to-own.html,1611,711,52.54,3
dogs,carpathian-shepherd,first-time-owners,commercial/dogs/carpathian-shepherd/first-time-owners.html,1629,745,50.51,3
dogs,carpathian-shepherd,health-costs,commercial/dogs/carpathian-shepherd/health-costs.html,1584,686,51.68,3
dogs,carpathian-shepherd,comparison,commercial/dogs/carpathian-shepherd/vs-carolina-dog.html,1781,686,36.85,4
dogs,carpathian-shepherd,comparison,commercial/dogs/carpathian-shepherd/vs-caucasian-shepherd.html,1761,668,34.9,4
dogs,caucasian-shepherd,best-enrichment,commercial/dogs/caucasian-shepherd/best-enrichment.html,1358,611,51.57,3
dogs,caucasian-shepherd,best-food,commercial/dogs/caucasian-shepherd/best-food.html,1367,658,51.66,8
dogs,caucasian-shepherd,best-habitat-size,commercial/dogs/caucasian-shepherd/best-habitat-size.html,1539,734,51.32,3
dogs,caucasian-shepherd,best-insurance,commercial/dogs/caucasian-shepherd/best-insurance.html,1409,625,53.34,3
dogs,caucasian-shepherd,cost-to-own,commercial/dogs/caucasian-shepherd/cost-to-own.html,1611,716,52.66,3
dogs,caucasian-shepherd,first-time-owners,commercial/dogs/caucasian-shepherd/first-time-owners.html,1629,749,50.19,3
dogs,caucasian-shepherd,health-costs,commercial/dogs/caucasian-shepherd/health-costs.html,1584,694,51.8,3
dogs,caucasian-shepherd,comparison,commercial/dogs/caucasian-shepherd/vs-carpathian-shepherd.html,1760,668,36.54,4
dogs,caucasian-shepherd,comparison,commercial/dogs/caucasian-shepherd/vs-cavachon.html,1701,682,35.32,4
dogs,cavachon,best-enrichment,commercial/dogs/cavachon/best-enrichment.html,1296,605,53.1,3
dogs,cavachon,best-food,commercial/dogs/cavachon/best-food.html,1311,655,53.03,8
dogs,cavachon,best-habitat-size,commercial/dogs/cavachon/best-habitat-size.html,1473,719,52.45,3
dogs,cavachon,best-insurance,commercial/dogs/cavachon/best-insurance.html,1351,619,54.21,3
dogs,cavachon,cost-to-own,commercial/dogs/cavachon/cost-to-own.html,1536,702,54.14,3
dogs,cavachon,first-time-owners,commercial/dogs/cavachon/first-time-owners.html,1553,734,51.53,3
dogs,cavachon,health-costs,commercial/dogs/cavachon/health-costs.html,1512,683,52.37,3
dogs,cavachon,comparison,commercial/dogs/cavachon/vs-caucasian-shepherd.html,1696,681,36.31,4
dogs,cavachon,comparison,commercial/dogs/cavachon/vs-cavalier-king-charles.html,1734,650,34.52,4
dogs,cavalier-king-charles,best-enrichment,commercial/dogs/cavalier-king-charles/best-enrichment.html,1470,601,49.25,3
dogs,cavalier-king-charles,best-food,commercial/dogs/cavalier-king-charles/best-food.html,1475,650,49.88,8
dogs,cavalier-king-charles,best-habitat-size,commercial/dogs/cavalier-king-charles/best-habitat-size.html,1634,708,49.83,3
dogs,cavalier-king-charles,best-insurance,commercial/dogs/cavalier-king-charles/best-insurance.html,1520,623,52.15,3
dogs,cavalier-king-charles,cost-to-own,commercial/dogs/cavalier-king-charles/cost-to-own.html,1701,691,51.62,3
dogs,cavalier-king-charles,first-time-owners,commercial/dogs/cavalier-king-charles/first-time-owners.html,1703,725,49.2,3
dogs,cavalier-king-charles,health-costs,commercial/dogs/cavalier-king-charles/health-costs.html,1675,673,51.08,3
dogs,cavalier-king-charles,comparison,commercial/dogs/cavalier-king-charles/vs-cavachon.html,1754,648,35.79,4
dogs,cavalier-king-charles,comparison,commercial/dogs/cavalier-king-charles/vs-cavalier-king-charles-spaniel.html,1874,644,36.93,4
dogs,cavalier-king-charles-spaniel,best-enrichment,commercial/dogs/cavalier-king-charles-spaniel/best-enrichment.html,1486,609,53.23,3
dogs,cavalier-king-charles-spaniel,best-food,commercial/dogs/cavalier-king-charles-spaniel/best-food.html,1489,658,53.26,8
dogs,cavalier-king-charles-spaniel,best-habitat-size,commercial/dogs/cavalier-king-charles-spaniel/best-habitat-size.html,1659,721,53.13,3
dogs,cavalier-king-charles-spaniel,best-insurance,commercial/dogs/cavalier-king-charles-spaniel/best-insurance.html,1524,621,54.26,3
dogs,cavalier-king-charles-spaniel,cost-to-own,commercial/dogs/cavalier-king-charles-spaniel/cost-to-own.html,1726,705,54.79,3
dogs,cavalier-king-charles-spaniel,first-time-owners,commercial/dogs/cavalier-king-charles-spaniel/first-time-owners.html,1743,740,52.35,3
dogs,cavalier-king-charles-spaniel,health-costs,commercial/dogs/cavalier-king-charles-spaniel/health-costs.html,1699,686,53.13,3
dogs,cavalier-king-charles-spaniel,comparison,commercial/dogs/cavalier-king-charles-spaniel/vs-cavalier-king-charles.html,1874,644,42.02,4
dogs,cavalier-king-charles-spaniel,comparison,commercial/dogs/cavalier-king-charles-spaniel/vs-cavapoo.html,1787,662,41.16,4
dogs,cavapoo,best-enrichment,commercial/dogs/cavapoo/best-enrichment.html,1304,611,53,3
dogs,cavapoo,best-food,commercial/dogs/cavapoo/best-food.html,1320,660,53.56,8
dogs,cavapoo,best-habitat-size,commercial/dogs/cavapoo/best-habitat-size.html,1488,724,52.81,3
dogs,cavapoo,best-insurance,commercial/dogs/cavapoo/best-insurance.html,1360,625,55.21,3
dogs,cavapoo,cost-to-own,commercial/dogs/cavapoo/cost-to-own.html,1551,706,54.61,3
dogs,cavapoo,first-time-owners,commercial/dogs/cavapoo/first-time-owners.html,1565,740,52.27,3
dogs,cavapoo,health-costs,commercial/dogs/cavapoo/health-costs.html,1527,687,53.5,3
dogs,cavapoo,comparison,commercial/dogs/cavapoo/vs-cavalier-king-charles-spaniel.html,1768,665,42.07,4
dogs,cavapoo,comparison,commercial/dogs/cavapoo/vs-central-asian-shepherd.html,1748,680,38.02,4
dogs,central-asian-shepherd,best-enrichment,commercial/dogs/central-asian-shepherd/best-enrichment.html,1422,611,50.59,3
dogs,central-asian-shepherd,best-food,commercial/dogs/central-asian-shepherd/best-food.html,1427,660,51.28,8
dogs,central-asian-shepherd,best-habitat-size,commercial/dogs/central-asian-shepherd/best-habitat-size.html,1605,731,50.88,3
dogs,central-asian-shepherd,best-insurance,commercial/dogs/central-asian-shepherd/best-insurance.html,1466,622,53.48,3
dogs,central-asian-shepherd,cost-to-own,commercial/dogs/central-asian-shepherd/cost-to-own.html,1679,714,52.43,3
dogs,central-asian-shepherd,first-time-owners,commercial/dogs/central-asian-shepherd/first-time-owners.html,1695,747,50.08,3
dogs,central-asian-shepherd,health-costs,commercial/dogs/central-asian-shepherd/health-costs.html,1644,689,52.1,3
dogs,central-asian-shepherd,comparison,commercial/dogs/central-asian-shepherd/vs-cavapoo.html,1759,682,38.57,4
dogs,central-asian-shepherd,comparison,commercial/dogs/central-asian-shepherd/vs-cesky-terrier.html,1762,665,37.54,4
dogs,cesky-terrier,best-enrichment,commercial/dogs/cesky-terrier/best-enrichment.html,1353,605,51.22,3
dogs,cesky-terrier,best-food,commercial/dogs/cesky-terrier/best-food.html,1362,653,51.87,8
dogs,cesky-terrier,best-habitat-size,commercial/dogs/cesky-terrier/best-habitat-size.html,1521,711,51.64,3
dogs,cesky-terrier,best-insurance,commercial/dogs/cesky-terrier/best-insurance.html,1413,626,54.24,3
dogs,cesky-terrier,cost-to-own,commercial/dogs/cesky-terrier/cost-to-own.html,1584,693,53.38,3
dogs,cesky-terrier,first-time-owners,commercial/dogs/cesky-terrier/first-time-owners.html,1590,727,51.13,3
dogs,cesky-terrier,health-costs,commercial/dogs/cesky-terrier/health-costs.html,1564,675,52.89,3
dogs,cesky-terrier,comparison,commercial/dogs/cesky-terrier/vs-central-asian-shepherd.html,1757,668,38.64,4
dogs,cesky-terrier,comparison,commercial/dogs/cesky-terrier/vs-chesapeake-bay-retriever.html,1706,630,37.28,4
dogs,chesapeake-bay-retriever,best-enrichment,commercial/dogs/chesapeake-bay-retriever/best-enrichment.html,1408,605,49.75,3
dogs,chesapeake-bay-retriever,best-food,commercial/dogs/chesapeake-bay-retriever/best-food.html,1415,651,50.19,8
dogs,chesapeake-bay-retriever,best-habitat-size,commercial/dogs/chesapeake-bay-retriever/best-habitat-size.html,1575,706,49.99,3
dogs,chesapeake-bay-retriever,best-insurance,commercial/dogs/chesapeake-bay-retriever/best-insurance.html,1463,623,52.47,3
dogs,chesapeake-bay-retriever,cost-to-own,commercial/dogs/chesapeake-bay-retriever/cost-to-own.html,1638,692,51.91,3
dogs,chesapeake-bay-retriever,first-time-owners,commercial/dogs/chesapeake-bay-retriever/first-time-owners.html,1642,727,49.69,3
dogs,chesapeake-bay-retriever,health-costs,commercial/dogs/chesapeake-bay-retriever/health-costs.html,1615,674,52.02,3
dogs,chesapeake-bay-retriever,comparison,commercial/dogs/chesapeake-bay-retriever/vs-cesky-terrier.html,1712,628,37.3,4
dogs,chesapeake-bay-retriever,comparison,commercial/dogs/chesapeake-bay-retriever/vs-chi-poo.html,1673,630,38.79,4
dogs,chi-poo,best-enrichment,commercial/dogs/chi-poo/best-enrichment.html,1294,604,53.57,3
dogs,chi-poo,best-food,commercial/dogs/chi-poo/best-food.html,1305,651,54.36,8
dogs,chi-poo,best-habitat-size,commercial/dogs/chi-poo/best-habitat-size.html,1466,710,53.89,3
dogs,chi-poo,best-insurance,commercial/dogs/chi-poo/best-insurance.html,1359,624,57,3
dogs,chi-poo,cost-to-own,commercial/dogs/chi-poo/cost-to-own.html,1527,693,55.75,3
dogs,chi-poo,first-time-owners,commercial/dogs/chi-poo/first-time-owners.html,1535,726,53.56,3
dogs,chi-poo,health-costs,commercial/dogs/chi-poo/health-costs.html,1510,674,55.85,3
dogs,chi-poo,comparison,commercial/dogs/chi-poo/vs-chesapeake-bay-retriever.html,1657,629,39.59,4
dogs,chi-poo,comparison,commercial/dogs/chi-poo/vs-chihuahua.html,1610,673,37.28,4
dogs,chihuahua,best-enrichment,commercial/dogs/chihuahua/best-enrichment.html,1306,607,52.25,3
dogs,chihuahua,best-food,commercial/dogs/chihuahua/best-food.html,1316,657,52.39,8
dogs,chihuahua,best-habitat-size,commercial/dogs/chihuahua/best-habitat-size.html,1492,727,52.35,3
dogs,chihuahua,best-insurance,commercial/dogs/chihuahua/best-insurance.html,1363,624,53.18,3
dogs,chihuahua,cost-to-own,commercial/dogs/chihuahua/cost-to-own.html,1553,710,53.8,3
dogs,chihuahua,first-time-owners,commercial/dogs/chihuahua/first-time-owners.html,1576,748,51.18,3
dogs,chihuahua,health-costs,commercial/dogs/chihuahua/health-costs.html,1539,692,51.43,3
dogs,chihuahua,comparison,commercial/dogs/chihuahua/vs-chi-poo.html,1609,672,38.37,4
dogs,chihuahua,comparison,commercial/dogs/chihuahua/vs-chinese-crested.html,1724,682,34.52,4
dogs,chinese-crested,best-enrichment,commercial/dogs/chinese-crested/best-enrichment.html,1371,610,50.94,3
dogs,chinese-crested,best-food,commercial/dogs/chinese-crested/best-food.html,1382,659,51.19,8
dogs,chinese-crested,best-habitat-size,commercial/dogs/chinese-crested/best-habitat-size.html,1558,732,51.04,3
dogs,chinese-crested,best-insurance,commercial/dogs/chinese-crested/best-insurance.html,1433,624,51.51,3
dogs,chinese-crested,cost-to-own,commercial/dogs/chinese-crested/cost-to-own.html,1636,712,52.22,3
dogs,chinese-crested,first-time-owners,commercial/dogs/chinese-crested/first-time-owners.html,1661,748,50.19,3
dogs,chinese-crested,health-costs,commercial/dogs/chinese-crested/health-costs.html,1622,688,50.01,3
dogs,chinese-crested,comparison,commercial/dogs/chinese-crested/vs-chihuahua.html,1733,682,35.82,4
dogs,chinese-crested,comparison,commercial/dogs/chinese-crested/vs-chinese-shar-pei.html,1782,687,35.02,4
dogs,chinese-shar-pei,best-enrichment,commercial/dogs/chinese-shar-pei/best-enrichment.html,1360,610,51.66,3
dogs,chinese-shar-pei,best-food,commercial/dogs/chinese-shar-pei/best-food.html,1371,659,51.39,8
dogs,chinese-shar-pei,best-habitat-size,commercial/dogs/chinese-shar-pei/best-habitat-size.html,1543,728,51.5,3
dogs,chinese-shar-pei,best-insurance,commercial/dogs/chinese-shar-pei/best-insurance.html,1431,626,52.15,3
dogs,chinese-shar-pei,cost-to-own,commercial/dogs/chinese-shar-pei/cost-to-own.html,1612,711,53.06,3
dogs,chinese-shar-pei,first-time-owners,commercial/dogs/chinese-shar-pei/first-time-owners.html,1630,746,50.74,3
dogs,chinese-shar-pei,health-costs,commercial/dogs/chinese-shar-pei/health-costs.html,1613,691,50.66,3
dogs,chinese-shar-pei,comparison,commercial/dogs/chinese-shar-pei/vs-chinese-crested.html,1782,686,36.54,4
dogs,chinese-shar-pei,comparison,commercial/dogs/chinese-shar-pei/vs-chorkie.html,1701,677,36.15,4
dogs,chorkie,best-enrichment,commercial/dogs/chorkie/best-enrichment.html,1303,605,52.54,3
dogs,chorkie,best-food,commercial/dogs/chorkie/best-food.html,1314,655,53.38,8
dogs,chorkie,best-habitat-size,commercial/dogs/chorkie/best-habitat-size.html,1486,727,52.59,3
dogs,chorkie,best-insurance,commercial/dogs/chorkie/best-insurance.html,1352,622,54.91,3
dogs,chorkie,cost-to-own,commercial/dogs/chorkie/cost-to-own.html,1543,711,54.29,3
dogs,chorkie,first-time-owners,commercial/dogs/chorkie/first-time-owners.html,1566,742,51.67,3
dogs,chorkie,health-costs,commercial/dogs/chorkie/health-costs.html,1519,690,52.71,3
dogs,chorkie,comparison,commercial/dogs/chorkie/vs-chinese-shar-pei.html,1694,680,36.87,4
dogs,chorkie,comparison,commercial/dogs/chorkie/vs-chow-chow.html,1670,665,36.78,4
dogs,chow-chow,best-enrichment,commercial/dogs/chow-chow/best-enrichment.html,1362,604,51.76,3
dogs,chow-chow,best-food,commercial/dogs/chow-chow/best-food.html,1375,653,52.04,8
dogs,chow-chow,best-habitat-size,commercial/dogs/chow-chow/best-habitat-size.html,1538,709,52.19,3
dogs,chow-chow,best-insurance,commercial/dogs/chow-chow/best-insurance.html,1416,623,54.36,3
dogs,chow-chow,cost-to-own,commercial/dogs/chow-chow/cost-to-own.html,1597,693,53.69,3
dogs,chow-chow,first-time-owners,commercial/dogs/chow-chow/first-time-owners.html,1607,727,51.56,3
dogs,chow-chow,health-costs,commercial/dogs/chow-chow/health-costs.html,1575,674,53.36,3
dogs,chow-chow,comparison,commercial/dogs/chow-chow/vs-chorkie.html,1679,665,37.21,4
dogs,chow-chow,comparison,commercial/dogs/chow-chow/vs-cirneco-dell-etna.html,1728,664,35.54,4
dogs,cirneco-dell-etna,best-enrichment,commercial/dogs/cirneco-dell-etna/best-enrichment.html,1373,615,51.17,3
dogs,cirneco-dell-etna,best-food,commercial/dogs/cirneco-dell-etna/best-food.html,1384,659,51.38,8
dogs,cirneco-dell-etna,best-habitat-size,commercial/dogs/cirneco-dell-etna/best-habitat-size.html,1554,718,50.77,3
dogs,cirneco-dell-etna,best-insurance,commercial/dogs/cirneco-dell-etna/best-insurance.html,1421,624,51.97,3
dogs,cirneco-dell-etna,cost-to-own,commercial/dogs/cirneco-dell-etna/cost-to-own.html,1611,705,52.86,3
dogs,cirneco-dell-etna,first-time-owners,commercial/dogs/cirneco-dell-etna/first-time-owners.html,1636,741,50.38,3
dogs,cirneco-dell-etna,health-costs,commercial/dogs/cirneco-dell-etna/health-costs.html,1594,686,50.43,3
dogs,cirneco-dell-etna,comparison,commercial/dogs/cirneco-dell-etna/vs-chow-chow.html,1728,666,36.09,4
dogs,cirneco-dell-etna,comparison,commercial/dogs/cirneco-dell-etna/vs-clumber-spaniel.html,1749,675,34.47,4
dogs,clumber-spaniel,best-enrichment,commercial/dogs/clumber-spaniel/best-enrichment.html,1365,609,51.16,3
dogs,clumber-spaniel,best-food,commercial/dogs/clumber-spaniel/best-food.html,1372,658,51.31,8
dogs,clumber-spaniel,best-habitat-size,commercial/dogs/clumber-spaniel/best-habitat-size.html,1544,725,51.35,3
dogs,clumber-spaniel,best-insurance,commercial/dogs/clumber-spaniel/best-insurance.html,1413,622,53.13,3
dogs,clumber-spaniel,cost-to-own,commercial/dogs/clumber-spaniel/cost-to-own.html,1613,709,52.66,3
dogs,clumber-spaniel,first-time-owners,commercial/dogs/clumber-spaniel/first-time-owners.html,1634,741,50.2,3
dogs,clumber-spaniel,health-costs,commercial/dogs/clumber-spaniel/health-costs.html,1586,688,51.83,3
dogs,clumber-spaniel,comparison,commercial/dogs/clumber-spaniel/vs-cirneco-dell-etna.html,1749,672,35.24,4
dogs,clumber-spaniel,comparison,commercial/dogs/clumber-spaniel/vs-cockapoo.html,1748,680,35.02,4
dogs,cockapoo,best-enrichment,commercial/dogs/cockapoo/best-enrichment.html,1322,611,52.8,3
dogs,cockapoo,best-food,commercial/dogs/cockapoo/best-food.html,1354,663,53.14,8
dogs,cockapoo,best-habitat-size,commercial/dogs/cockapoo/best-habitat-size.html,1537,733,52.53,3
dogs,cockapoo,best-insurance,commercial/dogs/cockapoo/best-insurance.html,1378,630,54.25,3
dogs,cockapoo,cost-to-own,commercial/dogs/cockapoo/cost-to-own.html,1584,714,54.29,3
dogs,cockapoo,first-time-owners,commercial/dogs/cockapoo/first-time-owners.html,1598,748,51.71,3
dogs,cockapoo,health-costs,commercial/dogs/cockapoo/health-costs.html,1560,694,52.28,3
dogs,cockapoo,comparison,commercial/dogs/cockapoo/vs-clumber-spaniel.html,1741,678,36.26,4
dogs,cockapoo,comparison,commercial/dogs/cockapoo/vs-cocker-spaniel.html,1716,679,36.2,4
dogs,cocker-spaniel,best-enrichment,commercial/dogs/cocker-spaniel/best-enrichment.html,1358,610,52.05,3
dogs,cocker-spaniel,best-food,commercial/dogs/cocker-spaniel/best-food.html,1368,662,52.07,8
dogs,cocker-spaniel,best-habitat-size,commercial/dogs/cocker-spaniel/best-habitat-size.html,1532,725,52.26,3
dogs,cocker-spaniel,best-insurance,commercial/dogs/cocker-spaniel/best-insurance.html,1409,625,53.27,3
dogs,cocker-spaniel,cost-to-own,commercial/dogs/cocker-spaniel/cost-to-own.html,1595,705,53.81,3
dogs,cocker-spaniel,first-time-owners,commercial/dogs/cocker-spaniel/first-time-owners.html,1607,742,51.53,3
dogs,cocker-spaniel,health-costs,commercial/dogs/cocker-spaniel/health-costs.html,1574,687,52.05,3
dogs,cocker-spaniel,comparison,commercial/dogs/cocker-spaniel/vs-cockapoo.html,1721,679,37.23,4
dogs,cocker-spaniel,comparison,commercial/dogs/cocker-spaniel/vs-collie.html,1676,676,36.48,4
dogs,collie,best-enrichment,commercial/dogs/collie/best-enrichment.html,1304,612,53.6,3
dogs,collie,best-food,commercial/dogs/collie/best-food.html,1318,664,53.54,8
dogs,collie,best-habitat-size,commercial/dogs/collie/best-habitat-size.html,1487,730,53.55,3
dogs,collie,best-insurance,commercial/dogs/collie/best-insurance.html,1366,623,54.37,3
dogs,collie,cost-to-own,commercial/dogs/collie/cost-to-own.html,1557,712,54.86,3
dogs,collie,first-time-owners,commercial/dogs/collie/first-time-owners.html,1571,748,52.53,3
dogs,collie,health-costs,commercial/dogs/collie/health-costs.html,1537,690,52.94,3
dogs,collie,comparison,commercial/dogs/collie/vs-cocker-spaniel.html,1673,678,37.97,4
dogs,collie,comparison,commercial/dogs/collie/vs-coton-de-tulear.html,1701,666,36.35,4
dogs,coton-de-tulear,best-enrichment,commercial/dogs/coton-de-tulear/best-enrichment.html,1411,605,50.57,3
dogs,coton-de-tulear,best-food,commercial/dogs/coton-de-tulear/best-food.html,1418,651,50.59,8
dogs,coton-de-tulear,best-habitat-size,commercial/dogs/coton-de-tulear/best-habitat-size.html,1579,710,51.04,3
dogs,coton-de-tulear,best-insurance,commercial/dogs/coton-de-tulear/best-insurance.html,1466,624,52.05,3
dogs,coton-de-tulear,cost-to-own,commercial/dogs/coton-de-tulear/cost-to-own.html,1644,694,52.45,3
dogs,coton-de-tulear,first-time-owners,commercial/dogs/coton-de-tulear/first-time-owners.html,1648,727,50.43,3
dogs,coton-de-tulear,health-costs,commercial/dogs/coton-de-tulear/health-costs.html,1621,675,51.28,3
dogs,coton-de-tulear,comparison,commercial/dogs/coton-de-tulear/vs-collie.html,1713,666,37.26,4
dogs,coton-de-tulear,comparison,commercial/dogs/coton-de-tulear/vs-croatian-sheepdog.html,1715,631,36.03,4
dogs,croatian-sheepdog,best-enrichment,commercial/dogs/croatian-sheepdog/best-enrichment.html,1352,607,51.75,3
dogs,croatian-sheepdog,best-food,commercial/dogs/croatian-sheepdog/best-food.html,1361,653,51.93,8
dogs,croatian-sheepdog,best-habitat-size,commercial/dogs/croatian-sheepdog/best-habitat-size.html,1523,709,51.72,3
dogs,croatian-sheepdog,best-insurance,commercial/dogs/croatian-sheepdog/best-insurance.html,1412,624,53.8,3
dogs,croatian-sheepdog,cost-to-own,commercial/dogs/croatian-sheepdog/cost-to-own.html,1584,695,53.73,3
dogs,croatian-sheepdog,first-time-owners,commercial/dogs/croatian-sheepdog/first-time-owners.html,1590,729,51.29,3
dogs,croatian-sheepdog,health-costs,commercial/dogs/croatian-sheepdog/health-costs.html,1564,676,52.75,3
dogs,croatian-sheepdog,comparison,commercial/dogs/croatian-sheepdog/vs-coton-de-tulear.html,1707,632,36.53,4
dogs,croatian-sheepdog,comparison,commercial/dogs/croatian-sheepdog/vs-dachshund.html,1702,673,36.02,4
dogs,dachshund,best-enrichment,commercial/dogs/dachshund/best-enrichment.html,1303,608,53.29,3
dogs,dachshund,best-food,commercial/dogs/dachshund/best-food.html,1325,661,53.12,8
dogs,dachshund,best-habitat-size,commercial/dogs/dachshund/best-habitat-size.html,1511,731,52.64,3
dogs,dachshund,best-insurance,commercial/dogs/dachshund/best-insurance.html,1369,627,53.87,3
dogs,dachshund,cost-to-own,commercial/dogs/dachshund/cost-to-own.html,1580,713,54.09,3
dogs,dachshund,first-time-owners,commercial/dogs/dachshund/first-time-owners.html,1591,749,51.76,3
dogs,dachshund,health-costs,commercial/dogs/dachshund/health-costs.html,1550,692,52.33,3
dogs,dachshund,comparison,commercial/dogs/dachshund/vs-croatian-sheepdog.html,1693,670,37.32,4
dogs,dachshund,comparison,commercial/dogs/dachshund/vs-dalmatian.html,1693,691,35.74,4
dogs,dalmatian,best-enrichment,commercial/dogs/dalmatian/best-enrichment.html,1305,610,53.18,3
dogs,dalmatian,best-food,commercial/dogs/dalmatian/best-food.html,1313,660,53.23,8
dogs,dalmatian,best-habitat-size,commercial/dogs/dalmatian/best-habitat-size.html,1486,727,52.51,3
dogs,dalmatian,best-insurance,commercial/dogs/dalmatian/best-insurance.html,1349,625,54.13,3
dogs,dalmatian,cost-to-own,commercial/dogs/dalmatian/cost-to-own.html,1551,713,54.39,3
dogs,dalmatian,first-time-owners,commercial/dogs/dalmatian/first-time-owners.html,1576,745,51.6,3
dogs,dalmatian,health-costs,commercial/dogs/dalmatian/health-costs.html,1518,690,52.21,3
dogs,dalmatian,comparison,commercial/dogs/dalmatian/vs-dachshund.html,1695,692,36.66,4
dogs,dalmatian,comparison,commercial/dogs/dalmatian/vs-dandie-dinmont-terrier.html,1698,666,36.92,4
dogs,dandie-dinmont-terrier,best-enrichment,commercial/dogs/dandie-dinmont-terrier/best-enrichment.html,1410,603,51.16,3
dogs,dandie-dinmont-terrier,best-food,commercial/dogs/dandie-dinmont-terrier/best-food.html,1417,650,51.35,8
dogs,dandie-dinmont-terrier,best-habitat-size,commercial/dogs/dandie-dinmont-terrier/best-habitat-size.html,1577,707,51.52,3
dogs,dandie-dinmont-terrier,best-insurance,commercial/dogs/dandie-dinmont-terrier/best-insurance.html,1465,623,53.33,3
dogs,dandie-dinmont-terrier,cost-to-own,commercial/dogs/dandie-dinmont-terrier/cost-to-own.html,1642,689,53.16,3
dogs,dandie-dinmont-terrier,first-time-owners,commercial/dogs/dandie-dinmont-terrier/first-time-owners.html,1646,723,51.16,3
dogs,dandie-dinmont-terrier,health-costs,commercial/dogs/dandie-dinmont-terrier/health-costs.html,1619,671,52.81,3
dogs,dandie-dinmont-terrier,comparison,commercial/dogs/dandie-dinmont-terrier/vs-dalmatian.html,1712,668,37.3,4
dogs,dandie-dinmont-terrier,comparison,commercial/dogs/dandie-dinmont-terrier/vs-doberman-pinscher.html,1733,667,36.53,4
dogs,doberman-pinscher,best-enrichment,commercial/dogs/doberman-pinscher/best-enrichment.html,1362,613,51.57,3
dogs,doberman-pinscher,best-food,commercial/dogs/doberman-pinscher/best-food.html,1372,663,51.52,8
dogs,doberman-pinscher,best-habitat-size,commercial/dogs/doberman-pinscher/best-habitat-size.html,1543,724,51.29,3
dogs,doberman-pinscher,best-insurance,commercial/dogs/doberman-pinscher/best-insurance.html,1413,627,52.61,3
dogs,doberman-pinscher,cost-to-own,commercial/dogs/doberman-pinscher/cost-to-own.html,1604,715,53.03,3
dogs,doberman-pinscher,first-time-owners,commercial/dogs/doberman-pinscher/first-time-owners.html,1616,748,50.74,3
dogs,doberman-pinscher,health-costs,commercial/dogs/doberman-pinscher/health-costs.html,1583,691,51.14,3
dogs,doberman-pinscher,comparison,commercial/dogs/doberman-pinscher/vs-dandie-dinmont-terrier.html,1727,667,37.21,4
dogs,doberman-pinscher,comparison,commercial/dogs/doberman-pinscher/vs-dogo-argentino.html,1718,683,35.66,4
dogs,dogo-argentino,best-enrichment,commercial/dogs/dogo-argentino/best-enrichment.html,1367,618,51.28,3
dogs,dogo-argentino,best-food,commercial/dogs/dogo-argentino/best-food.html,1374,667,51.59,8
dogs,dogo-argentino,best-habitat-size,commercial/dogs/dogo-argentino/best-habitat-size.html,1550,733,51.14,3
dogs,dogo-argentino,best-insurance,commercial/dogs/dogo-argentino/best-insurance.html,1415,631,53.44,3
dogs,dogo-argentino,cost-to-own,commercial/dogs/dogo-argentino/cost-to-own.html,1611,717,53.05,3
dogs,dogo-argentino,first-time-owners,commercial/dogs/dogo-argentino/first-time-owners.html,1632,752,50.53,3
dogs,dogo-argentino,health-costs,commercial/dogs/dogo-argentino/health-costs.html,1590,697,52.07,3
dogs,dogo-argentino,comparison,commercial/dogs/dogo-argentino/vs-doberman-pinscher.html,1718,683,36.64,4
dogs,dogo-argentino,comparison,commercial/dogs/dogo-argentino/vs-dogue-de-bordeaux.html,1738,668,37.05,4
dogs,dogue-de-bordeaux,best-enrichment,commercial/dogs/dogue-de-bordeaux/best-enrichment.html,1411,606,51.15,3
dogs,dogue-de-bordeaux,best-food,commercial/dogs/dogue-de-bordeaux/best-food.html,1418,653,51.3,8
dogs,dogue-de-bordeaux,best-habitat-size,commercial/dogs/dogue-de-bordeaux/best-habitat-size.html,1578,711,51.43,3
dogs,dogue-de-bordeaux,best-insurance,commercial/dogs/dogue-de-bordeaux/best-insurance.html,1466,625,53.01,3
dogs,dogue-de-bordeaux,cost-to-own,commercial/dogs/dogue-de-bordeaux/cost-to-own.html,1643,695,52.98,3
dogs,dogue-de-bordeaux,first-time-owners,commercial/dogs/dogue-de-bordeaux/first-time-owners.html,1647,730,51.21,3
dogs,dogue-de-bordeaux,health-costs,commercial/dogs/dogue-de-bordeaux/health-costs.html,1620,676,52.73,3
dogs,dogue-de-bordeaux,comparison,commercial/dogs/dogue-de-bordeaux/vs-dogo-argentino.html,1745,667,37.97,4
dogs,dogue-de-bordeaux,comparison,commercial/dogs/dogue-de-bordeaux/vs-dutch-shepherd.html,1778,667,36.63,4
dogs,dutch-shepherd,best-enrichment,commercial/dogs/dutch-shepherd/best-enrichment.html,1365,616,51.44,3
dogs,dutch-shepherd,best-food,commercial/dogs/dutch-shepherd/best-food.html,1380,662,51.51,8
dogs,dutch-shepherd,best-habitat-size,commercial/dogs/dutch-shepherd/best-habitat-size.html,1551,726,51.29,3
dogs,dutch-shepherd,best-insurance,commercial/dogs/dutch-shepherd/best-insurance.html,1415,625,53.61,3
dogs,dutch-shepherd,cost-to-own,commercial/dogs/dutch-shepherd/cost-to-own.html,1626,714,52.88,3
dogs,dutch-shepherd,first-time-owners,commercial/dogs/dutch-shepherd/first-time-owners.html,1640,744,50.75,3
dogs,dutch-shepherd,health-costs,commercial/dogs/dutch-shepherd/health-costs.html,1589,691,52.74,3
dogs,dutch-shepherd,comparison,commercial/dogs/dutch-shepherd/vs-dogue-de-bordeaux.html,1773,668,37.33,4
dogs,dutch-shepherd,comparison,commercial/dogs/dutch-shepherd/vs-east-european-shepherd.html,1823,680,35.57,4
dogs,east-european-shepherd,best-enrichment,commercial/dogs/east-european-shepherd/best-enrichment.html,1424,614,50.32,3
dogs,east-european-shepherd,best-food,commercial/dogs/east-european-shepherd/best-food.html,1435,662,50.6,8
dogs,east-european-shepherd,best-habitat-size,commercial/dogs/east-european-shepherd/best-habitat-size.html,1611,726,50.26,3
dogs,east-european-shepherd,best-insurance,commercial/dogs/east-european-shepherd/best-insurance.html,1470,626,52.49,3
dogs,east-european-shepherd,cost-to-own,commercial/dogs/east-european-shepherd/cost-to-own.html,1676,716,51.78,3
dogs,east-european-shepherd,first-time-owners,commercial/dogs/east-european-shepherd/first-time-owners.html,1692,752,49.64,3
dogs,east-european-shepherd,health-costs,commercial/dogs/east-european-shepherd/health-costs.html,1649,692,51.72,3
dogs,east-european-shepherd,comparison,commercial/dogs/east-european-shepherd/vs-dutch-shepherd.html,1830,679,36.64,4
dogs,east-european-shepherd,comparison,commercial/dogs/east-european-shepherd/vs-english-bulldog.html,1764,673,36.76,4
dogs,english-bulldog,best-enrichment,commercial/dogs/english-bulldog/best-enrichment.html,1353,606,51.62,3
dogs,english-bulldog,best-food,commercial/dogs/english-bulldog/best-food.html,1362,653,51.99,8
dogs,english-bulldog,best-habitat-size,commercial/dogs/english-bulldog/best-habitat-size.html,1521,710,52.06,3
dogs,english-bulldog,best-insurance,commercial/dogs/english-bulldog/best-insurance.html,1413,625,54.65,3
dogs,english-bulldog,cost-to-own,commercial/dogs/english-bulldog/cost-to-own.html,1584,692,53.79,3
dogs,english-bulldog,first-time-owners,commercial/dogs/english-bulldog/first-time-owners.html,1590,728,51.68,3
dogs,english-bulldog,health-costs,commercial/dogs/english-bulldog/health-costs.html,1564,675,54.26,3
dogs,english-bulldog,comparison,commercial/dogs/english-bulldog/vs-east-european-shepherd.html,1756,674,37.3,4
dogs,english-bulldog,comparison,commercial/dogs/english-bulldog/vs-english-cocker-spaniel.html,1707,630,35.95,4
dogs,english-cocker-spaniel,best-enrichment,commercial/dogs/english-cocker-spaniel/best-enrichment.html,1411,605,51.13,3
dogs,english-cocker-spaniel,best-food,commercial/dogs/english-cocker-spaniel/best-food.html,1418,652,51.21,8
dogs,english-cocker-spaniel,best-habitat-size,commercial/dogs/english-cocker-spaniel/best-habitat-size.html,1580,707,51.51,3
dogs,english-cocker-spaniel,best-insurance,commercial/dogs/english-cocker-spaniel/best-insurance.html,1466,623,54.06,3
dogs,english-cocker-spaniel,cost-to-own,commercial/dogs/english-cocker-spaniel/cost-to-own.html,1643,692,53.04,3
dogs,english-cocker-spaniel,first-time-owners,commercial/dogs/english-cocker-spaniel/first-time-owners.html,1647,727,51.03,3
dogs,english-cocker-spaniel,health-costs,commercial/dogs/english-cocker-spaniel/health-costs.html,1620,674,53.65,3
dogs,english-cocker-spaniel,comparison,commercial/dogs/english-cocker-spaniel/vs-english-bulldog.html,1715,628,37.42,4
dogs,english-cocker-spaniel,comparison,commercial/dogs/english-cocker-spaniel/vs-english-foxhound.html,1746,666,36.88,4
dogs,english-foxhound,best-enrichment,commercial/dogs/english-foxhound/best-enrichment.html,1367,614,52.04,3
dogs,english-foxhound,best-food,commercial/dogs/english-foxhound/best-food.html,1375,662,51.86,8
dogs,english-foxhound,best-habitat-size,commercial/dogs/english-foxhound/best-habitat-size.html,1545,723,51.88,3
dogs,english-foxhound,best-insurance,commercial/dogs/english-foxhound/best-insurance.html,1419,622,52.36,3
dogs,english-foxhound,cost-to-own,commercial/dogs/english-foxhound/cost-to-own.html,1606,710,53.47,3
dogs,english-foxhound,first-time-owners,commercial/dogs/english-foxhound/first-time-owners.html,1626,744,51.17,3
dogs,english-foxhound,health-costs,commercial/dogs/english-foxhound/health-costs.html,1590,689,51.05,3
dogs,english-foxhound,comparison,commercial/dogs/english-foxhound/vs-english-cocker-spaniel.html,1737,666,37.79,4
dogs,english-foxhound,comparison,commercial/dogs/english-foxhound/vs-english-setter.html,1698,663,39.11,4
dogs,english-setter,best-enrichment,commercial/dogs/english-setter/best-enrichment.html,1355,606,53.11,3
dogs,english-setter,best-food,commercial/dogs/english-setter/best-food.html,1364,652,53.11,8
dogs,english-setter,best-habitat-size,commercial/dogs/english-setter/best-habitat-size.html,1528,707,53.48,3
dogs,english-setter,best-insurance,commercial/dogs/english-setter/best-insurance.html,1415,622,55.75,3
dogs,english-setter,cost-to-own,commercial/dogs/english-setter/cost-to-own.html,1589,693,54.96,3
dogs,english-setter,first-time-owners,commercial/dogs/english-setter/first-time-owners.html,1595,727,53.02,3
dogs,english-setter,health-costs,commercial/dogs/english-setter/health-costs.html,1569,674,55.25,3
dogs,english-setter,comparison,commercial/dogs/english-setter/vs-english-foxhound.html,1699,663,39.92,4
dogs,english-setter,comparison,commercial/dogs/english-setter/vs-english-springer-spaniel.html,1727,657,40.16,4
dogs,english-springer-spaniel,best-enrichment,commercial/dogs/english-springer-spaniel/best-enrichment.html,1421,615,51.73,3
dogs,english-springer-spaniel,best-food,commercial/dogs/english-springer-spaniel/best-food.html,1430,664,51.87,8
dogs,english-springer-spaniel,best-habitat-size,commercial/dogs/english-springer-spaniel/best-habitat-size.html,1596,722,52.25,3
dogs,english-springer-spaniel,best-insurance,commercial/dogs/english-springer-spaniel/best-insurance.html,1469,624,53.07,3
dogs,english-springer-spaniel,cost-to-own,commercial/dogs/english-springer-spaniel/cost-to-own.html,1659,707,53.77,3
dogs,english-springer-spaniel,first-time-owners,commercial/dogs/english-springer-spaniel/first-time-owners.html,1669,742,51.89,3
dogs,english-springer-spaniel,health-costs,commercial/dogs/english-springer-spaniel/health-costs.html,1638,685,52.7,3
dogs,english-springer-spaniel,comparison,commercial/dogs/english-springer-spaniel/vs-english-setter.html,1735,657,41.33,4
dogs,english-springer-spaniel,comparison,commercial/dogs/english-springer-spaniel/vs-english-toy-spaniel.html,1805,667,38.58,4
dogs,english-toy-spaniel,best-enrichment,commercial/dogs/english-toy-spaniel/best-enrichment.html,1430,608,51.37,3
dogs,english-toy-spaniel,best-food,commercial/dogs/english-toy-spaniel/best-food.html,1435,658,51.46,8
dogs,english-toy-spaniel,best-habitat-size,commercial/dogs/english-toy-spaniel/best-habitat-size.html,1609,723,51.4,3
dogs,english-toy-spaniel,best-insurance,commercial/dogs/english-toy-spaniel/best-insurance.html,1473,622,53.26,3
dogs,english-toy-spaniel,cost-to-own,commercial/dogs/english-toy-spaniel/cost-to-own.html,1674,705,53.43,3
dogs,english-toy-spaniel,first-time-owners,commercial/dogs/english-toy-spaniel/first-time-owners.html,1693,742,50.93,3
dogs,english-toy-spaniel,health-costs,commercial/dogs/english-toy-spaniel/health-costs.html,1650,685,51.96,3
dogs,english-toy-spaniel,comparison,commercial/dogs/english-toy-spaniel/vs-english-springer-spaniel.html,1806,669,40.07,4
dogs,english-toy-spaniel,comparison,commercial/dogs/english-toy-spaniel/vs-entlebucher-mountain-dog.html,1778,665,37.78,4
dogs,entlebucher-mountain-dog,best-enrichment,commercial/dogs/entlebucher-mountain-dog/best-enrichment.html,1411,600,49.47,3
dogs,entlebucher-mountain-dog,best-food,commercial/dogs/entlebucher-mountain-dog/best-food.html,1416,649,49.5,8
dogs,entlebucher-mountain-dog,best-habitat-size,commercial/dogs/entlebucher-mountain-dog/best-habitat-size.html,1565,708,49.6,3
dogs,entlebucher-mountain-dog,best-insurance,commercial/dogs/entlebucher-mountain-dog/best-insurance.html,1465,625,50.09,3
dogs,entlebucher-mountain-dog,cost-to-own,commercial/dogs/entlebucher-mountain-dog/cost-to-own.html,1628,692,51.23,3
dogs,entlebucher-mountain-dog,first-time-owners,commercial/dogs/entlebucher-mountain-dog/first-time-owners.html,1632,727,49.45,3
dogs,entlebucher-mountain-dog,health-costs,commercial/dogs/entlebucher-mountain-dog/health-costs.html,1600,683,49.29,3
dogs,entlebucher-mountain-dog,comparison,commercial/dogs/entlebucher-mountain-dog/vs-english-toy-spaniel.html,1779,665,37.63,4
dogs,entlebucher-mountain-dog,comparison,commercial/dogs/entlebucher-mountain-dog/vs-estrela-mountain-dog.html,1802,667,34.84,4
dogs,estrela-mountain-dog,best-enrichment,commercial/dogs/estrela-mountain-dog/best-enrichment.html,1425,611,49.56,3
dogs,estrela-mountain-dog,best-food,commercial/dogs/estrela-mountain-dog/best-food.html,1434,655,50.37,8
dogs,estrela-mountain-dog,best-habitat-size,commercial/dogs/estrela-mountain-dog/best-habitat-size.html,1609,726,49.8,3
dogs,estrela-mountain-dog,best-insurance,commercial/dogs/estrela-mountain-dog/best-insurance.html,1469,621,52.95,3
dogs,estrela-mountain-dog,cost-to-own,commercial/dogs/estrela-mountain-dog/cost-to-own.html,1679,710,51.41,3
dogs,estrela-mountain-dog,first-time-owners,commercial/dogs/estrela-mountain-dog/first-time-owners.html,1695,745,49.18,3
dogs,estrela-mountain-dog,health-costs,commercial/dogs/estrela-mountain-dog/health-costs.html,1644,691,52.07,3
dogs,estrela-mountain-dog,comparison,commercial/dogs/estrela-mountain-dog/vs-entlebucher-mountain-dog.html,1801,666,35.97,4
dogs,estrela-mountain-dog,comparison,commercial/dogs/estrela-mountain-dog/vs-field-spaniel.html,1805,681,35.97,4
dogs,field-spaniel,best-enrichment,commercial/dogs/field-spaniel/best-enrichment.html,1372,616,51.28,3
dogs,field-spaniel,best-food,commercial/dogs/field-spaniel/best-food.html,1379,662,51.34,8
dogs,field-spaniel,best-habitat-size,commercial/dogs/field-spaniel/best-habitat-size.html,1550,725,51.56,3
dogs,field-spaniel,best-insurance,commercial/dogs/field-spaniel/best-insurance.html,1414,626,53.65,3
dogs,field-spaniel,cost-to-own,commercial/dogs/field-spaniel/cost-to-own.html,1611,710,53.19,3
dogs,field-spaniel,first-time-owners,commercial/dogs/field-spaniel/first-time-owners.html,1636,746,50.7,3
dogs,field-spaniel,health-costs,commercial/dogs/field-spaniel/health-costs.html,1588,688,52.4,3
dogs,field-spaniel,comparison,commercial/dogs/field-spaniel/vs-estrela-mountain-dog.html,1796,682,36.78,4
dogs,field-spaniel,comparison,commercial/dogs/field-spaniel/vs-finnish-lapphund.html,1701,659,36.54,4
dogs,finnish-lapphund,best-enrichment,commercial/dogs/finnish-lapphund/best-enrichment.html,1352,605,50.89,3
dogs,finnish-lapphund,best-food,commercial/dogs/finnish-lapphund/best-food.html,1361,651,51.44,8
dogs,finnish-lapphund,best-habitat-size,commercial/dogs/finnish-lapphund/best-habitat-size.html,1521,710,51.41,3
dogs,finnish-lapphund,best-insurance,commercial/dogs/finnish-lapphund/best-insurance.html,1412,623,53.73,3
dogs,finnish-lapphund,cost-to-own,commercial/dogs/finnish-lapphund/cost-to-own.html,1584,693,53.28,3
dogs,finnish-lapphund,first-time-owners,commercial/dogs/finnish-lapphund/first-time-owners.html,1590,727,51.31,3
dogs,finnish-lapphund,health-costs,commercial/dogs/finnish-lapphund/health-costs.html,1564,673,53.42,3
dogs,finnish-lapphund,comparison,commercial/dogs/finnish-lapphund/vs-field-spaniel.html,1701,657,36.82,4
dogs,finnish-lapphund,comparison,commercial/dogs/finnish-lapphund/vs-finnish-spitz.html,1666,650,35.52,4
dogs,finnish-spitz,best-enrichment,commercial/dogs/finnish-spitz/best-enrichment.html,1358,610,51.17,3
dogs,finnish-spitz,best-food,commercial/dogs/finnish-spitz/best-food.html,1365,657,51.18,8
dogs,finnish-spitz,best-habitat-size,commercial/dogs/finnish-spitz/best-habitat-size.html,1517,716,51.15,3
dogs,finnish-spitz,best-insurance,commercial/dogs/finnish-spitz/best-insurance.html,1411,630,52.09,3
dogs,finnish-spitz,cost-to-own,commercial/dogs/finnish-spitz/cost-to-own.html,1578,702,52.71,3
dogs,finnish-spitz,first-time-owners,commercial/dogs/finnish-spitz/first-time-owners.html,1588,735,50.99,3
dogs,finnish-spitz,health-costs,commercial/dogs/finnish-spitz/health-costs.html,1551,688,51.1,3
dogs,finnish-spitz,comparison,commercial/dogs/finnish-spitz/vs-finnish-lapphund.html,1666,651,37.07,4
dogs,finnish-spitz,comparison,commercial/dogs/finnish-spitz/vs-flat-coated-retriever.html,1663,654,37.54,4
dogs,flat-coated-retriever,best-enrichment,commercial/dogs/flat-coated-retriever/best-enrichment.html,1350,606,51.65,3
dogs,flat-coated-retriever,best-food,commercial/dogs/flat-coated-retriever/best-food.html,1359,652,51.69,8
dogs,flat-coated-retriever,best-habitat-size,commercial/dogs/flat-coated-retriever/best-habitat-size.html,1518,707,52.27,3
dogs,flat-coated-retriever,best-insurance,commercial/dogs/flat-coated-retriever/best-insurance.html,1410,624,53.72,3
dogs,flat-coated-retriever,cost-to-own,commercial/dogs/flat-coated-retriever/cost-to-own.html,1579,693,53.85,3
dogs,flat-coated-retriever,first-time-owners,commercial/dogs/flat-coated-retriever/first-time-owners.html,1585,728,52.06,3
dogs,flat-coated-retriever,health-costs,commercial/dogs/flat-coated-retriever/health-costs.html,1559,675,53.64,3
dogs,flat-coated-retriever,comparison,commercial/dogs/flat-coated-retriever/vs-finnish-spitz.html,1664,656,38.07,4
dogs,flat-coated-retriever,comparison,commercial/dogs/flat-coated-retriever/vs-fox-terrier-smooth.html,1716,629,37.49,4
dogs,fox-terrier-smooth,best-enrichment,commercial/dogs/fox-terrier-smooth/best-enrichment.html,1416,605,50.25,3
dogs,fox-terrier-smooth,best-food,commercial/dogs/fox-terrier-smooth/best-food.html,1427,651,50.58,8
dogs,fox-terrier-smooth,best-habitat-size,commercial/dogs/fox-terrier-smooth/best-habitat-size.html,1592,708,50.59,3
dogs,fox-terrier-smooth,best-insurance,commercial/dogs/fox-terrier-smooth/best-insurance.html,1471,624,52.59,3
dogs,fox-terrier-smooth,cost-to-own,commercial/dogs/fox-terrier-smooth/cost-to-own.html,1651,694,52.12,3
dogs,fox-terrier-smooth,first-time-owners,commercial/dogs/fox-terrier-smooth/first-time-owners.html,1655,728,50.72,3
dogs,fox-terrier-smooth,health-costs,commercial/dogs/fox-terrier-smooth/health-costs.html,1628,675,52.3,3
dogs,fox-terrier-smooth,comparison,commercial/dogs/fox-terrier-smooth/vs-flat-coated-retriever.html,1723,630,38.32,4
dogs,fox-terrier-smooth,comparison,commercial/dogs/fox-terrier-smooth/vs-foxhound.html,1725,628,38.9,4
dogs,foxhound,best-enrichment,commercial/dogs/foxhound/best-enrichment.html,1353,608,51.98,3
dogs,foxhound,best-food,commercial/dogs/foxhound/best-food.html,1362,653,52.29,8
dogs,foxhound,best-habitat-size,commercial/dogs/foxhound/best-habitat-size.html,1524,708,52.41,3
dogs,foxhound,best-insurance,commercial/dogs/foxhound/best-insurance.html,1413,625,54.54,3
dogs,foxhound,cost-to-own,commercial/dogs/foxhound/cost-to-own.html,1585,695,53.87,3
dogs,foxhound,first-time-owners,commercial/dogs/foxhound/first-time-owners.html,1591,730,52.12,3
dogs,foxhound,health-costs,commercial/dogs/foxhound/health-costs.html,1565,676,54.14,3
dogs,foxhound,comparison,commercial/dogs/foxhound/vs-fox-terrier-smooth.html,1717,627,40.25,4
dogs,foxhound,comparison,commercial/dogs/foxhound/vs-french-bulldog.html,1692,670,37.39,4
dogs,french-bulldog,best-enrichment,commercial/dogs/french-bulldog/best-enrichment.html,1358,609,50.16,3
dogs,french-bulldog,best-food,commercial/dogs/french-bulldog/best-food.html,1370,660,50.28,8
dogs,french-bulldog,best-habitat-size,commercial/dogs/french-bulldog/best-habitat-size.html,1533,725,50.41,3
dogs,french-bulldog,best-insurance,commercial/dogs/french-bulldog/best-insurance.html,1431,632,51.21,3
dogs,french-bulldog,cost-to-own,commercial/dogs/french-bulldog/cost-to-own.html,1594,710,52.47,3
dogs,french-bulldog,first-time-owners,commercial/dogs/french-bulldog/first-time-owners.html,1613,743,49.93,3
dogs,french-bulldog,health-costs,commercial/dogs/french-bulldog/health-costs.html,1606,694,50.15,3
dogs,french-bulldog,comparison,commercial/dogs/french-bulldog/vs-foxhound.html,1691,668,38.4,4
dogs,french-bulldog,comparison,commercial/dogs/french-bulldog/vs-german-pinscher.html,1735,688,35.2,4
dogs,german-pinscher,best-enrichment,commercial/dogs/german-pinscher/best-enrichment.html,1364,613,50.57,3
dogs,german-pinscher,best-food,commercial/dogs/german-pinscher/best-food.html,1371,661,50.71,8
dogs,german-pinscher,best-habitat-size,commercial/dogs/german-pinscher/best-habitat-size.html,1549,730,50.65,3
dogs,german-pinscher,best-insurance,commercial/dogs/german-pinscher/best-insurance.html,1412,621,52.79,3
dogs,german-pinscher,cost-to-own,commercial/dogs/german-pinscher/cost-to-own.html,1616,711,52.14,3
dogs,german-pinscher,first-time-owners,commercial/dogs/german-pinscher/first-time-owners.html,1637,745,49.69,3
dogs,german-pinscher,health-costs,commercial/dogs/german-pinscher/health-costs.html,1589,692,51.64,3
dogs,german-pinscher,comparison,commercial/dogs/german-pinscher/vs-french-bulldog.html,1735,687,36.09,4
dogs,german-pinscher,comparison,commercial/dogs/german-pinscher/vs-german-shepherd.html,1742,684,35.65,4
dogs,german-shepherd,best-enrichment,commercial/dogs/german-shepherd/best-enrichment.html,1362,610,51.23,3
dogs,german-shepherd,best-food,commercial/dogs/german-shepherd/best-food.html,1373,659,51.2,8
dogs,german-shepherd,best-habitat-size,commercial/dogs/german-shepherd/best-habitat-size.html,1545,724,51.33,3
dogs,german-shepherd,best-insurance,commercial/dogs/german-shepherd/best-insurance.html,1415,627,53.47,3
dogs,german-shepherd,cost-to-own,commercial/dogs/german-shepherd/cost-to-own.html,1612,711,52.65,3
dogs,german-shepherd,first-time-owners,commercial/dogs/german-shepherd/first-time-owners.html,1624,746,50.35,3
dogs,german-shepherd,health-costs,commercial/dogs/german-shepherd/health-costs.html,1588,689,52.53,3
dogs,german-shepherd,comparison,commercial/dogs/german-shepherd/vs-german-pinscher.html,1744,684,36.74,4
dogs,german-shepherd,comparison,commercial/dogs/german-shepherd/vs-german-shorthaired-pointer.html,1767,671,36.55,4
dogs,german-shorthaired-pointer,best-enrichment,commercial/dogs/german-shorthaired-pointer/best-enrichment.html,1429,611,50.29,3
dogs,german-shorthaired-pointer,best-food,commercial/dogs/german-shorthaired-pointer/best-food.html,1433,663,50.63,8
dogs,german-shorthaired-pointer,best-habitat-size,commercial/dogs/german-shorthaired-pointer/best-habitat-size.html,1605,721,50.74,3
dogs,german-shorthaired-pointer,best-insurance,commercial/dogs/german-shorthaired-pointer/best-insurance.html,1466,623,53.25,3
dogs,german-shorthaired-pointer,cost-to-own,commercial/dogs/german-shorthaired-pointer/cost-to-own.html,1664,708,52.34,3
dogs,german-shorthaired-pointer,first-time-owners,commercial/dogs/german-shorthaired-pointer/first-time-owners.html,1678,744,50.45,3
dogs,german-shorthaired-pointer,health-costs,commercial/dogs/german-shorthaired-pointer/health-costs.html,1637,684,52.66,3
dogs,german-shorthaired-pointer,comparison,commercial/dogs/german-shorthaired-pointer/vs-german-shepherd.html,1775,671,37.78,4
dogs,german-shorthaired-pointer,comparison,commercial/dogs/german-shorthaired-pointer/vs-german-wirehaired-pointer.html,1826,664,37.46,4
dogs,german-wirehaired-pointer,best-enrichment,commercial/dogs/german-wirehaired-pointer/best-enrichment.html,1426,617,51.13,3
dogs,german-wirehaired-pointer,best-food,commercial/dogs/german-wirehaired-pointer/best-food.html,1431,664,51.21,8
dogs,german-wirehaired-pointer,best-habitat-size,commercial/dogs/german-wirehaired-pointer/best-habitat-size.html,1605,727,51.47,3
dogs,german-wirehaired-pointer,best-insurance,commercial/dogs/german-wirehaired-pointer/best-insurance.html,1466,628,54.03,3
dogs,german-wirehaired-pointer,cost-to-own,commercial/dogs/german-wirehaired-pointer/cost-to-own.html,1674,716,52.84,3
dogs,german-wirehaired-pointer,first-time-owners,commercial/dogs/german-wirehaired-pointer/first-time-owners.html,1695,746,50.52,3
dogs,german-wirehaired-pointer,health-costs,commercial/dogs/german-wirehaired-pointer/health-costs.html,1643,695,53.31,3
dogs,german-wirehaired-pointer,comparison,commercial/dogs/german-wirehaired-pointer/vs-german-shorthaired-pointer.html,1826,665,39.3,4
dogs,german-wirehaired-pointer,comparison,commercial/dogs/german-wirehaired-pointer/vs-giant-schnauzer.html,1790,680,37.45,4
dogs,giant-schnauzer,best-enrichment,commercial/dogs/giant-schnauzer/best-enrichment.html,1362,615,50.97,3
dogs,giant-schnauzer,best-food,commercial/dogs/giant-schnauzer/best-food.html,1367,658,51.29,8
dogs,giant-schnauzer,best-habitat-size,commercial/dogs/giant-schnauzer/best-habitat-size.html,1539,728,51.13,3
dogs,giant-schnauzer,best-insurance,commercial/dogs/giant-schnauzer/best-insurance.html,1406,622,53.78,3
dogs,giant-schnauzer,cost-to-own,commercial/dogs/giant-schnauzer/cost-to-own.html,1603,714,52.47,3
dogs,giant-schnauzer,first-time-owners,commercial/dogs/giant-schnauzer/first-time-owners.html,1624,747,50.1,3
dogs,giant-schnauzer,health-costs,commercial/dogs/giant-schnauzer/health-costs.html,1573,691,52.3,3
dogs,giant-schnauzer,comparison,commercial/dogs/giant-schnauzer/vs-german-wirehaired-pointer.html,1781,681,37.76,4
dogs,giant-schnauzer,comparison,commercial/dogs/giant-schnauzer/vs-golden-retriever.html,1719,675,36.15,4
dogs,golden-retriever,best-enrichment,commercial/dogs/golden-retriever/best-enrichment.html,1356,608,51.9,3
dogs,golden-retriever,best-food,commercial/dogs/golden-retriever/best-food.html,1365,660,51.98,8
dogs,golden-retriever,best-habitat-size,commercial/dogs/golden-retriever/best-habitat-size.html,1529,719,52.1,3
dogs,golden-retriever,best-insurance,commercial/dogs/golden-retriever/best-insurance.html,1405,622,52.63,3
dogs,golden-retriever,cost-to-own,commercial/dogs/golden-retriever/cost-to-own.html,1596,706,53.3,3
dogs,golden-retriever,first-time-owners,commercial/dogs/golden-retriever/first-time-owners.html,1608,741,51.54,3
dogs,golden-retriever,health-costs,commercial/dogs/golden-retriever/health-costs.html,1569,688,51.64,3
dogs,golden-retriever,comparison,commercial/dogs/golden-retriever/vs-giant-schnauzer.html,1718,673,36.89,4
dogs,golden-retriever,comparison,commercial/dogs/golden-retriever/vs-goldendoodle.html,1740,672,37.16,4
dogs,goldendoodle,best-enrichment,commercial/dogs/goldendoodle/best-enrichment.html,1318,612,52.54,3
dogs,goldendoodle,best-food,commercial/dogs/goldendoodle/best-food.html,1342,663,52.6,8
dogs,goldendoodle,best-habitat-size,commercial/dogs/goldendoodle/best-habitat-size.html,1524,727,52.15,3
dogs,goldendoodle,best-insurance,commercial/dogs/goldendoodle/best-insurance.html,1368,626,55.13,3
dogs,goldendoodle,cost-to-own,commercial/dogs/goldendoodle/cost-to-own.html,1589,711,53.4,3
dogs,goldendoodle,first-time-owners,commercial/dogs/goldendoodle/first-time-owners.html,1607,744,51.6,3
dogs,goldendoodle,health-costs,commercial/dogs/goldendoodle/health-costs.html,1551,690,53.78,3
dogs,goldendoodle,comparison,commercial/dogs/goldendoodle/vs-golden-retriever.html,1731,673,37.93,4
dogs,goldendoodle,comparison,commercial/dogs/goldendoodle/vs-gordon-setter.html,1709,667,36.79,4
dogs,gordon-setter,best-enrichment,commercial/dogs/gordon-setter/best-enrichment.html,1351,606,51.81,3
dogs,gordon-setter,best-food,commercial/dogs/gordon-setter/best-food.html,1360,652,51.84,8
dogs,gordon-setter,best-habitat-size,commercial/dogs/gordon-setter/best-habitat-size.html,1522,706,52.17,3
dogs,gordon-setter,best-insurance,commercial/dogs/gordon-setter/best-insurance.html,1411,623,54.17,3
dogs,gordon-setter,cost-to-own,commercial/dogs/gordon-setter/cost-to-own.html,1583,692,53.44,3
dogs,gordon-setter,first-time-owners,commercial/dogs/gordon-setter/first-time-owners.html,1589,727,51.52,3
dogs,gordon-setter,health-costs,commercial/dogs/gordon-setter/health-costs.html,1563,674,53.54,3
dogs,gordon-setter,comparison,commercial/dogs/gordon-setter/vs-goldendoodle.html,1718,668,37.87,4
dogs,gordon-setter,comparison,commercial/dogs/gordon-setter/vs-great-dane.html,1700,672,35.61,4
dogs,great-dane,best-enrichment,commercial/dogs/great-dane/best-enrichment.html,1366,613,50.87,3
dogs,great-dane,best-food,commercial/dogs/great-dane/best-food.html,1373,660,51.3,8
dogs,great-dane,best-habitat-size,commercial/dogs/great-dane/best-habitat-size.html,1550,732,50.5,3
dogs,great-dane,best-insurance,commercial/dogs/great-dane/best-insurance.html,1414,630,52.08,3
dogs,great-dane,cost-to-own,commercial/dogs/great-dane/cost-to-own.html,1613,715,52.55,3
dogs,great-dane,first-time-owners,commercial/dogs/great-dane/first-time-owners.html,1634,751,50.27,3
dogs,great-dane,health-costs,commercial/dogs/great-dane/health-costs.html,1592,695,50.84,3
dogs,great-dane,comparison,commercial/dogs/great-dane/vs-gordon-setter.html,1700,671,36,4
dogs,great-dane,comparison,commercial/dogs/great-dane/vs-great-pyrenees.html,1742,681,34.94,4
dogs,great-pyrenees,best-enrichment,commercial/dogs/great-pyrenees/best-enrichment.html,1367,613,50.96,3
dogs,great-pyrenees,best-food,commercial/dogs/great-pyrenees/best-food.html,1373,657,51.68,8
dogs,great-pyrenees,best-habitat-size,commercial/dogs/great-pyrenees/best-habitat-size.html,1546,727,51.1,3
dogs,great-pyrenees,best-insurance,commercial/dogs/great-pyrenees/best-insurance.html,1412,621,54.4,3
dogs,great-pyrenees,cost-to-own,commercial/dogs/great-pyrenees/cost-to-own.html,1618,711,52.8,3
dogs,great-pyrenees,first-time-owners,commercial/dogs/great-pyrenees/first-time-owners.html,1636,746,50.04,3
dogs,great-pyrenees,health-costs,commercial/dogs/great-pyrenees/health-costs.html,1582,687,52.77,3
dogs,great-pyrenees,comparison,commercial/dogs/great-pyrenees/vs-great-dane.html,1745,682,36.56,4
dogs,great-pyrenees,comparison,commercial/dogs/great-pyrenees/vs-greater-swiss-mountain-dog.html,1792,659,35.88,4
dogs,greater-swiss-mountain-dog,best-enrichment,commercial/dogs/greater-swiss-mountain-dog/best-enrichment.html,1467,601,49.02,3
dogs,greater-swiss-mountain-dog,best-food,commercial/dogs/greater-swiss-mountain-dog/best-food.html,1472,649,49.58,8
dogs,greater-swiss-mountain-dog,best-habitat-size,commercial/dogs/greater-swiss-mountain-dog/best-habitat-size.html,1630,707,49.46,3
dogs,greater-swiss-mountain-dog,best-insurance,commercial/dogs/greater-swiss-mountain-dog/best-insurance.html,1517,623,52.15,3
dogs,greater-swiss-mountain-dog,cost-to-own,commercial/dogs/greater-swiss-mountain-dog/cost-to-own.html,1697,689,51.5,3
dogs,greater-swiss-mountain-dog,first-time-owners,commercial/dogs/greater-swiss-mountain-dog/first-time-owners.html,1699,724,49,3
dogs,greater-swiss-mountain-dog,health-costs,commercial/dogs/greater-swiss-mountain-dog/health-costs.html,1671,673,51.65,3
dogs,greater-swiss-mountain-dog,comparison,commercial/dogs/greater-swiss-mountain-dog/vs-great-pyrenees.html,1802,661,36.51,4
dogs,greater-swiss-mountain-dog,comparison,commercial/dogs/greater-swiss-mountain-dog/vs-greyhound.html,1743,658,36.12,4
dogs,greyhound,best-enrichment,commercial/dogs/greyhound/best-enrichment.html,1309,615,52.18,3
dogs,greyhound,best-food,commercial/dogs/greyhound/best-food.html,1318,662,52.43,8
dogs,greyhound,best-habitat-size,commercial/dogs/greyhound/best-habitat-size.html,1488,724,52.21,3
dogs,greyhound,best-insurance,commercial/dogs/greyhound/best-insurance.html,1363,623,53.34,3
dogs,greyhound,cost-to-own,commercial/dogs/greyhound/cost-to-own.html,1549,705,54.06,3
dogs,greyhound,first-time-owners,commercial/dogs/greyhound/first-time-owners.html,1569,741,51.28,3
dogs,greyhound,health-costs,commercial/dogs/greyhound/health-costs.html,1529,688,52.11,3
dogs,greyhound,comparison,commercial/dogs/greyhound/vs-greater-swiss-mountain-dog.html,1724,656,37.37,4
dogs,greyhound,comparison,commercial/dogs/greyhound/vs-harrier.html,1627,677,36.32,4
dogs,harrier,best-enrichment,commercial/dogs/harrier/best-enrichment.html,1301,612,53.16,3
dogs,harrier,best-food,commercial/dogs/harrier/best-food.html,1310,660,53.42,8
dogs,harrier,best-habitat-size,commercial/dogs/harrier/best-habitat-size.html,1479,724,52.87,3
dogs,harrier,best-insurance,commercial/dogs/harrier/best-insurance.html,1360,623,53.54,3
dogs,harrier,cost-to-own,commercial/dogs/harrier/cost-to-own.html,1538,710,54.72,3
dogs,harrier,first-time-owners,commercial/dogs/harrier/first-time-owners.html,1561,746,52.65,3
dogs,harrier,health-costs,commercial/dogs/harrier/health-costs.html,1526,691,52.07,3
dogs,harrier,comparison,commercial/dogs/harrier/vs-greyhound.html,1624,676,37.13,4
dogs,harrier,comparison,commercial/dogs/harrier/vs-havanese.html,1621,674,36.82,4
dogs,havanese,best-enrichment,commercial/dogs/havanese/best-enrichment.html,1301,609,53.13,3
dogs,havanese,best-food,commercial/dogs/havanese/best-food.html,1313,657,53.41,8
dogs,havanese,best-habitat-size,commercial/dogs/havanese/best-habitat-size.html,1479,720,53.11,3
dogs,havanese,best-insurance,commercial/dogs/havanese/best-insurance.html,1357,622,55.49,3
dogs,havanese,cost-to-own,commercial/dogs/havanese/cost-to-own.html,1543,704,54.97,3
dogs,havanese,first-time-owners,commercial/dogs/havanese/first-time-owners.html,1557,737,52.51,3
dogs,havanese,health-costs,commercial/dogs/havanese/health-costs.html,1522,683,54.57,3
dogs,havanese,comparison,commercial/dogs/havanese/vs-harrier.html,1621,672,37.88,4
dogs,havanese,comparison,commercial/dogs/havanese/vs-hokkaido.html,1595,660,38.34,4
dogs,hokkaido,best-enrichment,commercial/dogs/hokkaido/best-enrichment.html,1293,606,53.93,3
dogs,hokkaido,best-food,commercial/dogs/hokkaido/best-food.html,1304,650,54.3,8
dogs,hokkaido,best-habitat-size,commercial/dogs/hokkaido/best-habitat-size.html,1467,706,53.95,3
dogs,hokkaido,best-insurance,commercial/dogs/hokkaido/best-insurance.html,1358,623,56.56,3
dogs,hokkaido,cost-to-own,commercial/dogs/hokkaido/cost-to-own.html,1526,692,55.92,3
dogs,hokkaido,first-time-owners,commercial/dogs/hokkaido/first-time-owners.html,1534,726,53.49,3
dogs,hokkaido,health-costs,commercial/dogs/hokkaido/health-costs.html,1509,672,55.42,3
dogs,hokkaido,comparison,commercial/dogs/hokkaido/vs-havanese.html,1596,662,39.2,4
dogs,hokkaido,comparison,commercial/dogs/hokkaido/vs-ibizan-hound.html,1659,662,37.22,4
dogs,ibizan-hound,best-enrichment,commercial/dogs/ibizan-hound/best-enrichment.html,1367,617,52,3
dogs,ibizan-hound,best-food,commercial/dogs/ibizan-hound/best-food.html,1378,666,51.89,8
dogs,ibizan-hound,best-habitat-size,commercial/dogs/ibizan-hound/best-habitat-size.html,1551,719,51.78,3
dogs,ibizan-hound,best-insurance,commercial/dogs/ibizan-hound/best-insurance.html,1418,626,52.64,3
dogs,ibizan-hound,cost-to-own,commercial/dogs/ibizan-hound/cost-to-own.html,1614,709,53.42,3
dogs,ibizan-hound,first-time-owners,commercial/dogs/ibizan-hound/first-time-owners.html,1632,742,51.13,3
dogs,ibizan-hound,health-costs,commercial/dogs/ibizan-hound/health-costs.html,1589,688,51.36,3
dogs,ibizan-hound,comparison,commercial/dogs/ibizan-hound/vs-hokkaido.html,1668,665,38.09,4
dogs,ibizan-hound,comparison,commercial/dogs/ibizan-hound/vs-irish-doodle.html,1719,666,38.83,4
dogs,irish-doodle,best-enrichment,commercial/dogs/irish-doodle/best-enrichment.html,1360,608,52.61,3
dogs,irish-doodle,best-food,commercial/dogs/irish-doodle/best-food.html,1373,655,52.88,8
dogs,irish-doodle,best-habitat-size,commercial/dogs/irish-doodle/best-habitat-size.html,1538,710,52.57,3
dogs,irish-doodle,best-insurance,commercial/dogs/irish-doodle/best-insurance.html,1420,626,54.79,3
dogs,irish-doodle,cost-to-own,commercial/dogs/irish-doodle/cost-to-own.html,1595,697,54.49,3
dogs,irish-doodle,first-time-owners,commercial/dogs/irish-doodle/first-time-owners.html,1601,731,52.76,3
dogs,irish-doodle,health-costs,commercial/dogs/irish-doodle/health-costs.html,1575,678,54.08,3
dogs,irish-doodle,comparison,commercial/dogs/irish-doodle/vs-ibizan-hound.html,1723,666,39.32,4
dogs,irish-doodle,comparison,commercial/dogs/irish-doodle/vs-irish-red-and-white-setter.html,1802,630,37.85,4
dogs,irish-red-and-white-setter,best-enrichment,commercial/dogs/irish-red-and-white-setter/best-enrichment.html,1529,604,51.48,3
dogs,irish-red-and-white-setter,best-food,commercial/dogs/irish-red-and-white-setter/best-food.html,1532,652,51.85,8
dogs,irish-red-and-white-setter,best-habitat-size,commercial/dogs/irish-red-and-white-setter/best-habitat-size.html,1694,706,51.92,3
dogs,irish-red-and-white-setter,best-insurance,commercial/dogs/irish-red-and-white-setter/best-insurance.html,1574,623,54.28,3
dogs,irish-red-and-white-setter,cost-to-own,commercial/dogs/irish-red-and-white-setter/cost-to-own.html,1761,691,53.8,3
dogs,irish-red-and-white-setter,first-time-owners,commercial/dogs/irish-red-and-white-setter/first-time-owners.html,1761,727,51.68,3
dogs,irish-red-and-white-setter,health-costs,commercial/dogs/irish-red-and-white-setter/health-costs.html,1732,674,53.91,3
dogs,irish-red-and-white-setter,comparison,commercial/dogs/irish-red-and-white-setter/vs-irish-doodle.html,1827,628,38.92,4
dogs,irish-red-and-white-setter,comparison,commercial/dogs/irish-red-and-white-setter/vs-irish-setter.html,1849,656,38.93,4
dogs,irish-setter,best-enrichment,commercial/dogs/irish-setter/best-enrichment.html,1371,612,52.7,3
dogs,irish-setter,best-food,commercial/dogs/irish-setter/best-food.html,1376,660,53.23,8
dogs,irish-setter,best-habitat-size,commercial/dogs/irish-setter/best-habitat-size.html,1549,721,52.95,3
dogs,irish-setter,best-insurance,commercial/dogs/irish-setter/best-insurance.html,1417,625,54.97,3
dogs,irish-setter,cost-to-own,commercial/dogs/irish-setter/cost-to-own.html,1610,708,54.89,3
dogs,irish-setter,first-time-owners,commercial/dogs/irish-setter/first-time-owners.html,1637,742,52.34,3
dogs,irish-setter,health-costs,commercial/dogs/irish-setter/health-costs.html,1589,686,53.68,3
dogs,irish-setter,comparison,commercial/dogs/irish-setter/vs-irish-red-and-white-setter.html,1824,655,40.45,4
dogs,irish-setter,comparison,commercial/dogs/irish-setter/vs-irish-terrier.html,1702,659,41.84,4
dogs,irish-terrier,best-enrichment,commercial/dogs/irish-terrier/best-enrichment.html,1355,605,53.84,3
dogs,irish-terrier,best-food,commercial/dogs/irish-terrier/best-food.html,1364,650,53.91,8
dogs,irish-terrier,best-habitat-size,commercial/dogs/irish-terrier/best-habitat-size.html,1528,706,54.09,3
dogs,irish-terrier,best-insurance,commercial/dogs/irish-terrier/best-insurance.html,1415,623,56.45,3
dogs,irish-terrier,cost-to-own,commercial/dogs/irish-terrier/cost-to-own.html,1589,691,55.94,3
dogs,irish-terrier,first-time-owners,commercial/dogs/irish-terrier/first-time-owners.html,1595,726,54.07,3
dogs,irish-terrier,health-costs,commercial/dogs/irish-terrier/health-costs.html,1569,672,55.84,3
dogs,irish-terrier,comparison,commercial/dogs/irish-terrier/vs-irish-setter.html,1700,662,42.57,4
dogs,irish-terrier,comparison,commercial/dogs/irish-terrier/vs-irish-water-spaniel.html,1708,626,42.39,4
dogs,irish-water-spaniel,best-enrichment,commercial/dogs/irish-water-spaniel/best-enrichment.html,1411,604,53.21,3
dogs,irish-water-spaniel,best-food,commercial/dogs/irish-water-spaniel/best-food.html,1418,650,53.22,8
dogs,irish-water-spaniel,best-habitat-size,commercial/dogs/irish-water-spaniel/best-habitat-size.html,1580,705,53.71,3
dogs,irish-water-spaniel,best-insurance,commercial/dogs/irish-water-spaniel/best-insurance.html,1466,622,55.84,3
dogs,irish-water-spaniel,cost-to-own,commercial/dogs/irish-water-spaniel/cost-to-own.html,1643,692,55.51,3
dogs,irish-water-spaniel,first-time-owners,commercial/dogs/irish-water-spaniel/first-time-owners.html,1647,727,53.85,3
dogs,irish-water-spaniel,health-costs,commercial/dogs/irish-water-spaniel/health-costs.html,1620,674,55.73,3
dogs,irish-water-spaniel,comparison,commercial/dogs/irish-water-spaniel/vs-irish-terrier.html,1716,625,43.6,4
dogs,irish-water-spaniel,comparison,commercial/dogs/irish-water-spaniel/vs-irish-wolfhound.html,1754,675,40.81,4
dogs,irish-wolfhound,best-enrichment,commercial/dogs/irish-wolfhound/best-enrichment.html,1370,614,53.29,3
dogs,irish-wolfhound,best-food,commercial/dogs/irish-wolfhound/best-food.html,1377,661,53.37,8
dogs,irish-wolfhound,best-habitat-size,commercial/dogs/irish-wolfhound/best-habitat-size.html,1557,732,53.05,3
dogs,irish-wolfhound,best-insurance,commercial/dogs/irish-wolfhound/best-insurance.html,1424,625,54.54,3
dogs,irish-wolfhound,cost-to-own,commercial/dogs/irish-wolfhound/cost-to-own.html,1620,713,55.31,3
dogs,irish-wolfhound,first-time-owners,commercial/dogs/irish-wolfhound/first-time-owners.html,1641,750,52.9,3
dogs,irish-wolfhound,health-costs,commercial/dogs/irish-wolfhound/health-costs.html,1605,698,53.45,3
dogs,irish-wolfhound,comparison,commercial/dogs/irish-wolfhound/vs-irish-water-spaniel.html,1747,675,41.88,4
dogs,irish-wolfhound,comparison,commercial/dogs/irish-wolfhound/vs-italian-greyhound.html,1734,687,36.51,4
dogs,italian-greyhound,best-enrichment,commercial/dogs/italian-greyhound/best-enrichment.html,1364,611,51.03,3
dogs,italian-greyhound,best-food,commercial/dogs/italian-greyhound/best-food.html,1371,658,51.21,8
dogs,italian-greyhound,best-habitat-size,commercial/dogs/italian-greyhound/best-habitat-size.html,1542,724,50.91,3
dogs,italian-greyhound,best-insurance,commercial/dogs/italian-greyhound/best-insurance.html,1412,625,52.51,3
dogs,italian-greyhound,cost-to-own,commercial/dogs/italian-greyhound/cost-to-own.html,1605,709,52.81,3
dogs,italian-greyhound,first-time-owners,commercial/dogs/italian-greyhound/first-time-owners.html,1626,743,50.17,3
dogs,italian-greyhound,health-costs,commercial/dogs/italian-greyhound/health-costs.html,1584,688,50.88,3
dogs,italian-greyhound,comparison,commercial/dogs/italian-greyhound/vs-irish-wolfhound.html,1734,689,36.57,4
dogs,italian-greyhound,comparison,commercial/dogs/italian-greyhound/vs-jack-russell-terrier.html,1769,682,35,4
dogs,jack-russell-terrier,best-enrichment,commercial/dogs/jack-russell-terrier/best-enrichment.html,1425,612,49.96,3
dogs,jack-russell-terrier,best-food,commercial/dogs/jack-russell-terrier/best-food.html,1431,660,49.92,8
dogs,jack-russell-terrier,best-habitat-size,commercial/dogs/jack-russell-terrier/best-habitat-size.html,1606,725,50.22,3
dogs,jack-russell-terrier,best-insurance,commercial/dogs/jack-russell-terrier/best-insurance.html,1466,625,51.28,3
dogs,jack-russell-terrier,cost-to-own,commercial/dogs/jack-russell-terrier/cost-to-own.html,1669,714,51.97,3
dogs,jack-russell-terrier,first-time-owners,commercial/dogs/jack-russell-terrier/first-time-owners.html,1687,745,49.58,3
dogs,jack-russell-terrier,health-costs,commercial/dogs/jack-russell-terrier/health-costs.html,1644,689,50.11,3
dogs,jack-russell-terrier,comparison,commercial/dogs/jack-russell-terrier/vs-italian-greyhound.html,1776,683,36,4
dogs,jack-russell-terrier,comparison,commercial/dogs/jack-russell-terrier/vs-japanese-chin.html,1778,682,35.92,4
dogs,japanese-chin,best-enrichment,commercial/dogs/japanese-chin/best-enrichment.html,1368,613,50.23,3
dogs,japanese-chin,best-food,commercial/dogs/japanese-chin/best-food.html,1375,662,50.46,8
dogs,japanese-chin,best-habitat-size,commercial/dogs/japanese-chin/best-habitat-size.html,1548,724,50.42,3
dogs,japanese-chin,best-insurance,commercial/dogs/japanese-chin/best-insurance.html,1416,622,51.51,3
dogs,japanese-chin,cost-to-own,commercial/dogs/japanese-chin/cost-to-own.html,1611,709,52.64,3
dogs,japanese-chin,first-time-owners,commercial/dogs/japanese-chin/first-time-owners.html,1632,747,50.08,3
dogs,japanese-chin,health-costs,commercial/dogs/japanese-chin/health-costs.html,1590,689,50.32,3
dogs,japanese-chin,comparison,commercial/dogs/japanese-chin/vs-jack-russell-terrier.html,1770,681,36.63,4
dogs,japanese-chin,comparison,commercial/dogs/japanese-chin/vs-japanese-spitz.html,1706,666,35.87,4
dogs,japanese-spitz,best-enrichment,commercial/dogs/japanese-spitz/best-enrichment.html,1355,603,51.69,3
dogs,japanese-spitz,best-food,commercial/dogs/japanese-spitz/best-food.html,1368,651,51.85,8
dogs,japanese-spitz,best-habitat-size,commercial/dogs/japanese-spitz/best-habitat-size.html,1529,710,51.85,3
dogs,japanese-spitz,best-insurance,commercial/dogs/japanese-spitz/best-insurance.html,1415,623,54.36,3
dogs,japanese-spitz,cost-to-own,commercial/dogs/japanese-spitz/cost-to-own.html,1588,694,53.77,3
dogs,japanese-spitz,first-time-owners,commercial/dogs/japanese-spitz/first-time-owners.html,1594,727,51.62,3
dogs,japanese-spitz,health-costs,commercial/dogs/japanese-spitz/health-costs.html,1568,675,53.65,3
dogs,japanese-spitz,comparison,commercial/dogs/japanese-spitz/vs-japanese-chin.html,1706,665,36.6,4
dogs,japanese-spitz,comparison,commercial/dogs/japanese-spitz/vs-jindo.html,1676,623,36.7,4
dogs,jindo,best-enrichment,commercial/dogs/jindo/best-enrichment.html,1353,607,52.23,3
dogs,jindo,best-food,commercial/dogs/jindo/best-food.html,1362,652,52.58,8
dogs,jindo,best-habitat-size,commercial/dogs/jindo/best-habitat-size.html,1525,707,52.58,3
dogs,jindo,best-insurance,commercial/dogs/jindo/best-insurance.html,1413,624,54.95,3
dogs,jindo,cost-to-own,commercial/dogs/jindo/cost-to-own.html,1586,693,54.49,3
dogs,jindo,first-time-owners,commercial/dogs/jindo/first-time-owners.html,1592,727,52.93,3
dogs,jindo,health-costs,commercial/dogs/jindo/health-costs.html,1566,673,54.44,3
dogs,jindo,comparison,commercial/dogs/jindo/vs-japanese-spitz.html,1675,625,37,4
dogs,jindo,comparison,commercial/dogs/jindo/vs-kai-ken.html,1730,665,35.13,4
dogs,kai-ken,best-enrichment,commercial/dogs/kai-ken/best-enrichment.html,1379,618,50.21,3
dogs,kai-ken,best-food,commercial/dogs/kai-ken/best-food.html,1382,667,50.37,8
dogs,kai-ken,best-habitat-size,commercial/dogs/kai-ken/best-habitat-size.html,1571,732,50.28,3
dogs,kai-ken,best-insurance,commercial/dogs/kai-ken/best-insurance.html,1414,630,51.51,3
dogs,kai-ken,cost-to-own,commercial/dogs/kai-ken/cost-to-own.html,1639,720,51.7,3
dogs,kai-ken,first-time-owners,commercial/dogs/kai-ken/first-time-owners.html,1664,751,49.26,3
dogs,kai-ken,health-costs,commercial/dogs/kai-ken/health-costs.html,1600,697,49.99,3
dogs,kai-ken,comparison,commercial/dogs/kai-ken/vs-jindo.html,1729,666,36.45,4
dogs,kai-ken,comparison,commercial/dogs/kai-ken/vs-kangal.html,1730,689,35.51,4
dogs,kangal,best-enrichment,commercial/dogs/kangal/best-enrichment.html,1303,610,52.32,3
dogs,kangal,best-food,commercial/dogs/kangal/best-food.html,1311,656,53.07,8
dogs,kangal,best-habitat-size,commercial/dogs/kangal/best-habitat-size.html,1485,724,52.29,3
dogs,kangal,best-insurance,commercial/dogs/kangal/best-insurance.html,1356,619,55.65,3
dogs,kangal,cost-to-own,commercial/dogs/kangal/cost-to-own.html,1552,707,54.07,3
dogs,kangal,first-time-owners,commercial/dogs/kangal/first-time-owners.html,1575,741,51.35,3
dogs,kangal,health-costs,commercial/dogs/kangal/health-costs.html,1526,686,54,3
dogs,kangal,comparison,commercial/dogs/kangal/vs-kai-ken.html,1723,687,36.29,4
dogs,kangal,comparison,commercial/dogs/kangal/vs-keeshond.html,1616,659,38.02,4
dogs,keeshond,best-enrichment,commercial/dogs/keeshond/best-enrichment.html,1292,605,53.84,3
dogs,keeshond,best-food,commercial/dogs/keeshond/best-food.html,1303,651,54.36,8
dogs,keeshond,best-habitat-size,commercial/dogs/keeshond/best-habitat-size.html,1462,710,54.05,3
dogs,keeshond,best-insurance,commercial/dogs/keeshond/best-insurance.html,1357,623,56.95,3
dogs,keeshond,cost-to-own,commercial/dogs/keeshond/cost-to-own.html,1523,693,55.94,3
dogs,keeshond,first-time-owners,commercial/dogs/keeshond/first-time-owners.html,1531,727,53.7,3
dogs,keeshond,health-costs,commercial/dogs/keeshond/health-costs.html,1506,673,55.9,3
dogs,keeshond,comparison,commercial/dogs/keeshond/vs-kangal.html,1617,660,39.71,4
dogs,keeshond,comparison,commercial/dogs/keeshond/vs-kerry-blue-terrier.html,1709,661,37.09,4
dogs,kerry-blue-terrier,best-enrichment,commercial/dogs/kerry-blue-terrier/best-enrichment.html,1429,614,49.87,3
dogs,kerry-blue-terrier,best-food,commercial/dogs/kerry-blue-terrier/best-food.html,1434,662,50.38,8
dogs,kerry-blue-terrier,best-habitat-size,commercial/dogs/kerry-blue-terrier/best-habitat-size.html,1611,726,50.08,3
dogs,kerry-blue-terrier,best-insurance,commercial/dogs/kerry-blue-terrier/best-insurance.html,1466,624,51.94,3
dogs,kerry-blue-terrier,cost-to-own,commercial/dogs/kerry-blue-terrier/cost-to-own.html,1680,711,51.71,3
dogs,kerry-blue-terrier,first-time-owners,commercial/dogs/kerry-blue-terrier/first-time-owners.html,1703,746,49.15,3
dogs,kerry-blue-terrier,health-costs,commercial/dogs/kerry-blue-terrier/health-costs.html,1648,689,50.42,3
dogs,kerry-blue-terrier,comparison,commercial/dogs/kerry-blue-terrier/vs-keeshond.html,1723,664,37.94,4
dogs,kerry-blue-terrier,comparison,commercial/dogs/kerry-blue-terrier/vs-king-shepherd.html,1810,680,35.71,4
dogs,king-shepherd,best-enrichment,commercial/dogs/king-shepherd/best-enrichment.html,1365,606,51.23,3
dogs,king-shepherd,best-food,commercial/dogs/king-shepherd/best-food.html,1376,659,51.46,8
dogs,king-shepherd,best-habitat-size,commercial/dogs/king-shepherd/best-habitat-size.html,1547,725,50.98,3
dogs,king-shepherd,best-insurance,commercial/dogs/king-shepherd/best-insurance.html,1412,625,52.98,3
dogs,king-shepherd,cost-to-own,commercial/dogs/king-shepherd/cost-to-own.html,1617,711,52.53,3
dogs,king-shepherd,first-time-owners,commercial/dogs/king-shepherd/first-time-owners.html,1633,745,50.2,3
dogs,king-shepherd,health-costs,commercial/dogs/king-shepherd/health-costs.html,1588,687,51.83,3
dogs,king-shepherd,comparison,commercial/dogs/king-shepherd/vs-kerry-blue-terrier.html,1804,680,36.29,4
dogs,king-shepherd,comparison,commercial/dogs/king-shepherd/vs-kishu-ken.html,1777,686,37.02,4
dogs,kishu-ken,best-enrichment,commercial/dogs/kishu-ken/best-enrichment.html,1377,615,51.55,3
dogs,kishu-ken,best-food,commercial/dogs/kishu-ken/best-food.html,1380,665,52.29,8
dogs,kishu-ken,best-habitat-size,commercial/dogs/kishu-ken/best-habitat-size.html,1569,731,51.62,3
dogs,kishu-ken,best-insurance,commercial/dogs/kishu-ken/best-insurance.html,1412,626,53.79,3
dogs,kishu-ken,cost-to-own,commercial/dogs/kishu-ken/cost-to-own.html,1637,719,53.25,3
dogs,kishu-ken,first-time-owners,commercial/dogs/kishu-ken/first-time-owners.html,1662,753,50.76,3
dogs,kishu-ken,health-costs,commercial/dogs/kishu-ken/health-costs.html,1598,696,51.92,3
dogs,kishu-ken,comparison,commercial/dogs/kishu-ken/vs-king-shepherd.html,1774,684,37.77,4
dogs,kishu-ken,comparison,commercial/dogs/kishu-ken/vs-komondor.html,1733,692,36.66,4
dogs,komondor,best-enrichment,commercial/dogs/komondor/best-enrichment.html,1297,612,53,3
dogs,komondor,best-food,commercial/dogs/komondor/best-food.html,1307,663,53.5,8
dogs,komondor,best-habitat-size,commercial/dogs/komondor/best-habitat-size.html,1477,734,52.6,3
dogs,komondor,best-insurance,commercial/dogs/komondor/best-insurance.html,1351,623,55.18,3
dogs,komondor,cost-to-own,commercial/dogs/komondor/cost-to-own.html,1550,716,54.23,3
dogs,komondor,first-time-owners,commercial/dogs/komondor/first-time-owners.html,1570,746,51.71,3
dogs,komondor,health-costs,commercial/dogs/komondor/health-costs.html,1520,691,53.61,3
dogs,komondor,comparison,commercial/dogs/komondor/vs-kishu-ken.html,1725,690,37.31,4
dogs,komondor,comparison,commercial/dogs/komondor/vs-kooikerhondje.html,1615,677,36.5,4
dogs,kooikerhondje,best-enrichment,commercial/dogs/kooikerhondje/best-enrichment.html,1293,608,53.46,3
dogs,kooikerhondje,best-food,commercial/dogs/kooikerhondje/best-food.html,1302,656,54.03,8
dogs,kooikerhondje,best-habitat-size,commercial/dogs/kooikerhondje/best-habitat-size.html,1451,710,53,3
dogs,kooikerhondje,best-insurance,commercial/dogs/kooikerhondje/best-insurance.html,1351,627,55.22,3
dogs,kooikerhondje,cost-to-own,commercial/dogs/kooikerhondje/cost-to-own.html,1510,696,54.97,3
dogs,kooikerhondje,first-time-owners,commercial/dogs/kooikerhondje/first-time-owners.html,1522,732,52.34,3
dogs,kooikerhondje,health-costs,commercial/dogs/kooikerhondje/health-costs.html,1486,684,52.9,3
dogs,kooikerhondje,comparison,commercial/dogs/kooikerhondje/vs-komondor.html,1615,678,37.62,4
dogs,kooikerhondje,comparison,commercial/dogs/kooikerhondje/vs-kuvasz.html,1629,681,37.82,4
dogs,kuvasz,best-enrichment,commercial/dogs/kuvasz/best-enrichment.html,1310,617,53.85,3
dogs,kuvasz,best-food,commercial/dogs/kuvasz/best-food.html,1323,666,54.24,8
dogs,kuvasz,best-habitat-size,commercial/dogs/kuvasz/best-habitat-size.html,1500,729,53.28,3
dogs,kuvasz,best-insurance,commercial/dogs/kuvasz/best-insurance.html,1357,626,55.87,3
dogs,kuvasz,cost-to-own,commercial/dogs/kuvasz/cost-to-own.html,1561,716,54.84,3
dogs,kuvasz,first-time-owners,commercial/dogs/kuvasz/first-time-owners.html,1588,753,52.66,3
dogs,kuvasz,health-costs,commercial/dogs/kuvasz/health-costs.html,1535,692,54.44,3
dogs,kuvasz,comparison,commercial/dogs/kuvasz/vs-kooikerhondje.html,1629,680,38.64,4
dogs,kuvasz,comparison,commercial/dogs/kuvasz/vs-labradoodle.html,1718,687,37.73,4
dogs,labradoodle,best-enrichment,commercial/dogs/labradoodle/best-enrichment.html,1311,608,53.6,3
dogs,labradoodle,best-food,commercial/dogs/labradoodle/best-food.html,1335,658,54.6,8
dogs,labradoodle,best-habitat-size,commercial/dogs/labradoodle/best-habitat-size.html,1517,725,53.06,3
dogs,labradoodle,best-insurance,commercial/dogs/labradoodle/best-insurance.html,1367,625,57.18,3
dogs,labradoodle,cost-to-own,commercial/dogs/labradoodle/cost-to-own.html,1582,711,54.66,3
dogs,labradoodle,first-time-owners,commercial/dogs/labradoodle/first-time-owners.html,1596,742,52.08,3
dogs,labradoodle,health-costs,commercial/dogs/labradoodle/health-costs.html,1546,688,54.75,3
dogs,labradoodle,comparison,commercial/dogs/labradoodle/vs-kuvasz.html,1718,687,38.83,4
dogs,labradoodle,comparison,commercial/dogs/labradoodle/vs-labrador-retriever.html,1722,660,37.53,4
dogs,labrador-retriever,best-enrichment,commercial/dogs/labrador-retriever/best-enrichment.html,1354,607,52.58,3
dogs,labrador-retriever,best-food,commercial/dogs/labrador-retriever/best-food.html,1364,657,53.1,8
dogs,labrador-retriever,best-habitat-size,commercial/dogs/labrador-retriever/best-habitat-size.html,1526,715,52.6,3
dogs,labrador-retriever,best-insurance,commercial/dogs/labrador-retriever/best-insurance.html,1405,621,55.38,3
dogs,labrador-retriever,cost-to-own,commercial/dogs/labrador-retriever/cost-to-own.html,1593,703,53.98,3
dogs,labrador-retriever,first-time-owners,commercial/dogs/labrador-retriever/first-time-owners.html,1605,735,51.92,3
dogs,labrador-retriever,health-costs,commercial/dogs/labrador-retriever/health-costs.html,1566,681,54.18,3
dogs,labrador-retriever,comparison,commercial/dogs/labrador-retriever/vs-labradoodle.html,1732,660,38.79,4
dogs,labrador-retriever,comparison,commercial/dogs/labrador-retriever/vs-lagotto-romagnolo.html,1725,664,37.27,4
dogs,lagotto-romagnolo,best-enrichment,commercial/dogs/lagotto-romagnolo/best-enrichment.html,1370,614,52.31,3
dogs,lagotto-romagnolo,best-food,commercial/dogs/lagotto-romagnolo/best-food.html,1378,663,52.28,8
dogs,lagotto-romagnolo,best-habitat-size,commercial/dogs/lagotto-romagnolo/best-habitat-size.html,1549,724,52.21,3
dogs,lagotto-romagnolo,best-insurance,commercial/dogs/lagotto-romagnolo/best-insurance.html,1412,626,53.36,3
dogs,lagotto-romagnolo,cost-to-own,commercial/dogs/lagotto-romagnolo/cost-to-own.html,1614,711,53.66,3
dogs,lagotto-romagnolo,first-time-owners,commercial/dogs/lagotto-romagnolo/first-time-owners.html,1630,748,51.6,3
dogs,lagotto-romagnolo,health-costs,commercial/dogs/lagotto-romagnolo/health-costs.html,1584,689,52.4,3
dogs,lagotto-romagnolo,comparison,commercial/dogs/lagotto-romagnolo/vs-labrador-retriever.html,1725,665,38.28,4
dogs,lagotto-romagnolo,comparison,commercial/dogs/lagotto-romagnolo/vs-lakeland-terrier.html,1742,683,36.19,4
dogs,lakeland-terrier,best-enrichment,commercial/dogs/lakeland-terrier/best-enrichment.html,1363,611,52.2,3
dogs,lakeland-terrier,best-food,commercial/dogs/lakeland-terrier/best-food.html,1371,660,53.02,8
dogs,lakeland-terrier,best-habitat-size,commercial/dogs/lakeland-terrier/best-habitat-size.html,1545,729,51.98,3
dogs,lakeland-terrier,best-insurance,commercial/dogs/lakeland-terrier/best-insurance.html,1412,628,54.42,3
dogs,lakeland-terrier,cost-to-own,commercial/dogs/lakeland-terrier/cost-to-own.html,1614,712,53.91,3
dogs,lakeland-terrier,first-time-owners,commercial/dogs/lakeland-terrier/first-time-owners.html,1632,748,51.22,3
dogs,lakeland-terrier,health-costs,commercial/dogs/lakeland-terrier/health-costs.html,1587,690,52.57,3
dogs,lakeland-terrier,comparison,commercial/dogs/lakeland-terrier/vs-lagotto-romagnolo.html,1741,683,36.92,4
dogs,lakeland-terrier,comparison,commercial/dogs/lakeland-terrier/vs-leonberger.html,1706,682,36.11,4
dogs,leonberger,best-enrichment,commercial/dogs/leonberger/best-enrichment.html,1307,609,53.28,3
dogs,leonberger,best-food,commercial/dogs/leonberger/best-food.html,1317,660,53.86,8
dogs,leonberger,best-habitat-size,commercial/dogs/leonberger/best-habitat-size.html,1490,728,52.94,3
dogs,leonberger,best-insurance,commercial/dogs/leonberger/best-insurance.html,1361,625,56.01,3
dogs,leonberger,cost-to-own,commercial/dogs/leonberger/cost-to-own.html,1560,710,54.76,3
dogs,leonberger,first-time-owners,commercial/dogs/leonberger/first-time-owners.html,1580,744,52.16,3
dogs,leonberger,health-costs,commercial/dogs/leonberger/health-costs.html,1533,689,54.87,3
dogs,leonberger,comparison,commercial/dogs/leonberger/vs-lakeland-terrier.html,1701,681,36.85,4
dogs,leonberger,comparison,commercial/dogs/leonberger/vs-lhasa-apso.html,1662,661,35.94,4
dogs,lhasa-apso,best-enrichment,commercial/dogs/lhasa-apso/best-enrichment.html,1350,602,52,3
dogs,lhasa-apso,best-food,commercial/dogs/lhasa-apso/best-food.html,1359,649,52.68,8
dogs,lhasa-apso,best-habitat-size,commercial/dogs/lhasa-apso/best-habitat-size.html,1519,708,51.97,3
dogs,lhasa-apso,best-insurance,commercial/dogs/lhasa-apso/best-insurance.html,1410,621,54.94,3
dogs,lhasa-apso,cost-to-own,commercial/dogs/lhasa-apso/cost-to-own.html,1582,692,53.87,3
dogs,lhasa-apso,first-time-owners,commercial/dogs/lhasa-apso/first-time-owners.html,1588,725,51.29,3
dogs,lhasa-apso,health-costs,commercial/dogs/lhasa-apso/health-costs.html,1562,671,53.46,3
dogs,lhasa-apso,comparison,commercial/dogs/lhasa-apso/vs-leonberger.html,1667,660,37.29,4
dogs,lhasa-apso,comparison,commercial/dogs/lhasa-apso/vs-maltese.html,1662,665,35.87,4
dogs,maltese,best-enrichment,commercial/dogs/maltese/best-enrichment.html,1303,610,53.54,3
dogs,maltese,best-food,commercial/dogs/maltese/best-food.html,1312,656,54.49,8
dogs,maltese,best-habitat-size,commercial/dogs/maltese/best-habitat-size.html,1484,728,53.21,3
dogs,maltese,best-insurance,commercial/dogs/maltese/best-insurance.html,1356,623,55.52,3
dogs,maltese,cost-to-own,commercial/dogs/maltese/cost-to-own.html,1551,711,54.97,3
dogs,maltese,first-time-owners,commercial/dogs/maltese/first-time-owners.html,1574,747,52.09,3
dogs,maltese,health-costs,commercial/dogs/maltese/health-costs.html,1527,686,52.9,3
dogs,maltese,comparison,commercial/dogs/maltese/vs-lhasa-apso.html,1654,666,36.66,4
dogs,maltese,comparison,commercial/dogs/maltese/vs-maltipoo.html,1666,668,35.77,4
dogs,maltipoo,best-enrichment,commercial/dogs/maltipoo/best-enrichment.html,1308,606,53.64,3
dogs,maltipoo,best-food,commercial/dogs/maltipoo/best-food.html,1325,658,53.95,8
dogs,maltipoo,best-habitat-size,commercial/dogs/maltipoo/best-habitat-size.html,1500,724,52.83,3
dogs,maltipoo,best-insurance,commercial/dogs/maltipoo/best-insurance.html,1365,622,55.91,3
dogs,maltipoo,cost-to-own,commercial/dogs/maltipoo/cost-to-own.html,1560,707,54.59,3
dogs,maltipoo,first-time-owners,commercial/dogs/maltipoo/first-time-owners.html,1581,738,51.86,3
dogs,maltipoo,health-costs,commercial/dogs/maltipoo/health-costs.html,1545,687,54.12,3
dogs,maltipoo,comparison,commercial/dogs/maltipoo/vs-maltese.html,1666,668,36.83,4
dogs,maltipoo,comparison,commercial/dogs/maltipoo/vs-manchester-terrier.html,1717,678,35.69,4
dogs,manchester-terrier,best-enrichment,commercial/dogs/manchester-terrier/best-enrichment.html,1367,614,52.3,3
dogs,manchester-terrier,best-food,commercial/dogs/manchester-terrier/best-food.html,1382,662,52.51,8
dogs,manchester-terrier,best-habitat-size,commercial/dogs/manchester-terrier/best-habitat-size.html,1564,736,51.7,3
dogs,manchester-terrier,best-insurance,commercial/dogs/manchester-terrier/best-insurance.html,1413,624,53.81,3
dogs,manchester-terrier,cost-to-own,commercial/dogs/manchester-terrier/cost-to-own.html,1619,718,53.48,3
dogs,manchester-terrier,first-time-owners,commercial/dogs/manchester-terrier/first-time-owners.html,1634,752,50.96,3
dogs,manchester-terrier,health-costs,commercial/dogs/manchester-terrier/health-costs.html,1592,696,52.23,3
dogs,manchester-terrier,comparison,commercial/dogs/manchester-terrier/vs-maltipoo.html,1725,678,36.95,4
dogs,manchester-terrier,comparison,commercial/dogs/manchester-terrier/vs-maremma-sheepdog.html,1757,687,35.48,4
dogs,maremma-sheepdog,best-enrichment,commercial/dogs/maremma-sheepdog/best-enrichment.html,1361,613,51.96,3
dogs,maremma-sheepdog,best-food,commercial/dogs/maremma-sheepdog/best-food.html,1368,659,52.28,8
dogs,maremma-sheepdog,best-habitat-size,commercial/dogs/maremma-sheepdog/best-habitat-size.html,1540,725,51.63,3
dogs,maremma-sheepdog,best-insurance,commercial/dogs/maremma-sheepdog/best-insurance.html,1410,621,54.24,3
dogs,maremma-sheepdog,cost-to-own,commercial/dogs/maremma-sheepdog/cost-to-own.html,1612,713,53.09,3
dogs,maremma-sheepdog,first-time-owners,commercial/dogs/maremma-sheepdog/first-time-owners.html,1630,747,50.64,3
dogs,maremma-sheepdog,health-costs,commercial/dogs/maremma-sheepdog/health-costs.html,1580,690,52.7,3
dogs,maremma-sheepdog,comparison,commercial/dogs/maremma-sheepdog/vs-manchester-terrier.html,1760,689,36.32,4
dogs,maremma-sheepdog,comparison,commercial/dogs/maremma-sheepdog/vs-mastiff.html,1792,679,35.09,4
dogs,mastiff,best-enrichment,commercial/dogs/mastiff/best-enrichment.html,1432,613,50.1,3
dogs,mastiff,best-food,commercial/dogs/mastiff/best-food.html,1436,663,50.78,8
dogs,mastiff,best-habitat-size,commercial/dogs/mastiff/best-habitat-size.html,1608,732,50.59,3
dogs,mastiff,best-insurance,commercial/dogs/mastiff/best-insurance.html,1468,626,53.11,3
dogs,mastiff,cost-to-own,commercial/dogs/mastiff/cost-to-own.html,1673,712,52.01,3
dogs,mastiff,first-time-owners,commercial/dogs/mastiff/first-time-owners.html,1699,745,49.74,3
dogs,mastiff,health-costs,commercial/dogs/mastiff/health-costs.html,1647,689,52.33,3
dogs,mastiff,comparison,commercial/dogs/mastiff/vs-maremma-sheepdog.html,1798,681,35.52,4
dogs,mastiff,comparison,commercial/dogs/mastiff/vs-miniature-pinscher.html,1798,677,34.91,4
dogs,miniature-pinscher,best-enrichment,commercial/dogs/miniature-pinscher/best-enrichment.html,1368,611,51.39,3
dogs,miniature-pinscher,best-food,commercial/dogs/miniature-pinscher/best-food.html,1373,660,51.65,8
dogs,miniature-pinscher,best-habitat-size,commercial/dogs/miniature-pinscher/best-habitat-size.html,1551,726,51.35,3
dogs,miniature-pinscher,best-insurance,commercial/dogs/miniature-pinscher/best-insurance.html,1412,623,52.83,3
dogs,miniature-pinscher,cost-to-own,commercial/dogs/miniature-pinscher/cost-to-own.html,1620,707,52.67,3
dogs,miniature-pinscher,first-time-owners,commercial/dogs/miniature-pinscher/first-time-owners.html,1641,743,50.23,3
dogs,miniature-pinscher,health-costs,commercial/dogs/miniature-pinscher/health-costs.html,1587,686,51.01,3
dogs,miniature-pinscher,comparison,commercial/dogs/miniature-pinscher/vs-mastiff.html,1791,674,35.87,4
dogs,miniature-pinscher,comparison,commercial/dogs/miniature-pinscher/vs-miniature-poodle.html,1731,667,35.45,4
dogs,miniature-poodle,best-enrichment,commercial/dogs/miniature-poodle/best-enrichment.html,1354,601,52.42,3
dogs,miniature-poodle,best-food,commercial/dogs/miniature-poodle/best-food.html,1364,650,52.55,8
dogs,miniature-poodle,best-habitat-size,commercial/dogs/miniature-poodle/best-habitat-size.html,1524,717,52.47,3
dogs,miniature-poodle,best-insurance,commercial/dogs/miniature-poodle/best-insurance.html,1405,618,54.45,3
dogs,miniature-poodle,cost-to-own,commercial/dogs/miniature-poodle/cost-to-own.html,1593,699,53.73,3
dogs,miniature-poodle,first-time-owners,commercial/dogs/miniature-poodle/first-time-owners.html,1605,734,51.61,3
dogs,miniature-poodle,health-costs,commercial/dogs/miniature-poodle/health-costs.html,1566,679,53.47,3
dogs,miniature-poodle,comparison,commercial/dogs/miniature-poodle/vs-miniature-pinscher.html,1730,665,36.62,4
dogs,miniature-poodle,comparison,commercial/dogs/miniature-poodle/vs-miniature-schnauzer.html,1708,657,36.6,4
dogs,miniature-schnauzer,best-enrichment,commercial/dogs/miniature-schnauzer/best-enrichment.html,1358,608,52.71,3
dogs,miniature-schnauzer,best-food,commercial/dogs/miniature-schnauzer/best-food.html,1368,658,53.01,8
dogs,miniature-schnauzer,best-habitat-size,commercial/dogs/miniature-schnauzer/best-habitat-size.html,1533,722,53.05,3
dogs,miniature-schnauzer,best-insurance,commercial/dogs/miniature-schnauzer/best-insurance.html,1409,623,54.51,3
dogs,miniature-schnauzer,cost-to-own,commercial/dogs/miniature-schnauzer/cost-to-own.html,1599,705,54.36,3
dogs,miniature-schnauzer,first-time-owners,commercial/dogs/miniature-schnauzer/first-time-owners.html,1611,741,52.12,3
dogs,miniature-schnauzer,health-costs,commercial/dogs/miniature-schnauzer/health-costs.html,1575,684,53.14,3
dogs,miniature-schnauzer,comparison,commercial/dogs/miniature-schnauzer/vs-miniature-poodle.html,1707,657,38.28,4
dogs,miniature-schnauzer,comparison,commercial/dogs/miniature-schnauzer/vs-morkie.html,1667,667,36.77,4
dogs,morkie,best-enrichment,commercial/dogs/morkie/best-enrichment.html,1291,604,53.57,3
dogs,morkie,best-food,commercial/dogs/morkie/best-food.html,1305,654,54.15,8
dogs,morkie,best-habitat-size,commercial/dogs/morkie/best-habitat-size.html,1466,722,53.49,3
dogs,morkie,best-insurance,commercial/dogs/morkie/best-insurance.html,1343,621,55.27,3
dogs,morkie,cost-to-own,commercial/dogs/morkie/cost-to-own.html,1526,706,55.04,3
dogs,morkie,first-time-owners,commercial/dogs/morkie/first-time-owners.html,1540,738,52.68,3
dogs,morkie,health-costs,commercial/dogs/morkie/health-costs.html,1499,687,53.26,3
dogs,morkie,comparison,commercial/dogs/morkie/vs-miniature-schnauzer.html,1659,669,37.44,4
dogs,morkie,comparison,commercial/dogs/morkie/vs-mudi.html,1634,683,36.17,4
dogs,mudi,best-enrichment,commercial/dogs/mudi/best-enrichment.html,1306,611,52.98,3
dogs,mudi,best-food,commercial/dogs/mudi/best-food.html,1316,661,53.42,8
dogs,mudi,best-habitat-size,commercial/dogs/mudi/best-habitat-size.html,1495,726,52.31,3
dogs,mudi,best-insurance,commercial/dogs/mudi/best-insurance.html,1359,623,55.52,3
dogs,mudi,cost-to-own,commercial/dogs/mudi/cost-to-own.html,1558,714,54.36,3
dogs,mudi,first-time-owners,commercial/dogs/mudi/first-time-owners.html,1572,748,51.68,3
dogs,mudi,health-costs,commercial/dogs/mudi/health-costs.html,1533,691,54.14,3
dogs,mudi,comparison,commercial/dogs/mudi/vs-morkie.html,1634,682,36.88,4
dogs,mudi,comparison,commercial/dogs/mudi/vs-neapolitan-mastiff.html,1689,689,36.15,4
dogs,neapolitan-mastiff,best-enrichment,commercial/dogs/neapolitan-mastiff/best-enrichment.html,1366,613,51.92,3
dogs,neapolitan-mastiff,best-food,commercial/dogs/neapolitan-mastiff/best-food.html,1373,663,52.41,8
dogs,neapolitan-mastiff,best-habitat-size,commercial/dogs/neapolitan-mastiff/best-habitat-size.html,1545,729,52,3
dogs,neapolitan-mastiff,best-insurance,commercial/dogs/neapolitan-mastiff/best-insurance.html,1408,624,54.45,3
dogs,neapolitan-mastiff,cost-to-own,commercial/dogs/neapolitan-mastiff/cost-to-own.html,1608,713,53.4,3
dogs,neapolitan-mastiff,first-time-owners,commercial/dogs/neapolitan-mastiff/first-time-owners.html,1633,749,51.13,3
dogs,neapolitan-mastiff,health-costs,commercial/dogs/neapolitan-mastiff/health-costs.html,1585,692,53.23,3
dogs,neapolitan-mastiff,comparison,commercial/dogs/neapolitan-mastiff/vs-mudi.html,1697,689,37.25,4
dogs,neapolitan-mastiff,comparison,commercial/dogs/neapolitan-mastiff/vs-newfoundland.html,1693,686,35.97,4
dogs,newfoundland,best-enrichment,commercial/dogs/newfoundland/best-enrichment.html,1301,609,53.38,3
dogs,newfoundland,best-food,commercial/dogs/newfoundland/best-food.html,1309,658,53.4,8
dogs,newfoundland,best-habitat-size,commercial/dogs/newfoundland/best-habitat-size.html,1477,726,53.1,3
dogs,newfoundland,best-insurance,commercial/dogs/newfoundland/best-insurance.html,1353,622,54.32,3
dogs,newfoundland,cost-to-own,commercial/dogs/newfoundland/cost-to-own.html,1541,710,54.44,3
dogs,newfoundland,first-time-owners,commercial/dogs/newfoundland/first-time-owners.html,1567,745,51.84,3
dogs,newfoundland,health-costs,commercial/dogs/newfoundland/health-costs.html,1520,687,52.4,3
dogs,newfoundland,comparison,commercial/dogs/newfoundland/vs-neapolitan-mastiff.html,1688,685,36.8,4
dogs,newfoundland,comparison,commercial/dogs/newfoundland/vs-norfolk-terrier.html,1681,677,35.56,4
dogs,norfolk-terrier,best-enrichment,commercial/dogs/norfolk-terrier/best-enrichment.html,1357,612,52.43,3
dogs,norfolk-terrier,best-food,commercial/dogs/norfolk-terrier/best-food.html,1364,661,52.78,8
dogs,norfolk-terrier,best-habitat-size,commercial/dogs/norfolk-terrier/best-habitat-size.html,1527,729,52.51,3
dogs,norfolk-terrier,best-insurance,commercial/dogs/norfolk-terrier/best-insurance.html,1405,628,53.82,3
dogs,norfolk-terrier,cost-to-own,commercial/dogs/norfolk-terrier/cost-to-own.html,1596,712,53.79,3
dogs,norfolk-terrier,first-time-owners,commercial/dogs/norfolk-terrier/first-time-owners.html,1617,747,51.47,3
dogs,norfolk-terrier,health-costs,commercial/dogs/norfolk-terrier/health-costs.html,1569,690,52.54,3
dogs,norfolk-terrier,comparison,commercial/dogs/norfolk-terrier/vs-newfoundland.html,1686,678,36.62,4
dogs,norfolk-terrier,comparison,commercial/dogs/norfolk-terrier/vs-norwegian-elkhound.html,1696,668,35.82,4
dogs,norwegian-elkhound,best-enrichment,commercial/dogs/norwegian-elkhound/best-enrichment.html,1353,607,51.33,3
dogs,norwegian-elkhound,best-food,commercial/dogs/norwegian-elkhound/best-food.html,1362,652,51.88,8
dogs,norwegian-elkhound,best-habitat-size,commercial/dogs/norwegian-elkhound/best-habitat-size.html,1525,708,51.38,3
dogs,norwegian-elkhound,best-insurance,commercial/dogs/norwegian-elkhound/best-insurance.html,1413,624,54.09,3
dogs,norwegian-elkhound,cost-to-own,commercial/dogs/norwegian-elkhound/cost-to-own.html,1586,693,53.37,3
dogs,norwegian-elkhound,first-time-owners,commercial/dogs/norwegian-elkhound/first-time-owners.html,1592,728,50.71,3
dogs,norwegian-elkhound,health-costs,commercial/dogs/norwegian-elkhound/health-costs.html,1566,674,52.82,3
dogs,norwegian-elkhound,comparison,commercial/dogs/norwegian-elkhound/vs-norfolk-terrier.html,1698,668,36.5,4
dogs,norwegian-elkhound,comparison,commercial/dogs/norwegian-elkhound/vs-norwegian-lundehund.html,1670,655,35.71,4
dogs,norwegian-lundehund,best-enrichment,commercial/dogs/norwegian-lundehund/best-enrichment.html,1351,604,52.11,3
dogs,norwegian-lundehund,best-food,commercial/dogs/norwegian-lundehund/best-food.html,1358,653,52.45,8
dogs,norwegian-lundehund,best-habitat-size,commercial/dogs/norwegian-lundehund/best-habitat-size.html,1509,712,52.1,3
dogs,norwegian-lundehund,best-insurance,commercial/dogs/norwegian-lundehund/best-insurance.html,1410,626,53.51,3
dogs,norwegian-lundehund,cost-to-own,commercial/dogs/norwegian-lundehund/cost-to-own.html,1578,693,53.46,3
dogs,norwegian-lundehund,first-time-owners,commercial/dogs/norwegian-lundehund/first-time-owners.html,1584,730,51.17,3
dogs,norwegian-lundehund,health-costs,commercial/dogs/norwegian-lundehund/health-costs.html,1547,683,51.64,3
dogs,norwegian-lundehund,comparison,commercial/dogs/norwegian-lundehund/vs-norwegian-elkhound.html,1670,654,37,4
dogs,norwegian-lundehund,comparison,commercial/dogs/norwegian-lundehund/vs-norwich-terrier.html,1699,665,37.64,4
dogs,norwich-terrier,best-enrichment,commercial/dogs/norwich-terrier/best-enrichment.html,1361,616,52.79,3
dogs,norwich-terrier,best-food,commercial/dogs/norwich-terrier/best-food.html,1368,663,53.48,8
dogs,norwich-terrier,best-habitat-size,commercial/dogs/norwich-terrier/best-habitat-size.html,1531,731,53.07,3
dogs,norwich-terrier,best-insurance,commercial/dogs/norwich-terrier/best-insurance.html,1409,631,54.48,3
dogs,norwich-terrier,cost-to-own,commercial/dogs/norwich-terrier/cost-to-own.html,1600,714,54.55,3
dogs,norwich-terrier,first-time-owners,commercial/dogs/norwich-terrier/first-time-owners.html,1621,750,52.21,3
dogs,norwich-terrier,health-costs,commercial/dogs/norwich-terrier/health-costs.html,1573,692,52.84,3
dogs,norwich-terrier,comparison,commercial/dogs/norwich-terrier/vs-norwegian-lundehund.html,1701,668,38.42,4
dogs,norwich-terrier,comparison,commercial/dogs/norwich-terrier/vs-nova-scotia-duck-tolling-retriever.html,1824,677,36.52,4
dogs,nova-scotia-duck-tolling-retriever,best-enrichment,commercial/dogs/nova-scotia-duck-tolling-retriever/best-enrichment.html,1536,609,49.31,3
dogs,nova-scotia-duck-tolling-retriever,best-food,commercial/dogs/nova-scotia-duck-tolling-retriever/best-food.html,1536,660,49.89,8
dogs,nova-scotia-duck-tolling-retriever,best-habitat-size,commercial/dogs/nova-scotia-duck-tolling-retriever/best-habitat-size.html,1690,716,49.42,3
dogs,nova-scotia-duck-tolling-retriever,best-insurance,commercial/dogs/nova-scotia-duck-tolling-retriever/best-insurance.html,1576,628,51.37,3
dogs,nova-scotia-duck-tolling-retriever,cost-to-own,commercial/dogs/nova-scotia-duck-tolling-retriever/cost-to-own.html,1757,701,51.39,3
dogs,nova-scotia-duck-tolling-retriever,first-time-owners,commercial/dogs/nova-scotia-duck-tolling-retriever/first-time-owners.html,1762,738,48.82,3
dogs,nova-scotia-duck-tolling-retriever,health-costs,commercial/dogs/nova-scotia-duck-tolling-retriever/health-costs.html,1722,689,49.98,3
dogs,nova-scotia-duck-tolling-retriever,comparison,commercial/dogs/nova-scotia-duck-tolling-retriever/vs-norwich-terrier.html,1847,680,37.13,4
dogs,nova-scotia-duck-tolling-retriever,comparison,commercial/dogs/nova-scotia-duck-tolling-retriever/vs-old-english-sheepdog.html,1911,680,34.05,4
dogs,old-english-sheepdog,best-enrichment,commercial/dogs/old-english-sheepdog/best-enrichment.html,1435,618,49.58,3
dogs,old-english-sheepdog,best-food,commercial/dogs/old-english-sheepdog/best-food.html,1440,668,49.85,8
dogs,old-english-sheepdog,best-habitat-size,commercial/dogs/old-english-sheepdog/best-habitat-size.html,1614,729,49.77,3
dogs,old-english-sheepdog,best-insurance,commercial/dogs/old-english-sheepdog/best-insurance.html,1472,627,51.81,3
dogs,old-english-sheepdog,cost-to-own,commercial/dogs/old-english-sheepdog/cost-to-own.html,1686,714,51.35,3
dogs,old-english-sheepdog,first-time-owners,commercial/dogs/old-english-sheepdog/first-time-owners.html,1709,746,48.74,3
dogs,old-english-sheepdog,health-costs,commercial/dogs/old-english-sheepdog/health-costs.html,1651,691,50.6,3
dogs,old-english-sheepdog,comparison,commercial/dogs/old-english-sheepdog/vs-nova-scotia-duck-tolling-retriever.html,1896,679,34.89,4
dogs,old-english-sheepdog,comparison,commercial/dogs/old-english-sheepdog/vs-olde-english-bulldogge.html,1824,673,35.04,4
dogs,olde-english-bulldogge,best-enrichment,commercial/dogs/olde-english-bulldogge/best-enrichment.html,1415,605,50.14,3
dogs,olde-english-bulldogge,best-food,commercial/dogs/olde-english-bulldogge/best-food.html,1426,653,50.19,8
dogs,olde-english-bulldogge,best-habitat-size,commercial/dogs/olde-english-bulldogge/best-habitat-size.html,1588,711,50.42,3
dogs,olde-english-bulldogge,best-insurance,commercial/dogs/olde-english-bulldogge/best-insurance.html,1470,624,52.08,3
dogs,olde-english-bulldogge,cost-to-own,commercial/dogs/olde-english-bulldogge/cost-to-own.html,1649,694,52.02,3
dogs,olde-english-bulldogge,first-time-owners,commercial/dogs/olde-english-bulldogge/first-time-owners.html,1653,730,49.87,3
dogs,olde-english-bulldogge,health-costs,commercial/dogs/olde-english-bulldogge/health-costs.html,1626,676,51.3,3
dogs,olde-english-bulldogge,comparison,commercial/dogs/olde-english-bulldogge/vs-old-english-sheepdog.html,1819,669,35.51,4
dogs,olde-english-bulldogge,comparison,commercial/dogs/olde-english-bulldogge/vs-otterhound.html,1683,656,36.04,4
dogs,otterhound,best-enrichment,commercial/dogs/otterhound/best-enrichment.html,1300,608,52.69,3
dogs,otterhound,best-food,commercial/dogs/otterhound/best-food.html,1309,656,52.76,8
dogs,otterhound,best-habitat-size,commercial/dogs/otterhound/best-habitat-size.html,1463,713,52.35,3
dogs,otterhound,best-insurance,commercial/dogs/otterhound/best-insurance.html,1358,628,54.21,3
dogs,otterhound,cost-to-own,commercial/dogs/otterhound/cost-to-own.html,1522,699,54.25,3
dogs,otterhound,first-time-owners,commercial/dogs/otterhound/first-time-owners.html,1534,733,51.86,3
dogs,otterhound,health-costs,commercial/dogs/otterhound/health-costs.html,1498,688,52.83,3
dogs,otterhound,comparison,commercial/dogs/otterhound/vs-olde-english-bulldogge.html,1668,656,36.59,4
dogs,otterhound,comparison,commercial/dogs/otterhound/vs-papillon.html,1597,674,36.22,4
dogs,papillon,best-enrichment,commercial/dogs/papillon/best-enrichment.html,1302,618,52.71,3
dogs,papillon,best-food,commercial/dogs/papillon/best-food.html,1310,661,52.98,8
dogs,papillon,best-habitat-size,commercial/dogs/papillon/best-habitat-size.html,1477,728,52.65,3
dogs,papillon,best-insurance,commercial/dogs/papillon/best-insurance.html,1352,626,54.48,3
dogs,papillon,cost-to-own,commercial/dogs/papillon/cost-to-own.html,1538,713,54.43,3
dogs,papillon,first-time-owners,commercial/dogs/papillon/first-time-owners.html,1558,744,51.86,3
dogs,papillon,health-costs,commercial/dogs/papillon/health-costs.html,1514,690,53.13,3
dogs,papillon,comparison,commercial/dogs/papillon/vs-otterhound.html,1596,672,37.45,4
dogs,papillon,comparison,commercial/dogs/papillon/vs-parson-russell-terrier.html,1710,678,35.33,4
dogs,parson-russell-terrier,best-enrichment,commercial/dogs/parson-russell-terrier/best-enrichment.html,1423,608,50.36,3
dogs,parson-russell-terrier,best-food,commercial/dogs/parson-russell-terrier/best-food.html,1429,658,50.51,8
dogs,parson-russell-terrier,best-habitat-size,commercial/dogs/parson-russell-terrier/best-habitat-size.html,1603,722,50.36,3
dogs,parson-russell-terrier,best-insurance,commercial/dogs/parson-russell-terrier/best-insurance.html,1464,621,51.88,3
dogs,parson-russell-terrier,cost-to-own,commercial/dogs/parson-russell-terrier/cost-to-own.html,1666,708,52.1,3
dogs,parson-russell-terrier,first-time-owners,commercial/dogs/parson-russell-terrier/first-time-owners.html,1684,742,49.61,3
dogs,parson-russell-terrier,health-costs,commercial/dogs/parson-russell-terrier/health-costs.html,1641,686,50.46,3
dogs,parson-russell-terrier,comparison,commercial/dogs/parson-russell-terrier/vs-papillon.html,1724,680,36.53,4
dogs,parson-russell-terrier,comparison,commercial/dogs/parson-russell-terrier/vs-pekingese.html,1760,687,34.67,4
dogs,pekingese,best-enrichment,commercial/dogs/pekingese/best-enrichment.html,1316,617,51.68,3
dogs,pekingese,best-food,commercial/dogs/pekingese/best-food.html,1330,664,51.96,8
dogs,pekingese,best-habitat-size,commercial/dogs/pekingese/best-habitat-size.html,1516,731,51.49,3
dogs,pekingese,best-insurance,commercial/dogs/pekingese/best-insurance.html,1377,627,53.85,3
dogs,pekingese,cost-to-own,commercial/dogs/pekingese/cost-to-own.html,1579,717,53.23,3
dogs,pekingese,first-time-owners,commercial/dogs/pekingese/first-time-owners.html,1597,754,50.54,3
dogs,pekingese,health-costs,commercial/dogs/pekingese/health-costs.html,1560,695,51.52,3
dogs,pekingese,comparison,commercial/dogs/pekingese/vs-parson-russell-terrier.html,1747,688,35.62,4
dogs,pekingese,comparison,commercial/dogs/pekingese/vs-pembroke-welsh-corgi.html,1766,694,33.83,4
dogs,pembroke-welsh-corgi,best-enrichment,commercial/dogs/pembroke-welsh-corgi/best-enrichment.html,1425,616,49.28,3
dogs,pembroke-welsh-corgi,best-food,commercial/dogs/pembroke-welsh-corgi/best-food.html,1434,665,49.82,8
dogs,pembroke-welsh-corgi,best-habitat-size,commercial/dogs/pembroke-welsh-corgi/best-habitat-size.html,1613,733,49.41,3
dogs,pembroke-welsh-corgi,best-insurance,commercial/dogs/pembroke-welsh-corgi/best-insurance.html,1486,634,50.92,3
dogs,pembroke-welsh-corgi,cost-to-own,commercial/dogs/pembroke-welsh-corgi/cost-to-own.html,1685,718,50.95,3
dogs,pembroke-welsh-corgi,first-time-owners,commercial/dogs/pembroke-welsh-corgi/first-time-owners.html,1698,752,48.6,3
dogs,pembroke-welsh-corgi,health-costs,commercial/dogs/pembroke-welsh-corgi/health-costs.html,1672,696,49.35,3
dogs,pembroke-welsh-corgi,comparison,commercial/dogs/pembroke-welsh-corgi/vs-pekingese.html,1782,694,34.96,4
dogs,pembroke-welsh-corgi,comparison,commercial/dogs/pembroke-welsh-corgi/vs-peruvian-inca-orchid.html,1924,714,33.6,4
dogs,peruvian-inca-orchid,best-enrichment,commercial/dogs/peruvian-inca-orchid/best-enrichment.html,1449,630,48.91,3
dogs,peruvian-inca-orchid,best-food,commercial/dogs/peruvian-inca-orchid/best-food.html,1465,676,49.33,8
dogs,peruvian-inca-orchid,best-habitat-size,commercial/dogs/peruvian-inca-orchid/best-habitat-size.html,1664,747,48.61,3
dogs,peruvian-inca-orchid,best-insurance,commercial/dogs/peruvian-inca-orchid/best-insurance.html,1494,639,50.37,3
dogs,peruvian-inca-orchid,cost-to-own,commercial/dogs/peruvian-inca-orchid/cost-to-own.html,1728,738,50.12,3
dogs,peruvian-inca-orchid,first-time-owners,commercial/dogs/peruvian-inca-orchid/first-time-owners.html,1754,770,47.73,3
dogs,peruvian-inca-orchid,health-costs,commercial/dogs/peruvian-inca-orchid/health-costs.html,1702,714,48.52,3
dogs,peruvian-inca-orchid,comparison,commercial/dogs/peruvian-inca-orchid/vs-pembroke-welsh-corgi.html,1924,714,34.67,4
dogs,peruvian-inca-orchid,comparison,commercial/dogs/peruvian-inca-orchid/vs-pharaoh-hound.html,1875,700,34.32,4
dogs,pharaoh-hound,best-enrichment,commercial/dogs/pharaoh-hound/best-enrichment.html,1370,622,50.39,3
dogs,pharaoh-hound,best-food,commercial/dogs/pharaoh-hound/best-food.html,1376,667,50.89,8
dogs,pharaoh-hound,best-habitat-size,commercial/dogs/pharaoh-hound/best-habitat-size.html,1553,731,50.47,3
dogs,pharaoh-hound,best-insurance,commercial/dogs/pharaoh-hound/best-insurance.html,1420,634,51.84,3
dogs,pharaoh-hound,cost-to-own,commercial/dogs/pharaoh-hound/cost-to-own.html,1620,716,51.99,3
dogs,pharaoh-hound,first-time-owners,commercial/dogs/pharaoh-hound/first-time-owners.html,1641,750,49.59,3
dogs,pharaoh-hound,health-costs,commercial/dogs/pharaoh-hound/health-costs.html,1595,698,49.99,3
dogs,pharaoh-hound,comparison,commercial/dogs/pharaoh-hound/vs-peruvian-inca-orchid.html,1868,704,35.36,4
dogs,pharaoh-hound,comparison,commercial/dogs/pharaoh-hound/vs-pit-bull.html,1802,669,34,4
dogs,pit-bull,best-enrichment,commercial/dogs/pit-bull/best-enrichment.html,1474,604,49.09,3
dogs,pit-bull,best-food,commercial/dogs/pit-bull/best-food.html,1483,653,49.27,8
dogs,pit-bull,best-habitat-size,commercial/dogs/pit-bull/best-habitat-size.html,1647,708,49.52,3
dogs,pit-bull,best-insurance,commercial/dogs/pit-bull/best-insurance.html,1524,624,51,3
dogs,pit-bull,cost-to-own,commercial/dogs/pit-bull/cost-to-own.html,1708,693,51.15,3
dogs,pit-bull,first-time-owners,commercial/dogs/pit-bull/first-time-owners.html,1710,729,48.82,3
dogs,pit-bull,health-costs,commercial/dogs/pit-bull/health-costs.html,1682,675,50.26,3
dogs,pit-bull,comparison,commercial/dogs/pit-bull/vs-pharaoh-hound.html,1817,666,35,4
dogs,pit-bull,comparison,commercial/dogs/pit-bull/vs-plott-hound.html,1787,626,35.8,4
dogs,plott-hound,best-enrichment,commercial/dogs/plott-hound/best-enrichment.html,1360,609,51.6,3
dogs,plott-hound,best-food,commercial/dogs/plott-hound/best-food.html,1373,654,52.08,8
dogs,plott-hound,best-habitat-size,commercial/dogs/plott-hound/best-habitat-size.html,1540,709,51.82,3
dogs,plott-hound,best-insurance,commercial/dogs/plott-hound/best-insurance.html,1420,624,53.91,3
dogs,plott-hound,cost-to-own,commercial/dogs/plott-hound/cost-to-own.html,1597,695,53.45,3
dogs,plott-hound,first-time-owners,commercial/dogs/plott-hound/first-time-owners.html,1603,730,51.52,3
dogs,plott-hound,health-costs,commercial/dogs/plott-hound/health-costs.html,1577,675,52.71,3
dogs,plott-hound,comparison,commercial/dogs/plott-hound/vs-pit-bull.html,1770,626,37.28,4
dogs,plott-hound,comparison,commercial/dogs/plott-hound/vs-pointer.html,1668,662,36.78,4
dogs,pointer,best-enrichment,commercial/dogs/pointer/best-enrichment.html,1304,613,52.43,3
dogs,pointer,best-food,commercial/dogs/pointer/best-food.html,1316,664,52.35,8
dogs,pointer,best-habitat-size,commercial/dogs/pointer/best-habitat-size.html,1483,721,52.24,3
dogs,pointer,best-insurance,commercial/dogs/pointer/best-insurance.html,1357,625,53.94,3
dogs,pointer,cost-to-own,commercial/dogs/pointer/cost-to-own.html,1548,710,53.82,3
dogs,pointer,first-time-owners,commercial/dogs/pointer/first-time-owners.html,1564,743,51.31,3
dogs,pointer,health-costs,commercial/dogs/pointer/health-costs.html,1523,686,52.62,3
dogs,pointer,comparison,commercial/dogs/pointer/vs-plott-hound.html,1659,660,38.07,4
dogs,pointer,comparison,commercial/dogs/pointer/vs-polish-lowland-sheepdog.html,1746,681,35.71,4
dogs,polish-lowland-sheepdog,best-enrichment,commercial/dogs/polish-lowland-sheepdog/best-enrichment.html,1432,613,49.64,3
dogs,polish-lowland-sheepdog,best-food,commercial/dogs/polish-lowland-sheepdog/best-food.html,1433,661,50.38,8
dogs,polish-lowland-sheepdog,best-habitat-size,commercial/dogs/polish-lowland-sheepdog/best-habitat-size.html,1611,727,49.97,3
dogs,polish-lowland-sheepdog,best-insurance,commercial/dogs/polish-lowland-sheepdog/best-insurance.html,1462,620,52.49,3
dogs,polish-lowland-sheepdog,cost-to-own,commercial/dogs/polish-lowland-sheepdog/cost-to-own.html,1684,713,51.3,3
dogs,polish-lowland-sheepdog,first-time-owners,commercial/dogs/polish-lowland-sheepdog/first-time-owners.html,1707,747,48.91,3
dogs,polish-lowland-sheepdog,health-costs,commercial/dogs/polish-lowland-sheepdog/health-costs.html,1639,691,50.93,3
dogs,polish-lowland-sheepdog,comparison,commercial/dogs/polish-lowland-sheepdog/vs-pointer.html,1763,680,36.95,4
dogs,polish-lowland-sheepdog,comparison,commercial/dogs/polish-lowland-sheepdog/vs-polish-tatra-sheepdog.html,1815,665,36.5,4
dogs,polish-tatra-sheepdog,best-enrichment,commercial/dogs/polish-tatra-sheepdog/best-enrichment.html,1411,603,50.34,3
dogs,polish-tatra-sheepdog,best-food,commercial/dogs/polish-tatra-sheepdog/best-food.html,1418,650,50.51,8
dogs,polish-tatra-sheepdog,best-habitat-size,commercial/dogs/polish-tatra-sheepdog/best-habitat-size.html,1578,708,50.53,3
dogs,polish-tatra-sheepdog,best-insurance,commercial/dogs/polish-tatra-sheepdog/best-insurance.html,1466,622,52.83,3
dogs,polish-tatra-sheepdog,cost-to-own,commercial/dogs/polish-tatra-sheepdog/cost-to-own.html,1643,692,52.35,3
dogs,polish-tatra-sheepdog,first-time-owners,commercial/dogs/polish-tatra-sheepdog/first-time-owners.html,1647,726,50,3
dogs,polish-tatra-sheepdog,health-costs,commercial/dogs/polish-tatra-sheepdog/health-costs.html,1620,673,52.14,3
dogs,polish-tatra-sheepdog,comparison,commercial/dogs/polish-tatra-sheepdog/vs-polish-lowland-sheepdog.html,1816,665,37.35,4
dogs,polish-tatra-sheepdog,comparison,commercial/dogs/polish-tatra-sheepdog/vs-pomeranian.html,1730,668,36,4
dogs,pomeranian,best-enrichment,commercial/dogs/pomeranian/best-enrichment.html,1310,611,51.53,3
dogs,pomeranian,best-food,commercial/dogs/pomeranian/best-food.html,1317,661,52.15,8
dogs,pomeranian,best-habitat-size,commercial/dogs/pomeranian/best-habitat-size.html,1498,729,51.37,3
dogs,pomeranian,best-insurance,commercial/dogs/pomeranian/best-insurance.html,1362,626,54.42,3
dogs,pomeranian,cost-to-own,commercial/dogs/pomeranian/cost-to-own.html,1568,713,53.13,3
dogs,pomeranian,first-time-owners,commercial/dogs/pomeranian/first-time-owners.html,1594,750,50.29,3
dogs,pomeranian,health-costs,commercial/dogs/pomeranian/health-costs.html,1539,692,52.96,3
dogs,pomeranian,comparison,commercial/dogs/pomeranian/vs-polish-tatra-sheepdog.html,1714,670,36.89,4
dogs,pomeranian,comparison,commercial/dogs/pomeranian/vs-pomsky.html,1678,680,35.51,4
dogs,pomsky,best-enrichment,commercial/dogs/pomsky/best-enrichment.html,1300,603,52.63,3
dogs,pomsky,best-food,commercial/dogs/pomsky/best-food.html,1309,651,52.61,8
dogs,pomsky,best-habitat-size,commercial/dogs/pomsky/best-habitat-size.html,1479,718,52.01,3
dogs,pomsky,best-insurance,commercial/dogs/pomsky/best-insurance.html,1343,616,53.89,3
dogs,pomsky,cost-to-own,commercial/dogs/pomsky/cost-to-own.html,1542,704,53.66,3
dogs,pomsky,first-time-owners,commercial/dogs/pomsky/first-time-owners.html,1569,737,51.07,3
dogs,pomsky,health-costs,commercial/dogs/pomsky/health-costs.html,1510,683,52.11,3
dogs,pomsky,comparison,commercial/dogs/pomsky/vs-pomeranian.html,1676,677,36.7,4
dogs,pomsky,comparison,commercial/dogs/pomsky/vs-poodle.html,1719,699,34.8,4
dogs,poodle,best-enrichment,commercial/dogs/poodle/best-enrichment.html,1314,614,52.3,3
dogs,poodle,best-food,commercial/dogs/poodle/best-food.html,1347,666,51.87,8
dogs,poodle,best-habitat-size,commercial/dogs/poodle/best-habitat-size.html,1542,745,51.24,3
dogs,poodle,best-insurance,commercial/dogs/poodle/best-insurance.html,1391,636,52.89,3
dogs,poodle,cost-to-own,commercial/dogs/poodle/cost-to-own.html,1595,729,52.65,3
dogs,poodle,first-time-owners,commercial/dogs/poodle/first-time-owners.html,1615,768,50.15,3
dogs,poodle,health-costs,commercial/dogs/poodle/health-costs.html,1583,710,51.21,3
dogs,poodle,comparison,commercial/dogs/poodle/vs-pomsky.html,1720,701,36.13,4
dogs,poodle,comparison,commercial/dogs/poodle/vs-portuguese-water-dog.html,1754,682,35.77,4
dogs,portuguese-water-dog,best-enrichment,commercial/dogs/portuguese-water-dog/best-enrichment.html,1408,601,50.74,3
dogs,portuguese-water-dog,best-food,commercial/dogs/portuguese-water-dog/best-food.html,1415,647,50.9,8
dogs,portuguese-water-dog,best-habitat-size,commercial/dogs/portuguese-water-dog/best-habitat-size.html,1575,704,51.06,3
dogs,portuguese-water-dog,best-insurance,commercial/dogs/portuguese-water-dog/best-insurance.html,1463,623,53.18,3
dogs,portuguese-water-dog,cost-to-own,commercial/dogs/portuguese-water-dog/cost-to-own.html,1638,689,52.47,3
dogs,portuguese-water-dog,first-time-owners,commercial/dogs/portuguese-water-dog/first-time-owners.html,1642,724,50.63,3
dogs,portuguese-water-dog,health-costs,commercial/dogs/portuguese-water-dog/health-costs.html,1615,673,52.73,3
dogs,portuguese-water-dog,comparison,commercial/dogs/portuguese-water-dog/vs-poodle.html,1772,683,36.51,4
dogs,portuguese-water-dog,comparison,commercial/dogs/portuguese-water-dog/vs-presa-canario.html,1713,628,36.94,4
dogs,presa-canario,best-enrichment,commercial/dogs/presa-canario/best-enrichment.html,1352,603,52.09,3
dogs,presa-canario,best-food,commercial/dogs/presa-canario/best-food.html,1361,650,52.54,8
dogs,presa-canario,best-habitat-size,commercial/dogs/presa-canario/best-habitat-size.html,1521,707,52.11,3
dogs,presa-canario,best-insurance,commercial/dogs/presa-canario/best-insurance.html,1412,623,55.07,3
dogs,presa-canario,cost-to-own,commercial/dogs/presa-canario/cost-to-own.html,1584,691,54.1,3
dogs,presa-canario,first-time-owners,commercial/dogs/presa-canario/first-time-owners.html,1590,727,52.14,3
dogs,presa-canario,health-costs,commercial/dogs/presa-canario/health-costs.html,1564,673,54.57,3
dogs,presa-canario,comparison,commercial/dogs/presa-canario/vs-portuguese-water-dog.html,1705,626,37.26,4
dogs,presa-canario,comparison,commercial/dogs/presa-canario/vs-pug.html,1624,628,37.43,4
dogs,pug,best-enrichment,commercial/dogs/pug/best-enrichment.html,1294,604,53.83,3
dogs,pug,best-food,commercial/dogs/pug/best-food.html,1305,650,54.18,8
dogs,pug,best-habitat-size,commercial/dogs/pug/best-habitat-size.html,1467,708,53.82,3
dogs,pug,best-insurance,commercial/dogs/pug/best-insurance.html,1359,623,57.28,3
dogs,pug,cost-to-own,commercial/dogs/pug/cost-to-own.html,1528,691,55.91,3
dogs,pug,first-time-owners,commercial/dogs/pug/first-time-owners.html,1536,726,53.68,3
dogs,pug,health-costs,commercial/dogs/pug/health-costs.html,1511,673,56.69,3
dogs,pug,comparison,commercial/dogs/pug/vs-presa-canario.html,1615,628,38.43,4
dogs,pug,comparison,commercial/dogs/pug/vs-puggle.html,1607,657,37.14,4
dogs,puggle,best-enrichment,commercial/dogs/puggle/best-enrichment.html,1298,605,53.51,3
dogs,puggle,best-food,commercial/dogs/puggle/best-food.html,1312,654,53.38,8
dogs,puggle,best-habitat-size,commercial/dogs/puggle/best-habitat-size.html,1476,716,52.78,3
dogs,puggle,best-insurance,commercial/dogs/puggle/best-insurance.html,1350,621,54.42,3
dogs,puggle,cost-to-own,commercial/dogs/puggle/cost-to-own.html,1539,699,54.67,3
dogs,puggle,first-time-owners,commercial/dogs/puggle/first-time-owners.html,1553,731,52.33,3
dogs,puggle,health-costs,commercial/dogs/puggle/health-costs.html,1509,680,52.67,3
dogs,puggle,comparison,commercial/dogs/puggle/vs-pug.html,1607,655,38.21,4
dogs,puggle,comparison,commercial/dogs/puggle/vs-puli.html,1608,654,38.66,4
dogs,puli,best-enrichment,commercial/dogs/puli/best-enrichment.html,1293,605,54.69,3
dogs,puli,best-food,commercial/dogs/puli/best-food.html,1304,650,55.01,8
dogs,puli,best-habitat-size,commercial/dogs/puli/best-habitat-size.html,1468,706,54.53,3
dogs,puli,best-insurance,commercial/dogs/puli/best-insurance.html,1358,622,57.68,3
dogs,puli,cost-to-own,commercial/dogs/puli/cost-to-own.html,1527,691,56.44,3
dogs,puli,first-time-owners,commercial/dogs/puli/first-time-owners.html,1535,726,54.36,3
dogs,puli,health-costs,commercial/dogs/puli/health-costs.html,1510,672,56.77,3
dogs,puli,comparison,commercial/dogs/puli/vs-puggle.html,1608,656,39.85,4
dogs,puli,comparison,commercial/dogs/puli/vs-pumi.html,1623,664,38.31,4
dogs,pumi,best-enrichment,commercial/dogs/pumi/best-enrichment.html,1309,613,53.24,3
dogs,pumi,best-food,commercial/dogs/pumi/best-food.html,1316,663,53.5,8
dogs,pumi,best-habitat-size,commercial/dogs/pumi/best-habitat-size.html,1499,732,52.77,3
dogs,pumi,best-insurance,commercial/dogs/pumi/best-insurance.html,1359,625,55.53,3
dogs,pumi,cost-to-own,commercial/dogs/pumi/cost-to-own.html,1562,717,54.5,3
dogs,pumi,first-time-owners,commercial/dogs/pumi/first-time-owners.html,1585,752,51.79,3
dogs,pumi,health-costs,commercial/dogs/pumi/health-costs.html,1537,694,54.05,3
dogs,pumi,comparison,commercial/dogs/pumi/vs-puli.html,1623,665,39.34,4
dogs,pumi,comparison,commercial/dogs/pumi/vs-pyrenean-mastiff.html,1706,685,36.69,4
dogs,pyrenean-mastiff,best-enrichment,commercial/dogs/pyrenean-mastiff/best-enrichment.html,1360,608,51.9,3
dogs,pyrenean-mastiff,best-food,commercial/dogs/pyrenean-mastiff/best-food.html,1366,657,52.44,8
dogs,pyrenean-mastiff,best-habitat-size,commercial/dogs/pyrenean-mastiff/best-habitat-size.html,1537,726,51.98,3
dogs,pyrenean-mastiff,best-insurance,commercial/dogs/pyrenean-mastiff/best-insurance.html,1408,622,55.53,3
dogs,pyrenean-mastiff,cost-to-own,commercial/dogs/pyrenean-mastiff/cost-to-own.html,1609,712,53.57,3
dogs,pyrenean-mastiff,first-time-owners,commercial/dogs/pyrenean-mastiff/first-time-owners.html,1630,742,50.91,3
dogs,pyrenean-mastiff,health-costs,commercial/dogs/pyrenean-mastiff/health-costs.html,1577,686,54.39,3
dogs,pyrenean-mastiff,comparison,commercial/dogs/pyrenean-mastiff/vs-pumi.html,1715,686,37.44,4
dogs,pyrenean-mastiff,comparison,commercial/dogs/pyrenean-mastiff/vs-rat-terrier.html,1745,683,36.45,4
dogs,rat-terrier,best-enrichment,commercial/dogs/rat-terrier/best-enrichment.html,1371,619,52.13,3
dogs,rat-terrier,best-food,commercial/dogs/rat-terrier/best-food.html,1379,666,52.36,8
dogs,rat-terrier,best-habitat-size,commercial/dogs/rat-terrier/best-habitat-size.html,1554,729,51.87,3
dogs,rat-terrier,best-insurance,commercial/dogs/rat-terrier/best-insurance.html,1412,628,54.69,3
dogs,rat-terrier,cost-to-own,commercial/dogs/rat-terrier/cost-to-own.html,1618,714,53.47,3
dogs,rat-terrier,first-time-owners,commercial/dogs/rat-terrier/first-time-owners.html,1634,748,51.14,3
dogs,rat-terrier,health-costs,commercial/dogs/rat-terrier/health-costs.html,1586,692,53.56,3
dogs,rat-terrier,comparison,commercial/dogs/rat-terrier/vs-pyrenean-mastiff.html,1745,686,37.09,4
dogs,rat-terrier,comparison,commercial/dogs/rat-terrier/vs-redbone-coonhound.html,1709,669,37.73,4
dogs,redbone-coonhound,best-enrichment,commercial/dogs/redbone-coonhound/best-enrichment.html,1355,606,53.29,3
dogs,redbone-coonhound,best-food,commercial/dogs/redbone-coonhound/best-food.html,1368,653,53.5,8
dogs,redbone-coonhound,best-habitat-size,commercial/dogs/redbone-coonhound/best-habitat-size.html,1531,707,53.32,3
dogs,redbone-coonhound,best-insurance,commercial/dogs/redbone-coonhound/best-insurance.html,1415,624,56.39,3
dogs,redbone-coonhound,cost-to-own,commercial/dogs/redbone-coonhound/cost-to-own.html,1588,694,55.07,3
dogs,redbone-coonhound,first-time-owners,commercial/dogs/redbone-coonhound/first-time-owners.html,1594,729,53.08,3
dogs,redbone-coonhound,health-costs,commercial/dogs/redbone-coonhound/health-costs.html,1568,675,55.57,3
dogs,redbone-coonhound,comparison,commercial/dogs/redbone-coonhound/vs-rat-terrier.html,1709,668,38.15,4
dogs,redbone-coonhound,comparison,commercial/dogs/redbone-coonhound/vs-rhodesian-ridgeback.html,1670,624,38.46,4
dogs,rhodesian-ridgeback,best-enrichment,commercial/dogs/rhodesian-ridgeback/best-enrichment.html,1348,604,53.65,3
dogs,rhodesian-ridgeback,best-food,commercial/dogs/rhodesian-ridgeback/best-food.html,1357,651,53.74,8
dogs,rhodesian-ridgeback,best-habitat-size,commercial/dogs/rhodesian-ridgeback/best-habitat-size.html,1516,705,53.88,3
dogs,rhodesian-ridgeback,best-insurance,commercial/dogs/rhodesian-ridgeback/best-insurance.html,1408,622,56.48,3
dogs,rhodesian-ridgeback,cost-to-own,commercial/dogs/rhodesian-ridgeback/cost-to-own.html,1577,692,55.59,3
dogs,rhodesian-ridgeback,first-time-owners,commercial/dogs/rhodesian-ridgeback/first-time-owners.html,1583,727,53.83,3
dogs,rhodesian-ridgeback,health-costs,commercial/dogs/rhodesian-ridgeback/health-costs.html,1557,673,56.33,3
dogs,rhodesian-ridgeback,comparison,commercial/dogs/rhodesian-ridgeback/vs-redbone-coonhound.html,1669,623,39.4,4
dogs,rhodesian-ridgeback,comparison,commercial/dogs/rhodesian-ridgeback/vs-rottweiler.html,1637,667,38.38,4
dogs,rottweiler,best-enrichment,commercial/dogs/rottweiler/best-enrichment.html,1297,614,53.95,3
dogs,rottweiler,best-food,commercial/dogs/rottweiler/best-food.html,1305,659,54,8
dogs,rottweiler,best-habitat-size,commercial/dogs/rottweiler/best-habitat-size.html,1481,727,53.45,3
dogs,rottweiler,best-insurance,commercial/dogs/rottweiler/best-insurance.html,1361,627,56.07,3
dogs,rottweiler,cost-to-own,commercial/dogs/rottweiler/cost-to-own.html,1540,713,55.16,3
dogs,rottweiler,first-time-owners,commercial/dogs/rottweiler/first-time-owners.html,1557,746,52.8,3
dogs,rottweiler,health-costs,commercial/dogs/rottweiler/health-costs.html,1527,689,54.96,3
dogs,rottweiler,comparison,commercial/dogs/rottweiler/vs-rhodesian-ridgeback.html,1629,666,39.24,4
dogs,rottweiler,comparison,commercial/dogs/rottweiler/vs-saint-berdoodle.html,1635,665,38.06,4
dogs,saint-berdoodle,best-enrichment,commercial/dogs/saint-berdoodle/best-enrichment.html,1352,604,53.43,3
dogs,saint-berdoodle,best-food,commercial/dogs/saint-berdoodle/best-food.html,1361,651,53.85,8
dogs,saint-berdoodle,best-habitat-size,commercial/dogs/saint-berdoodle/best-habitat-size.html,1524,709,53.37,3
dogs,saint-berdoodle,best-insurance,commercial/dogs/saint-berdoodle/best-insurance.html,1412,622,56.8,3
dogs,saint-berdoodle,cost-to-own,commercial/dogs/saint-berdoodle/cost-to-own.html,1587,692,55.2,3
dogs,saint-berdoodle,first-time-owners,commercial/dogs/saint-berdoodle/first-time-owners.html,1593,727,53.47,3
dogs,saint-berdoodle,health-costs,commercial/dogs/saint-berdoodle/health-costs.html,1567,673,56.14,3
dogs,saint-berdoodle,comparison,commercial/dogs/saint-berdoodle/vs-rottweiler.html,1642,664,38.98,4
dogs,saint-berdoodle,comparison,commercial/dogs/saint-berdoodle/vs-saint-bernard.html,1667,624,38.31,4
dogs,saint-bernard,best-enrichment,commercial/dogs/saint-bernard/best-enrichment.html,1351,604,53.82,3
dogs,saint-bernard,best-food,commercial/dogs/saint-bernard/best-food.html,1360,650,54.06,8
dogs,saint-bernard,best-habitat-size,commercial/dogs/saint-bernard/best-habitat-size.html,1520,708,53.88,3
dogs,saint-bernard,best-insurance,commercial/dogs/saint-bernard/best-insurance.html,1411,622,57.26,3
dogs,saint-bernard,cost-to-own,commercial/dogs/saint-bernard/cost-to-own.html,1583,692,55.72,3
dogs,saint-bernard,first-time-owners,commercial/dogs/saint-bernard/first-time-owners.html,1589,726,53.77,3
dogs,saint-bernard,health-costs,commercial/dogs/saint-bernard/health-costs.html,1563,673,56.68,3
dogs,saint-bernard,comparison,commercial/dogs/saint-bernard/vs-saint-berdoodle.html,1668,624,39.52,4
dogs,saint-bernard,comparison,commercial/dogs/saint-bernard/vs-saluki.html,1669,667,38.34,4
dogs,saluki,best-enrichment,commercial/dogs/saluki/best-enrichment.html,1306,612,53.55,3
dogs,saluki,best-food,commercial/dogs/saluki/best-food.html,1315,661,53.76,8
dogs,saluki,best-habitat-size,commercial/dogs/saluki/best-habitat-size.html,1497,725,53.31,3
dogs,saluki,best-insurance,commercial/dogs/saluki/best-insurance.html,1360,621,55.21,3
dogs,saluki,cost-to-own,commercial/dogs/saluki/cost-to-own.html,1562,711,54.9,3
dogs,saluki,first-time-owners,commercial/dogs/saluki/first-time-owners.html,1582,745,52.35,3
dogs,saluki,health-costs,commercial/dogs/saluki/health-costs.html,1536,690,53.74,3
dogs,saluki,comparison,commercial/dogs/saluki/vs-saint-bernard.html,1660,668,39.37,4
dogs,saluki,comparison,commercial/dogs/saluki/vs-samoyed.html,1636,668,39.85,4
dogs,samoyed,best-enrichment,commercial/dogs/samoyed/best-enrichment.html,1296,605,55.45,3
dogs,samoyed,best-food,commercial/dogs/samoyed/best-food.html,1311,650,55.61,8
dogs,samoyed,best-habitat-size,commercial/dogs/samoyed/best-habitat-size.html,1477,705,55.22,3
dogs,samoyed,best-insurance,commercial/dogs/samoyed/best-insurance.html,1361,621,58.38,3
dogs,samoyed,cost-to-own,commercial/dogs/samoyed/cost-to-own.html,1535,691,56.8,3
dogs,samoyed,first-time-owners,commercial/dogs/samoyed/first-time-owners.html,1543,725,54.85,3
dogs,samoyed,health-costs,commercial/dogs/samoyed/health-costs.html,1515,673,57.82,3
dogs,samoyed,comparison,commercial/dogs/samoyed/vs-saluki.html,1636,667,40.09,4
dogs,samoyed,comparison,commercial/dogs/samoyed/vs-sarplaninac.html,1643,668,38.54,4
dogs,sarplaninac,best-enrichment,commercial/dogs/sarplaninac/best-enrichment.html,1298,609,53.79,3
dogs,sarplaninac,best-food,commercial/dogs/sarplaninac/best-food.html,1312,656,54.38,8
dogs,sarplaninac,best-habitat-size,commercial/dogs/sarplaninac/best-habitat-size.html,1487,729,53.29,3
dogs,sarplaninac,best-insurance,commercial/dogs/sarplaninac/best-insurance.html,1353,622,57.7,3
dogs,sarplaninac,cost-to-own,commercial/dogs/sarplaninac/cost-to-own.html,1553,714,55.13,3
dogs,sarplaninac,first-time-owners,commercial/dogs/sarplaninac/first-time-owners.html,1570,747,52.44,3
dogs,sarplaninac,health-costs,commercial/dogs/sarplaninac/health-costs.html,1524,692,56.27,3
dogs,sarplaninac,comparison,commercial/dogs/sarplaninac/vs-samoyed.html,1643,667,39.66,4
dogs,sarplaninac,comparison,commercial/dogs/sarplaninac/vs-schipperke.html,1673,674,36.86,4
dogs,schipperke,best-enrichment,commercial/dogs/schipperke/best-enrichment.html,1298,604,53.62,3
dogs,schipperke,best-food,commercial/dogs/schipperke/best-food.html,1307,654,53.8,8
dogs,schipperke,best-habitat-size,commercial/dogs/schipperke/best-habitat-size.html,1476,722,53.09,3
dogs,schipperke,best-insurance,commercial/dogs/schipperke/best-insurance.html,1351,620,56.2,3
dogs,schipperke,cost-to-own,commercial/dogs/schipperke/cost-to-own.html,1549,706,54.74,3
dogs,schipperke,first-time-owners,commercial/dogs/schipperke/first-time-owners.html,1572,739,52.01,3
dogs,schipperke,health-costs,commercial/dogs/schipperke/health-costs.html,1519,684,54.77,3
dogs,schipperke,comparison,commercial/dogs/schipperke/vs-sarplaninac.html,1673,674,38.13,4
dogs,schipperke,comparison,commercial/dogs/schipperke/vs-schnoodle.html,1687,669,36.45,4
dogs,schnoodle,best-enrichment,commercial/dogs/schnoodle/best-enrichment.html,1311,609,53.72,3
dogs,schnoodle,best-food,commercial/dogs/schnoodle/best-food.html,1338,658,53.86,8
dogs,schnoodle,best-habitat-size,commercial/dogs/schnoodle/best-habitat-size.html,1512,723,52.95,3
dogs,schnoodle,best-insurance,commercial/dogs/schnoodle/best-insurance.html,1362,623,55.17,3
dogs,schnoodle,cost-to-own,commercial/dogs/schnoodle/cost-to-own.html,1558,704,54.94,3
dogs,schnoodle,first-time-owners,commercial/dogs/schnoodle/first-time-owners.html,1575,741,52.14,3
dogs,schnoodle,health-costs,commercial/dogs/schnoodle/health-costs.html,1531,684,53.28,3
dogs,schnoodle,comparison,commercial/dogs/schnoodle/vs-schipperke.html,1687,671,37.44,4
dogs,schnoodle,comparison,commercial/dogs/schnoodle/vs-scottish-deerhound.html,1720,675,36.08,4
dogs,scottish-deerhound,best-enrichment,commercial/dogs/scottish-deerhound/best-enrichment.html,1373,611,52.07,3
dogs,scottish-deerhound,best-food,commercial/dogs/scottish-deerhound/best-food.html,1380,660,52.24,8
dogs,scottish-deerhound,best-habitat-size,commercial/dogs/scottish-deerhound/best-habitat-size.html,1553,719,52.06,3
dogs,scottish-deerhound,best-insurance,commercial/dogs/scottish-deerhound/best-insurance.html,1421,621,53.37,3
dogs,scottish-deerhound,cost-to-own,commercial/dogs/scottish-deerhound/cost-to-own.html,1614,703,53.88,3
dogs,scottish-deerhound,first-time-owners,commercial/dogs/scottish-deerhound/first-time-owners.html,1639,737,51.47,3
dogs,scottish-deerhound,health-costs,commercial/dogs/scottish-deerhound/health-costs.html,1597,684,52.17,3
dogs,scottish-deerhound,comparison,commercial/dogs/scottish-deerhound/vs-schnoodle.html,1728,676,36.92,4
dogs,scottish-deerhound,comparison,commercial/dogs/scottish-deerhound/vs-scottish-terrier.html,1726,679,35.99,4
dogs,scottish-terrier,best-enrichment,commercial/dogs/scottish-terrier/best-enrichment.html,1361,607,52.62,3
dogs,scottish-terrier,best-food,commercial/dogs/scottish-terrier/best-food.html,1368,655,52.71,8
dogs,scottish-terrier,best-habitat-size,commercial/dogs/scottish-terrier/best-habitat-size.html,1538,724,52.25,3
dogs,scottish-terrier,best-insurance,commercial/dogs/scottish-terrier/best-insurance.html,1406,618,53.65,3
dogs,scottish-terrier,cost-to-own,commercial/dogs/scottish-terrier/cost-to-own.html,1601,706,54.07,3
dogs,scottish-terrier,first-time-owners,commercial/dogs/scottish-terrier/first-time-owners.html,1619,739,51.62,3
dogs,scottish-terrier,health-costs,commercial/dogs/scottish-terrier/health-costs.html,1576,686,51.76,3
dogs,scottish-terrier,comparison,commercial/dogs/scottish-terrier/vs-scottish-deerhound.html,1727,680,37.36,4
dogs,scottish-terrier,comparison,commercial/dogs/scottish-terrier/vs-sealyham-terrier.html,1710,658,36.55,4
dogs,sealyham-terrier,best-enrichment,commercial/dogs/sealyham-terrier/best-enrichment.html,1351,605,52.94,3
dogs,sealyham-terrier,best-food,commercial/dogs/sealyham-terrier/best-food.html,1358,654,53.17,8
dogs,sealyham-terrier,best-habitat-size,commercial/dogs/sealyham-terrier/best-habitat-size.html,1518,719,52.74,3
dogs,sealyham-terrier,best-insurance,commercial/dogs/sealyham-terrier/best-insurance.html,1397,615,54.61,3
dogs,sealyham-terrier,cost-to-own,commercial/dogs/sealyham-terrier/cost-to-own.html,1587,703,54.3,3
dogs,sealyham-terrier,first-time-owners,commercial/dogs/sealyham-terrier/first-time-owners.html,1602,737,51.71,3
dogs,sealyham-terrier,health-costs,commercial/dogs/sealyham-terrier/health-costs.html,1554,681,52.71,3
dogs,sealyham-terrier,comparison,commercial/dogs/sealyham-terrier/vs-scottish-terrier.html,1709,658,37.65,4
dogs,sealyham-terrier,comparison,commercial/dogs/sealyham-terrier/vs-sheepadoodle.html,1716,676,36.84,4
dogs,sheepadoodle,best-enrichment,commercial/dogs/sheepadoodle/best-enrichment.html,1317,616,53.7,3
dogs,sheepadoodle,best-food,commercial/dogs/sheepadoodle/best-food.html,1340,667,53.94,8
dogs,sheepadoodle,best-habitat-size,commercial/dogs/sheepadoodle/best-habitat-size.html,1519,729,52.73,3
dogs,sheepadoodle,best-insurance,commercial/dogs/sheepadoodle/best-insurance.html,1366,630,55.59,3
dogs,sheepadoodle,cost-to-own,commercial/dogs/sheepadoodle/cost-to-own.html,1572,715,54.81,3
dogs,sheepadoodle,first-time-owners,commercial/dogs/sheepadoodle/first-time-owners.html,1593,745,52.37,3
dogs,sheepadoodle,health-costs,commercial/dogs/sheepadoodle/health-costs.html,1546,691,53.9,3
dogs,sheepadoodle,comparison,commercial/dogs/sheepadoodle/vs-sealyham-terrier.html,1709,676,37.51,4
dogs,sheepadoodle,comparison,commercial/dogs/sheepadoodle/vs-shetland-sheepdog.html,1733,683,35.83,4
dogs,shetland-sheepdog,best-enrichment,commercial/dogs/shetland-sheepdog/best-enrichment.html,1360,612,52.37,3
dogs,shetland-sheepdog,best-food,commercial/dogs/shetland-sheepdog/best-food.html,1365,659,53.02,8
dogs,shetland-sheepdog,best-habitat-size,commercial/dogs/shetland-sheepdog/best-habitat-size.html,1535,723,52.2,3
dogs,shetland-sheepdog,best-insurance,commercial/dogs/shetland-sheepdog/best-insurance.html,1406,620,54.41,3
dogs,shetland-sheepdog,cost-to-own,commercial/dogs/shetland-sheepdog/cost-to-own.html,1605,711,53.81,3
dogs,shetland-sheepdog,first-time-owners,commercial/dogs/shetland-sheepdog/first-time-owners.html,1632,745,51.15,3
dogs,shetland-sheepdog,health-costs,commercial/dogs/shetland-sheepdog/health-costs.html,1575,688,52.77,3
dogs,shetland-sheepdog,comparison,commercial/dogs/shetland-sheepdog/vs-sheepadoodle.html,1742,682,36.69,4
dogs,shetland-sheepdog,comparison,commercial/dogs/shetland-sheepdog/vs-shiba-inu.html,1721,671,35.73,4
dogs,shiba-inu,best-enrichment,commercial/dogs/shiba-inu/best-enrichment.html,1356,604,52.44,3
dogs,shiba-inu,best-food,commercial/dogs/shiba-inu/best-food.html,1369,652,52.56,8
dogs,shiba-inu,best-habitat-size,commercial/dogs/shiba-inu/best-habitat-size.html,1532,709,52.28,3
dogs,shiba-inu,best-insurance,commercial/dogs/shiba-inu/best-insurance.html,1416,625,54.68,3
dogs,shiba-inu,cost-to-own,commercial/dogs/shiba-inu/cost-to-own.html,1591,692,54.11,3
dogs,shiba-inu,first-time-owners,commercial/dogs/shiba-inu/first-time-owners.html,1597,726,51.86,3
dogs,shiba-inu,health-costs,commercial/dogs/shiba-inu/health-costs.html,1571,674,53.49,3
dogs,shiba-inu,comparison,commercial/dogs/shiba-inu/vs-shetland-sheepdog.html,1720,670,36.39,4
dogs,shiba-inu,comparison,commercial/dogs/shiba-inu/vs-shih-poo.html,1677,663,35.44,4
dogs,shih-poo,best-enrichment,commercial/dogs/shih-poo/best-enrichment.html,1303,608,53.71,3
dogs,shih-poo,best-food,commercial/dogs/shih-poo/best-food.html,1312,655,54.19,8
dogs,shih-poo,best-habitat-size,commercial/dogs/shih-poo/best-habitat-size.html,1481,725,53.38,3
dogs,shih-poo,best-insurance,commercial/dogs/shih-poo/best-insurance.html,1350,620,56.22,3
dogs,shih-poo,cost-to-own,commercial/dogs/shih-poo/cost-to-own.html,1548,712,54.87,3
dogs,shih-poo,first-time-owners,commercial/dogs/shih-poo/first-time-owners.html,1575,743,52.19,3
dogs,shih-poo,health-costs,commercial/dogs/shih-poo/health-costs.html,1522,691,54.43,3
dogs,shih-poo,comparison,commercial/dogs/shih-poo/vs-shiba-inu.html,1670,662,36.33,4
dogs,shih-poo,comparison,commercial/dogs/shih-poo/vs-shih-tzu.html,1709,673,35.29,4
dogs,shih-tzu,best-enrichment,commercial/dogs/shih-tzu/best-enrichment.html,1366,615,51.93,3
dogs,shih-tzu,best-food,commercial/dogs/shih-tzu/best-food.html,1373,664,52.41,8
dogs,shih-tzu,best-habitat-size,commercial/dogs/shih-tzu/best-habitat-size.html,1550,730,52.07,3
dogs,shih-tzu,best-insurance,commercial/dogs/shih-tzu/best-insurance.html,1414,627,53.46,3
dogs,shih-tzu,cost-to-own,commercial/dogs/shih-tzu/cost-to-own.html,1622,716,53.34,3
dogs,shih-tzu,first-time-owners,commercial/dogs/shih-tzu/first-time-owners.html,1643,750,51.09,3
dogs,shih-tzu,health-costs,commercial/dogs/shih-tzu/health-costs.html,1592,695,51.94,3
dogs,shih-tzu,comparison,commercial/dogs/shih-tzu/vs-shih-poo.html,1716,672,36.85,4
dogs,shih-tzu,comparison,commercial/dogs/shih-tzu/vs-shikoku.html,1672,675,37.2,4
dogs,shikoku,best-enrichment,commercial/dogs/shikoku/best-enrichment.html,1294,607,53.69,3
dogs,shikoku,best-food,commercial/dogs/shikoku/best-food.html,1305,651,53.78,8
dogs,shikoku,best-habitat-size,commercial/dogs/shikoku/best-habitat-size.html,1468,707,53.38,3
dogs,shikoku,best-insurance,commercial/dogs/shikoku/best-insurance.html,1359,624,55.56,3
dogs,shikoku,cost-to-own,commercial/dogs/shikoku/cost-to-own.html,1527,693,55.41,3
dogs,shikoku,first-time-owners,commercial/dogs/shikoku/first-time-owners.html,1535,727,52.81,3
dogs,shikoku,health-costs,commercial/dogs/shikoku/health-costs.html,1510,673,54.33,3
dogs,shikoku,comparison,commercial/dogs/shikoku/vs-shih-tzu.html,1665,675,38.03,4
dogs,shikoku,comparison,commercial/dogs/shikoku/vs-shiloh-shepherd.html,1659,670,36.06,4
dogs,shiloh-shepherd,best-enrichment,commercial/dogs/shiloh-shepherd/best-enrichment.html,1358,614,51.95,3
dogs,shiloh-shepherd,best-food,commercial/dogs/shiloh-shepherd/best-food.html,1369,661,52.17,8
dogs,shiloh-shepherd,best-habitat-size,commercial/dogs/shiloh-shepherd/best-habitat-size.html,1539,729,51.78,3
dogs,shiloh-shepherd,best-insurance,commercial/dogs/shiloh-shepherd/best-insurance.html,1411,626,53.76,3
dogs,shiloh-shepherd,cost-to-own,commercial/dogs/shiloh-shepherd/cost-to-own.html,1614,714,53.19,3
dogs,shiloh-shepherd,first-time-owners,commercial/dogs/shiloh-shepherd/first-time-owners.html,1626,748,50.94,3
dogs,shiloh-shepherd,health-costs,commercial/dogs/shiloh-shepherd/health-costs.html,1584,689,52.36,3
dogs,shiloh-shepherd,comparison,commercial/dogs/shiloh-shepherd/vs-shikoku.html,1666,668,36.88,4
dogs,shiloh-shepherd,comparison,commercial/dogs/shiloh-shepherd/vs-shorkie.html,1666,666,38.07,4
dogs,shorkie,best-enrichment,commercial/dogs/shorkie/best-enrichment.html,1294,604,54.03,3
dogs,shorkie,best-food,commercial/dogs/shorkie/best-food.html,1305,651,54.34,8
dogs,shorkie,best-habitat-size,commercial/dogs/shorkie/best-habitat-size.html,1466,710,54.05,3
dogs,shorkie,best-insurance,commercial/dogs/shorkie/best-insurance.html,1359,624,56.24,3
dogs,shorkie,cost-to-own,commercial/dogs/shorkie/cost-to-own.html,1527,693,55.9,3
dogs,shorkie,first-time-owners,commercial/dogs/shorkie/first-time-owners.html,1535,727,53.58,3
dogs,shorkie,health-costs,commercial/dogs/shorkie/health-costs.html,1510,674,55.12,3
dogs,shorkie,comparison,commercial/dogs/shorkie/vs-shiloh-shepherd.html,1660,667,38.92,4
dogs,shorkie,comparison,commercial/dogs/shorkie/vs-siberian-husky.html,1684,675,36.14,4
dogs,siberian-husky,best-enrichment,commercial/dogs/siberian-husky/best-enrichment.html,1370,618,51.51,3
dogs,siberian-husky,best-food,commercial/dogs/siberian-husky/best-food.html,1377,666,52.03,8
dogs,siberian-husky,best-habitat-size,commercial/dogs/siberian-husky/best-habitat-size.html,1559,732,51.31,3
dogs,siberian-husky,best-insurance,commercial/dogs/siberian-husky/best-insurance.html,1415,625,53.78,3
dogs,siberian-husky,cost-to-own,commercial/dogs/siberian-husky/cost-to-own.html,1635,717,52.92,3
dogs,siberian-husky,first-time-owners,commercial/dogs/siberian-husky/first-time-owners.html,1658,755,50.15,3
dogs,siberian-husky,health-costs,commercial/dogs/siberian-husky/health-costs.html,1598,695,51.74,3
dogs,siberian-husky,comparison,commercial/dogs/siberian-husky/vs-shorkie.html,1692,675,37.02,4
dogs,siberian-husky,comparison,commercial/dogs/siberian-husky/vs-silky-terrier.html,1764,683,34.97,4
dogs,silky-terrier,best-enrichment,commercial/dogs/silky-terrier/best-enrichment.html,1368,608,52.14,3
dogs,silky-terrier,best-food,commercial/dogs/silky-terrier/best-food.html,1371,653,52.35,8
dogs,silky-terrier,best-habitat-size,commercial/dogs/silky-terrier/best-habitat-size.html,1547,723,51.94,3
dogs,silky-terrier,best-insurance,commercial/dogs/silky-terrier/best-insurance.html,1409,617,53.53,3
dogs,silky-terrier,cost-to-own,commercial/dogs/silky-terrier/cost-to-own.html,1608,704,53.55,3
dogs,silky-terrier,first-time-owners,commercial/dogs/silky-terrier/first-time-owners.html,1630,739,51.19,3
dogs,silky-terrier,health-costs,commercial/dogs/silky-terrier/health-costs.html,1580,681,51.78,3
dogs,silky-terrier,comparison,commercial/dogs/silky-terrier/vs-siberian-husky.html,1764,681,36.06,4
dogs,silky-terrier,comparison,commercial/dogs/silky-terrier/vs-skye-terrier.html,1722,661,35.83,4
dogs,skye-terrier,best-enrichment,commercial/dogs/skye-terrier/best-enrichment.html,1362,606,52.11,3
dogs,skye-terrier,best-food,commercial/dogs/skye-terrier/best-food.html,1368,654,52.55,8
dogs,skye-terrier,best-habitat-size,commercial/dogs/skye-terrier/best-habitat-size.html,1540,723,52.07,3
dogs,skye-terrier,best-insurance,commercial/dogs/skye-terrier/best-insurance.html,1407,618,54.02,3
dogs,skye-terrier,cost-to-own,commercial/dogs/skye-terrier/cost-to-own.html,1603,703,53.83,3
dogs,skye-terrier,first-time-owners,commercial/dogs/skye-terrier/first-time-owners.html,1621,738,51.29,3
dogs,skye-terrier,health-costs,commercial/dogs/skye-terrier/health-costs.html,1576,683,52.01,3
dogs,skye-terrier,comparison,commercial/dogs/skye-terrier/vs-silky-terrier.html,1721,660,37.21,4
dogs,skye-terrier,comparison,commercial/dogs/skye-terrier/vs-sloughi.html,1678,684,36.26,4
dogs,sloughi,best-enrichment,commercial/dogs/sloughi/best-enrichment.html,1306,619,53.26,3
dogs,sloughi,best-food,commercial/dogs/sloughi/best-food.html,1314,666,53.46,8
dogs,sloughi,best-habitat-size,commercial/dogs/sloughi/best-habitat-size.html,1489,728,52.75,3
dogs,sloughi,best-insurance,commercial/dogs/sloughi/best-insurance.html,1361,629,54.14,3
dogs,sloughi,cost-to-own,commercial/dogs/sloughi/cost-to-own.html,1548,717,54.69,3
dogs,sloughi,first-time-owners,commercial/dogs/sloughi/first-time-owners.html,1571,750,51.92,3
dogs,sloughi,health-costs,commercial/dogs/sloughi/health-costs.html,1532,692,52.2,3
dogs,sloughi,comparison,commercial/dogs/sloughi/vs-skye-terrier.html,1673,686,37.26,4
dogs,sloughi,comparison,commercial/dogs/sloughi/vs-soft-coated-wheaten-terrier.html,1773,685,35.76,4
dogs,soft-coated-wheaten-terrier,best-enrichment,commercial/dogs/soft-coated-wheaten-terrier/best-enrichment.html,1486,616,50.22,3
dogs,soft-coated-wheaten-terrier,best-food,commercial/dogs/soft-coated-wheaten-terrier/best-food.html,1487,659,50.98,8
dogs,soft-coated-wheaten-terrier,best-habitat-size,commercial/dogs/soft-coated-wheaten-terrier/best-habitat-size.html,1659,724,50.35,3
dogs,soft-coated-wheaten-terrier,best-insurance,commercial/dogs/soft-coated-wheaten-terrier/best-insurance.html,1514,621,52.44,3
dogs,soft-coated-wheaten-terrier,cost-to-own,commercial/dogs/soft-coated-wheaten-terrier/cost-to-own.html,1730,709,52.17,3
dogs,soft-coated-wheaten-terrier,first-time-owners,commercial/dogs/soft-coated-wheaten-terrier/first-time-owners.html,1751,743,49.61,3
dogs,soft-coated-wheaten-terrier,health-costs,commercial/dogs/soft-coated-wheaten-terrier/health-costs.html,1689,686,50.83,3
dogs,soft-coated-wheaten-terrier,comparison,commercial/dogs/soft-coated-wheaten-terrier/vs-sloughi.html,1797,686,36.48,4
dogs,soft-coated-wheaten-terrier,comparison,commercial/dogs/soft-coated-wheaten-terrier/vs-spanish-mastiff.html,1807,668,35.84,4
dogs,spanish-mastiff,best-enrichment,commercial/dogs/spanish-mastiff/best-enrichment.html,1354,605,51.97,3
dogs,spanish-mastiff,best-food,commercial/dogs/spanish-mastiff/best-food.html,1363,652,52.4,8
dogs,spanish-mastiff,best-habitat-size,commercial/dogs/spanish-mastiff/best-habitat-size.html,1522,711,52.27,3
dogs,spanish-mastiff,best-insurance,commercial/dogs/spanish-mastiff/best-insurance.html,1414,625,54.34,3
dogs,spanish-mastiff,cost-to-own,commercial/dogs/spanish-mastiff/cost-to-own.html,1585,695,53.87,3
dogs,spanish-mastiff,first-time-owners,commercial/dogs/spanish-mastiff/first-time-owners.html,1591,731,51.8,3
dogs,spanish-mastiff,health-costs,commercial/dogs/spanish-mastiff/health-costs.html,1565,678,53.27,3
dogs,spanish-mastiff,comparison,commercial/dogs/spanish-mastiff/vs-soft-coated-wheaten-terrier.html,1794,668,36.29,4
dogs,spanish-mastiff,comparison,commercial/dogs/spanish-mastiff/vs-spanish-water-dog.html,1754,671,34.07,4
dogs,spanish-water-dog,best-enrichment,commercial/dogs/spanish-water-dog/best-enrichment.html,1422,607,50.23,3
dogs,spanish-water-dog,best-food,commercial/dogs/spanish-water-dog/best-food.html,1426,655,50.86,8
dogs,spanish-water-dog,best-habitat-size,commercial/dogs/spanish-water-dog/best-habitat-size.html,1603,725,50.34,3
dogs,spanish-water-dog,best-insurance,commercial/dogs/spanish-water-dog/best-insurance.html,1463,622,53.08,3
dogs,spanish-water-dog,cost-to-own,commercial/dogs/spanish-water-dog/cost-to-own.html,1673,712,51.95,3
dogs,spanish-water-dog,first-time-owners,commercial/dogs/spanish-water-dog/first-time-owners.html,1689,745,49.32,3
dogs,spanish-water-dog,health-costs,commercial/dogs/spanish-water-dog/health-costs.html,1639,690,51.48,3
dogs,spanish-water-dog,comparison,commercial/dogs/spanish-water-dog/vs-spanish-mastiff.html,1759,670,35.51,4
dogs,spanish-water-dog,comparison,commercial/dogs/spanish-water-dog/vs-spinone-italiano.html,1759,668,36.57,4
dogs,spinone-italiano,best-enrichment,commercial/dogs/spinone-italiano/best-enrichment.html,1354,606,52.04,3
dogs,spinone-italiano,best-food,commercial/dogs/spinone-italiano/best-food.html,1363,653,52.5,8
dogs,spinone-italiano,best-habitat-size,commercial/dogs/spinone-italiano/best-habitat-size.html,1523,710,52.36,3
dogs,spinone-italiano,best-insurance,commercial/dogs/spinone-italiano/best-insurance.html,1414,625,54.84,3
dogs,spinone-italiano,cost-to-own,commercial/dogs/spinone-italiano/cost-to-own.html,1586,692,54.2,3
dogs,spinone-italiano,first-time-owners,commercial/dogs/spinone-italiano/first-time-owners.html,1592,729,52.08,3
dogs,spinone-italiano,health-costs,commercial/dogs/spinone-italiano/health-costs.html,1566,675,53.89,3
dogs,spinone-italiano,comparison,commercial/dogs/spinone-italiano/vs-spanish-water-dog.html,1753,668,36.89,4
dogs,spinone-italiano,comparison,commercial/dogs/spinone-italiano/vs-springer-spaniel.html,1707,627,36.48,4
dogs,springer-spaniel,best-enrichment,commercial/dogs/springer-spaniel/best-enrichment.html,1410,606,50.44,3
dogs,springer-spaniel,best-food,commercial/dogs/springer-spaniel/best-food.html,1417,653,51.29,8
dogs,springer-spaniel,best-habitat-size,commercial/dogs/springer-spaniel/best-habitat-size.html,1578,708,50.94,3
dogs,springer-spaniel,best-insurance,commercial/dogs/springer-spaniel/best-insurance.html,1465,624,53.82,3
dogs,springer-spaniel,cost-to-own,commercial/dogs/springer-spaniel/cost-to-own.html,1641,694,52.83,3
dogs,springer-spaniel,first-time-owners,commercial/dogs/springer-spaniel/first-time-owners.html,1645,728,50.89,3
dogs,springer-spaniel,health-costs,commercial/dogs/springer-spaniel/health-costs.html,1618,675,52.83,3
dogs,springer-spaniel,comparison,commercial/dogs/springer-spaniel/vs-spinone-italiano.html,1713,628,37.55,4
dogs,springer-spaniel,comparison,commercial/dogs/springer-spaniel/vs-st-bernard.html,1760,669,36.15,4
dogs,st-bernard,best-enrichment,commercial/dogs/st-bernard/best-enrichment.html,1367,615,50.71,3
dogs,st-bernard,best-food,commercial/dogs/st-bernard/best-food.html,1374,661,50.98,8
dogs,st-bernard,best-habitat-size,commercial/dogs/st-bernard/best-habitat-size.html,1547,730,50.83,3
dogs,st-bernard,best-insurance,commercial/dogs/st-bernard/best-insurance.html,1415,626,52.86,3
dogs,st-bernard,cost-to-own,commercial/dogs/st-bernard/cost-to-own.html,1619,713,52.31,3
dogs,st-bernard,first-time-owners,commercial/dogs/st-bernard/first-time-owners.html,1640,747,49.77,3
dogs,st-bernard,health-costs,commercial/dogs/st-bernard/health-costs.html,1589,690,51.73,3
dogs,st-bernard,comparison,commercial/dogs/st-bernard/vs-springer-spaniel.html,1753,667,36.8,4
dogs,st-bernard,comparison,commercial/dogs/st-bernard/vs-stabyhoun.html,1681,673,35.34,4
dogs,stabyhoun,best-enrichment,commercial/dogs/stabyhoun/best-enrichment.html,1297,605,52.53,3
dogs,stabyhoun,best-food,commercial/dogs/stabyhoun/best-food.html,1306,654,52.77,8
dogs,stabyhoun,best-habitat-size,commercial/dogs/stabyhoun/best-habitat-size.html,1459,713,52.24,3
dogs,stabyhoun,best-insurance,commercial/dogs/stabyhoun/best-insurance.html,1355,627,53.51,3
dogs,stabyhoun,cost-to-own,commercial/dogs/stabyhoun/cost-to-own.html,1524,698,53.85,3
dogs,stabyhoun,first-time-owners,commercial/dogs/stabyhoun/first-time-owners.html,1536,733,51.31,3
dogs,stabyhoun,health-costs,commercial/dogs/stabyhoun/health-costs.html,1494,687,51.82,3
dogs,stabyhoun,comparison,commercial/dogs/stabyhoun/vs-st-bernard.html,1674,675,36.48,4
dogs,stabyhoun,comparison,commercial/dogs/stabyhoun/vs-staffordshire-bull-terrier.html,1694,665,35.26,4
dogs,staffordshire-bull-terrier,best-enrichment,commercial/dogs/staffordshire-bull-terrier/best-enrichment.html,1415,606,50.8,3
dogs,staffordshire-bull-terrier,best-food,commercial/dogs/staffordshire-bull-terrier/best-food.html,1423,657,51.31,8
dogs,staffordshire-bull-terrier,best-habitat-size,commercial/dogs/staffordshire-bull-terrier/best-habitat-size.html,1589,720,51.21,3
dogs,staffordshire-bull-terrier,best-insurance,commercial/dogs/staffordshire-bull-terrier/best-insurance.html,1461,619,52.91,3
dogs,staffordshire-bull-terrier,cost-to-own,commercial/dogs/staffordshire-bull-terrier/cost-to-own.html,1658,704,52.81,3
dogs,staffordshire-bull-terrier,first-time-owners,commercial/dogs/staffordshire-bull-terrier/first-time-owners.html,1668,738,50.22,3
dogs,staffordshire-bull-terrier,health-costs,commercial/dogs/staffordshire-bull-terrier/health-costs.html,1628,680,51.51,3
dogs,staffordshire-bull-terrier,comparison,commercial/dogs/staffordshire-bull-terrier/vs-stabyhoun.html,1709,664,36.35,4
dogs,staffordshire-bull-terrier,comparison,commercial/dogs/staffordshire-bull-terrier/vs-standard-poodle.html,1780,670,35.35,4
dogs,standard-poodle,best-enrichment,commercial/dogs/standard-poodle/best-enrichment.html,1363,606,50.81,3
dogs,standard-poodle,best-food,commercial/dogs/standard-poodle/best-food.html,1369,655,51.09,8
dogs,standard-poodle,best-habitat-size,commercial/dogs/standard-poodle/best-habitat-size.html,1542,724,51.02,3
dogs,standard-poodle,best-insurance,commercial/dogs/standard-poodle/best-insurance.html,1410,620,53.07,3
dogs,standard-poodle,cost-to-own,commercial/dogs/standard-poodle/cost-to-own.html,1609,707,52.39,3
dogs,standard-poodle,first-time-owners,commercial/dogs/standard-poodle/first-time-owners.html,1633,744,49.79,3
dogs,standard-poodle,health-costs,commercial/dogs/standard-poodle/health-costs.html,1582,688,52,3
dogs,standard-poodle,comparison,commercial/dogs/standard-poodle/vs-staffordshire-bull-terrier.html,1773,669,36.12,4
dogs,standard-poodle,comparison,commercial/dogs/standard-poodle/vs-standard-schnauzer.html,1725,665,35.98,4
dogs,standard-schnauzer,best-enrichment,commercial/dogs/standard-schnauzer/best-enrichment.html,1358,611,51.74,3
dogs,standard-schnauzer,best-food,commercial/dogs/standard-schnauzer/best-food.html,1366,658,51.77,8
dogs,standard-schnauzer,best-habitat-size,commercial/dogs/standard-schnauzer/best-habitat-size.html,1532,722,51.85,3
dogs,standard-schnauzer,best-insurance,commercial/dogs/standard-schnauzer/best-insurance.html,1405,619,53.71,3
dogs,standard-schnauzer,cost-to-own,commercial/dogs/standard-schnauzer/cost-to-own.html,1596,706,53.21,3
dogs,standard-schnauzer,first-time-owners,commercial/dogs/standard-schnauzer/first-time-owners.html,1608,744,50.96,3
dogs,standard-schnauzer,health-costs,commercial/dogs/standard-schnauzer/health-costs.html,1566,684,52.65,3
dogs,standard-schnauzer,comparison,commercial/dogs/standard-schnauzer/vs-standard-poodle.html,1724,664,37.48,4
dogs,standard-schnauzer,comparison,commercial/dogs/standard-schnauzer/vs-sussex-spaniel.html,1708,670,36.99,4
dogs,sussex-spaniel,best-enrichment,commercial/dogs/sussex-spaniel/best-enrichment.html,1363,608,50.98,3
dogs,sussex-spaniel,best-food,commercial/dogs/sussex-spaniel/best-food.html,1370,658,51.71,8
dogs,sussex-spaniel,best-habitat-size,commercial/dogs/sussex-spaniel/best-habitat-size.html,1537,723,51.35,3
dogs,sussex-spaniel,best-insurance,commercial/dogs/sussex-spaniel/best-insurance.html,1411,624,53.95,3
dogs,sussex-spaniel,cost-to-own,commercial/dogs/sussex-spaniel/cost-to-own.html,1600,704,53.23,3
dogs,sussex-spaniel,first-time-owners,commercial/dogs/sussex-spaniel/first-time-owners.html,1621,737,50.78,3
dogs,sussex-spaniel,health-costs,commercial/dogs/sussex-spaniel/health-costs.html,1579,684,53.11,3
dogs,sussex-spaniel,comparison,commercial/dogs/sussex-spaniel/vs-standard-schnauzer.html,1708,670,37.23,4
dogs,sussex-spaniel,comparison,commercial/dogs/sussex-spaniel/vs-swedish-vallhund.html,1698,652,36.06,4
dogs,swedish-vallhund,best-enrichment,commercial/dogs/swedish-vallhund/best-enrichment.html,1355,604,51.79,3
dogs,swedish-vallhund,best-food,commercial/dogs/swedish-vallhund/best-food.html,1368,651,51.91,8
dogs,swedish-vallhund,best-habitat-size,commercial/dogs/swedish-vallhund/best-habitat-size.html,1531,706,51.94,3
dogs,swedish-vallhund,best-insurance,commercial/dogs/swedish-vallhund/best-insurance.html,1415,624,54.46,3
dogs,swedish-vallhund,cost-to-own,commercial/dogs/swedish-vallhund/cost-to-own.html,1588,693,53.68,3
dogs,swedish-vallhund,first-time-owners,commercial/dogs/swedish-vallhund/first-time-owners.html,1594,726,51.95,3
dogs,swedish-vallhund,health-costs,commercial/dogs/swedish-vallhund/health-costs.html,1568,674,53.93,3
dogs,swedish-vallhund,comparison,commercial/dogs/swedish-vallhund/vs-sussex-spaniel.html,1698,653,37.32,4
dogs,swedish-vallhund,comparison,commercial/dogs/swedish-vallhund/vs-taiwan-dog.html,1741,664,35.44,4
dogs,taiwan-dog,best-enrichment,commercial/dogs/taiwan-dog/best-enrichment.html,1376,610,51.16,3
dogs,taiwan-dog,best-food,commercial/dogs/taiwan-dog/best-food.html,1378,657,51.29,8
dogs,taiwan-dog,best-habitat-size,commercial/dogs/taiwan-dog/best-habitat-size.html,1564,727,51.05,3
dogs,taiwan-dog,best-insurance,commercial/dogs/taiwan-dog/best-insurance.html,1415,622,52.18,3
dogs,taiwan-dog,cost-to-own,commercial/dogs/taiwan-dog/cost-to-own.html,1632,712,52.32,3
dogs,taiwan-dog,first-time-owners,commercial/dogs/taiwan-dog/first-time-owners.html,1663,746,49.89,3
dogs,taiwan-dog,health-costs,commercial/dogs/taiwan-dog/health-costs.html,1601,691,50.47,3
dogs,taiwan-dog,comparison,commercial/dogs/taiwan-dog/vs-swedish-vallhund.html,1741,665,36.47,4
dogs,taiwan-dog,comparison,commercial/dogs/taiwan-dog/vs-thai-ridgeback.html,1804,686,34.84,4
dogs,thai-ridgeback,best-enrichment,commercial/dogs/thai-ridgeback/best-enrichment.html,1376,614,50.75,3
dogs,thai-ridgeback,best-food,commercial/dogs/thai-ridgeback/best-food.html,1384,661,50.95,8
dogs,thai-ridgeback,best-habitat-size,commercial/dogs/thai-ridgeback/best-habitat-size.html,1576,736,50.61,3
dogs,thai-ridgeback,best-insurance,commercial/dogs/thai-ridgeback/best-insurance.html,1420,628,51.94,3
dogs,thai-ridgeback,cost-to-own,commercial/dogs/thai-ridgeback/cost-to-own.html,1640,723,51.94,3
dogs,thai-ridgeback,first-time-owners,commercial/dogs/thai-ridgeback/first-time-owners.html,1664,757,49.47,3
dogs,thai-ridgeback,health-costs,commercial/dogs/thai-ridgeback/health-costs.html,1609,702,50.43,3
dogs,thai-ridgeback,comparison,commercial/dogs/thai-ridgeback/vs-taiwan-dog.html,1804,685,35.89,4
dogs,thai-ridgeback,comparison,commercial/dogs/thai-ridgeback/vs-tibetan-mastiff.html,1787,692,34.88,4
dogs,tibetan-mastiff,best-enrichment,commercial/dogs/tibetan-mastiff/best-enrichment.html,1362,612,50.85,3
dogs,tibetan-mastiff,best-food,commercial/dogs/tibetan-mastiff/best-food.html,1368,658,51.38,8
dogs,tibetan-mastiff,best-habitat-size,commercial/dogs/tibetan-mastiff/best-habitat-size.html,1544,729,50.62,3
dogs,tibetan-mastiff,best-insurance,commercial/dogs/tibetan-mastiff/best-insurance.html,1409,622,53.43,3
dogs,tibetan-mastiff,cost-to-own,commercial/dogs/tibetan-mastiff/cost-to-own.html,1616,714,52.26,3
dogs,tibetan-mastiff,first-time-owners,commercial/dogs/tibetan-mastiff/first-time-owners.html,1640,748,49.66,3
dogs,tibetan-mastiff,health-costs,commercial/dogs/tibetan-mastiff/health-costs.html,1586,689,52.24,3
dogs,tibetan-mastiff,comparison,commercial/dogs/tibetan-mastiff/vs-thai-ridgeback.html,1787,691,35.78,4
dogs,tibetan-mastiff,comparison,commercial/dogs/tibetan-mastiff/vs-tibetan-spaniel.html,1714,665,36.56,4
dogs,tibetan-spaniel,best-enrichment,commercial/dogs/tibetan-spaniel/best-enrichment.html,1351,602,52.12,3
dogs,tibetan-spaniel,best-food,commercial/dogs/tibetan-spaniel/best-food.html,1360,649,52.34,8
dogs,tibetan-spaniel,best-habitat-size,commercial/dogs/tibetan-spaniel/best-habitat-size.html,1519,706,52.14,3
dogs,tibetan-spaniel,best-insurance,commercial/dogs/tibetan-spaniel/best-insurance.html,1411,622,54.74,3
dogs,tibetan-spaniel,cost-to-own,commercial/dogs/tibetan-spaniel/cost-to-own.html,1582,689,54.07,3
dogs,tibetan-spaniel,first-time-owners,commercial/dogs/tibetan-spaniel/first-time-owners.html,1588,723,51.64,3
dogs,tibetan-spaniel,health-costs,commercial/dogs/tibetan-spaniel/health-costs.html,1562,671,53.62,3
dogs,tibetan-spaniel,comparison,commercial/dogs/tibetan-spaniel/vs-tibetan-mastiff.html,1714,664,37.86,4
dogs,tibetan-spaniel,comparison,commercial/dogs/tibetan-spaniel/vs-tibetan-terrier.html,1662,622,37.83,4
dogs,tibetan-terrier,best-enrichment,commercial/dogs/tibetan-terrier/best-enrichment.html,1349,602,53,3
dogs,tibetan-terrier,best-food,commercial/dogs/tibetan-terrier/best-food.html,1358,650,53.13,8
dogs,tibetan-terrier,best-habitat-size,commercial/dogs/tibetan-terrier/best-habitat-size.html,1516,708,53.05,3
dogs,tibetan-terrier,best-insurance,commercial/dogs/tibetan-terrier/best-insurance.html,1409,622,55.41,3
dogs,tibetan-terrier,cost-to-own,commercial/dogs/tibetan-terrier/cost-to-own.html,1579,691,54.78,3
dogs,tibetan-terrier,first-time-owners,commercial/dogs/tibetan-terrier/first-time-owners.html,1585,725,52.44,3
dogs,tibetan-terrier,health-costs,commercial/dogs/tibetan-terrier/health-costs.html,1559,672,54.5,3
dogs,tibetan-terrier,comparison,commercial/dogs/tibetan-terrier/vs-tibetan-spaniel.html,1662,622,38.6,4
dogs,tibetan-terrier,comparison,commercial/dogs/tibetan-terrier/vs-tornjak.html,1667,666,37.22,4
dogs,tornjak,best-enrichment,commercial/dogs/tornjak/best-enrichment.html,1302,614,52.64,3
dogs,tornjak,best-food,commercial/dogs/tornjak/best-food.html,1310,660,53.2,8
dogs,tornjak,best-habitat-size,commercial/dogs/tornjak/best-habitat-size.html,1482,730,52.36,3
dogs,tornjak,best-insurance,commercial/dogs/tornjak/best-insurance.html,1355,622,55.7,3
dogs,tornjak,cost-to-own,commercial/dogs/tornjak/cost-to-own.html,1552,714,54.04,3
dogs,tornjak,first-time-owners,commercial/dogs/tornjak/first-time-owners.html,1575,751,51.27,3
dogs,tornjak,health-costs,commercial/dogs/tornjak/health-costs.html,1523,691,54.2,3
dogs,tornjak,comparison,commercial/dogs/tornjak/vs-tibetan-terrier.html,1662,667,37.89,4
dogs,tornjak,comparison,commercial/dogs/tornjak/vs-toy-fox-terrier.html,1723,680,35.83,4
dogs,toy-fox-terrier,best-enrichment,commercial/dogs/toy-fox-terrier/best-enrichment.html,1420,606,50.28,3
dogs,toy-fox-terrier,best-food,commercial/dogs/toy-fox-terrier/best-food.html,1426,656,50.75,8
dogs,toy-fox-terrier,best-habitat-size,commercial/dogs/toy-fox-terrier/best-habitat-size.html,1594,724,50.45,3
dogs,toy-fox-terrier,best-insurance,commercial/dogs/toy-fox-terrier/best-insurance.html,1462,620,53.42,3
dogs,toy-fox-terrier,cost-to-own,commercial/dogs/toy-fox-terrier/cost-to-own.html,1659,706,52.05,3
dogs,toy-fox-terrier,first-time-owners,commercial/dogs/toy-fox-terrier/first-time-owners.html,1669,739,49.9,3
dogs,toy-fox-terrier,health-costs,commercial/dogs/toy-fox-terrier/health-costs.html,1629,685,52.56,3
dogs,toy-fox-terrier,comparison,commercial/dogs/toy-fox-terrier/vs-tornjak.html,1735,680,37.1,4
dogs,toy-fox-terrier,comparison,commercial/dogs/toy-fox-terrier/vs-toy-manchester-terrier.html,1780,652,38.04,4
dogs,toy-manchester-terrier,best-enrichment,commercial/dogs/toy-manchester-terrier/best-enrichment.html,1416,604,51.75,3
dogs,toy-manchester-terrier,best-food,commercial/dogs/toy-manchester-terrier/best-food.html,1425,651,51.9,8
dogs,toy-manchester-terrier,best-habitat-size,commercial/dogs/toy-manchester-terrier/best-habitat-size.html,1588,709,52,3
dogs,toy-manchester-terrier,best-insurance,commercial/dogs/toy-manchester-terrier/best-insurance.html,1471,624,54.72,3
dogs,toy-manchester-terrier,cost-to-own,commercial/dogs/toy-manchester-terrier/cost-to-own.html,1651,693,53.66,3
dogs,toy-manchester-terrier,first-time-owners,commercial/dogs/toy-manchester-terrier/first-time-owners.html,1655,727,51.72,3
dogs,toy-manchester-terrier,health-costs,commercial/dogs/toy-manchester-terrier/health-costs.html,1628,674,54.35,3
dogs,toy-manchester-terrier,comparison,commercial/dogs/toy-manchester-terrier/vs-toy-fox-terrier.html,1781,652,39.9,4
dogs,toy-manchester-terrier,comparison,commercial/dogs/toy-manchester-terrier/vs-toy-poodle.html,1757,662,38.53,4
dogs,toy-poodle,best-enrichment,commercial/dogs/toy-poodle/best-enrichment.html,1363,609,51.89,3
dogs,toy-poodle,best-food,commercial/dogs/toy-poodle/best-food.html,1371,659,51.76,8
dogs,toy-poodle,best-habitat-size,commercial/dogs/toy-poodle/best-habitat-size.html,1541,727,51.72,3
dogs,toy-poodle,best-insurance,commercial/dogs/toy-poodle/best-insurance.html,1412,622,52.99,3
dogs,toy-poodle,cost-to-own,commercial/dogs/toy-poodle/cost-to-own.html,1610,708,53.09,3
dogs,toy-poodle,first-time-owners,commercial/dogs/toy-poodle/first-time-owners.html,1628,749,50.68,3
dogs,toy-poodle,health-costs,commercial/dogs/toy-poodle/health-costs.html,1583,690,51.39,3
dogs,toy-poodle,comparison,commercial/dogs/toy-poodle/vs-toy-manchester-terrier.html,1751,663,39.83,4
dogs,toy-poodle,comparison,commercial/dogs/toy-poodle/vs-treeing-walker-coonhound.html,1771,680,35.15,4
dogs,treeing-walker-coonhound,best-enrichment,commercial/dogs/treeing-walker-coonhound/best-enrichment.html,1422,616,49.35,3
dogs,treeing-walker-coonhound,best-food,commercial/dogs/treeing-walker-coonhound/best-food.html,1427,662,49.57,8
dogs,treeing-walker-coonhound,best-habitat-size,commercial/dogs/treeing-walker-coonhound/best-habitat-size.html,1596,722,49.54,3
dogs,treeing-walker-coonhound,best-insurance,commercial/dogs/treeing-walker-coonhound/best-insurance.html,1471,627,50.6,3
dogs,treeing-walker-coonhound,cost-to-own,commercial/dogs/treeing-walker-coonhound/cost-to-own.html,1659,707,51.35,3
dogs,treeing-walker-coonhound,first-time-owners,commercial/dogs/treeing-walker-coonhound/first-time-owners.html,1678,742,48.8,3
dogs,treeing-walker-coonhound,health-costs,commercial/dogs/treeing-walker-coonhound/health-costs.html,1641,689,49.37,3
dogs,treeing-walker-coonhound,comparison,commercial/dogs/treeing-walker-coonhound/vs-toy-poodle.html,1776,680,35.29,4
dogs,treeing-walker-coonhound,comparison,commercial/dogs/treeing-walker-coonhound/vs-vizsla.html,1718,676,35.12,4
dogs,vizsla,best-enrichment,commercial/dogs/vizsla/best-enrichment.html,1302,611,52.52,3
dogs,vizsla,best-food,commercial/dogs/vizsla/best-food.html,1315,663,52.99,8
dogs,vizsla,best-habitat-size,commercial/dogs/vizsla/best-habitat-size.html,1479,720,52.39,3
dogs,vizsla,best-insurance,commercial/dogs/vizsla/best-insurance.html,1357,624,55.12,3
dogs,vizsla,cost-to-own,commercial/dogs/vizsla/cost-to-own.html,1538,709,54.23,3
dogs,vizsla,first-time-owners,commercial/dogs/vizsla/first-time-owners.html,1554,742,51.65,3
dogs,vizsla,health-costs,commercial/dogs/vizsla/health-costs.html,1522,688,53.88,3
dogs,vizsla,comparison,commercial/dogs/vizsla/vs-treeing-walker-coonhound.html,1701,674,35.89,4
dogs,vizsla,comparison,commercial/dogs/vizsla/vs-weimaraner.html,1632,677,35.79,4
dogs,weimaraner,best-enrichment,commercial/dogs/weimaraner/best-enrichment.html,1309,620,52.55,3
dogs,weimaraner,best-food,commercial/dogs/weimaraner/best-food.html,1318,668,52.89,8
dogs,weimaraner,best-habitat-size,commercial/dogs/weimaraner/best-habitat-size.html,1495,733,52.28,3
dogs,weimaraner,best-insurance,commercial/dogs/weimaraner/best-insurance.html,1360,627,54.01,3
dogs,weimaraner,cost-to-own,commercial/dogs/weimaraner/cost-to-own.html,1554,718,54.18,3
dogs,weimaraner,first-time-owners,commercial/dogs/weimaraner/first-time-owners.html,1582,753,51.45,3
dogs,weimaraner,health-costs,commercial/dogs/weimaraner/health-costs.html,1538,696,52.64,3
dogs,weimaraner,comparison,commercial/dogs/weimaraner/vs-vizsla.html,1632,677,37.45,4
dogs,weimaraner,comparison,commercial/dogs/weimaraner/vs-welsh-corgi.html,1717,675,36.75,4
dogs,welsh-corgi,best-enrichment,commercial/dogs/welsh-corgi/best-enrichment.html,1421,606,50.2,3
dogs,welsh-corgi,best-food,commercial/dogs/welsh-corgi/best-food.html,1436,653,50.64,8
dogs,welsh-corgi,best-habitat-size,commercial/dogs/welsh-corgi/best-habitat-size.html,1604,708,50.65,3
dogs,welsh-corgi,best-insurance,commercial/dogs/welsh-corgi/best-insurance.html,1476,627,53.59,3
dogs,welsh-corgi,cost-to-own,commercial/dogs/welsh-corgi/cost-to-own.html,1659,694,52.55,3
dogs,welsh-corgi,first-time-owners,commercial/dogs/welsh-corgi/first-time-owners.html,1663,727,50.43,3
dogs,welsh-corgi,health-costs,commercial/dogs/welsh-corgi/health-costs.html,1636,677,53.22,3
dogs,welsh-corgi,comparison,commercial/dogs/welsh-corgi/vs-weimaraner.html,1735,676,37.51,4
dogs,welsh-corgi,comparison,commercial/dogs/welsh-corgi/vs-welsh-springer-spaniel.html,1803,659,36.6,4
dogs,welsh-springer-spaniel,best-enrichment,commercial/dogs/welsh-springer-spaniel/best-enrichment.html,1424,611,50.38,3
dogs,welsh-springer-spaniel,best-food,commercial/dogs/welsh-springer-spaniel/best-food.html,1429,660,50.69,8
dogs,welsh-springer-spaniel,best-habitat-size,commercial/dogs/welsh-springer-spaniel/best-habitat-size.html,1599,720,50.78,3
dogs,welsh-springer-spaniel,best-insurance,commercial/dogs/welsh-springer-spaniel/best-insurance.html,1467,621,53.22,3
dogs,welsh-springer-spaniel,cost-to-own,commercial/dogs/welsh-springer-spaniel/cost-to-own.html,1662,707,52.64,3
dogs,welsh-springer-spaniel,first-time-owners,commercial/dogs/welsh-springer-spaniel/first-time-owners.html,1681,742,50.1,3
dogs,welsh-springer-spaniel,health-costs,commercial/dogs/welsh-springer-spaniel/health-costs.html,1638,687,52.43,3
dogs,welsh-springer-spaniel,comparison,commercial/dogs/welsh-springer-spaniel/vs-welsh-corgi.html,1804,659,38.04,4
dogs,welsh-springer-spaniel,comparison,commercial/dogs/welsh-springer-spaniel/vs-welsh-terrier.html,1789,665,37.02,4
dogs,welsh-terrier,best-enrichment,commercial/dogs/welsh-terrier/best-enrichment.html,1374,613,52.66,3
dogs,welsh-terrier,best-food,commercial/dogs/welsh-terrier/best-food.html,1378,661,52.87,8
dogs,welsh-terrier,best-habitat-size,commercial/dogs/welsh-terrier/best-habitat-size.html,1552,725,52.59,3
dogs,welsh-terrier,best-insurance,commercial/dogs/welsh-terrier/best-insurance.html,1411,621,54.23,3
dogs,welsh-terrier,cost-to-own,commercial/dogs/welsh-terrier/cost-to-own.html,1619,709,54.13,3
dogs,welsh-terrier,first-time-owners,commercial/dogs/welsh-terrier/first-time-owners.html,1647,744,51.7,3
dogs,welsh-terrier,health-costs,commercial/dogs/welsh-terrier/health-costs.html,1584,686,52.47,3
dogs,welsh-terrier,comparison,commercial/dogs/welsh-terrier/vs-welsh-springer-spaniel.html,1782,666,38.37,4
dogs,welsh-terrier,comparison,commercial/dogs/welsh-terrier/vs-west-highland-terrier.html,1797,657,37.08,4
dogs,west-highland-terrier,best-enrichment,commercial/dogs/west-highland-terrier/best-enrichment.html,1472,600,50.36,3
dogs,west-highland-terrier,best-food,commercial/dogs/west-highland-terrier/best-food.html,1477,649,50.94,8
dogs,west-highland-terrier,best-habitat-size,commercial/dogs/west-highland-terrier/best-habitat-size.html,1637,706,50.93,3
dogs,west-highland-terrier,best-insurance,commercial/dogs/west-highland-terrier/best-insurance.html,1522,622,53.72,3
dogs,west-highland-terrier,cost-to-own,commercial/dogs/west-highland-terrier/cost-to-own.html,1704,688,52.95,3
dogs,west-highland-terrier,first-time-owners,commercial/dogs/west-highland-terrier/first-time-owners.html,1706,722,50.5,3
dogs,west-highland-terrier,health-costs,commercial/dogs/west-highland-terrier/health-costs.html,1678,670,53.21,3
dogs,west-highland-terrier,comparison,commercial/dogs/west-highland-terrier/vs-welsh-terrier.html,1812,655,37.4,4
dogs,west-highland-terrier,comparison,commercial/dogs/west-highland-terrier/vs-west-highland-white-terrier.html,1848,604,39.65,4
dogs,west-highland-white-terrier,best-enrichment,commercial/dogs/west-highland-white-terrier/best-enrichment.html,1471,600,55.15,3
dogs,west-highland-white-terrier,best-food,commercial/dogs/west-highland-white-terrier/best-food.html,1476,649,55.66,8
dogs,west-highland-white-terrier,best-habitat-size,commercial/dogs/west-highland-white-terrier/best-habitat-size.html,1636,706,55.67,3
dogs,west-highland-white-terrier,best-insurance,commercial/dogs/west-highland-white-terrier/best-insurance.html,1521,622,58.04,3
dogs,west-highland-white-terrier,cost-to-own,commercial/dogs/west-highland-white-terrier/cost-to-own.html,1703,688,57.54,3
dogs,west-highland-white-terrier,first-time-owners,commercial/dogs/west-highland-white-terrier/first-time-owners.html,1705,722,55.35,3
dogs,west-highland-white-terrier,health-costs,commercial/dogs/west-highland-white-terrier/health-costs.html,1677,670,57.59,3
dogs,west-highland-white-terrier,comparison,commercial/dogs/west-highland-white-terrier/vs-west-highland-terrier.html,1847,604,46.23,4
dogs,west-highland-white-terrier,comparison,commercial/dogs/west-highland-white-terrier/vs-whippet.html,1741,664,42.29,4
dogs,whippet,best-enrichment,commercial/dogs/whippet/best-enrichment.html,1302,614,52.03,3
dogs,whippet,best-food,commercial/dogs/whippet/best-food.html,1311,665,52.46,8
dogs,whippet,best-habitat-size,commercial/dogs/whippet/best-habitat-size.html,1473,727,52.28,3
dogs,whippet,best-insurance,commercial/dogs/whippet/best-insurance.html,1355,627,54.01,3
dogs,whippet,cost-to-own,commercial/dogs/whippet/cost-to-own.html,1534,712,54.25,3
dogs,whippet,first-time-owners,commercial/dogs/whippet/first-time-owners.html,1557,747,51.37,3
dogs,whippet,health-costs,commercial/dogs/whippet/health-costs.html,1516,691,52.54,3
dogs,whippet,comparison,commercial/dogs/whippet/vs-west-highland-white-terrier.html,1721,664,43.11,4
dogs,whippet,comparison,commercial/dogs/whippet/vs-white-shepherd.html,1666,678,35.91,4
dogs,white-shepherd,best-enrichment,commercial/dogs/white-shepherd/best-enrichment.html,1358,607,51.22,3
dogs,white-shepherd,best-food,commercial/dogs/white-shepherd/best-food.html,1369,657,51.47,8
dogs,white-shepherd,best-habitat-size,commercial/dogs/white-shepherd/best-habitat-size.html,1536,718,51.5,3
dogs,white-shepherd,best-insurance,commercial/dogs/white-shepherd/best-insurance.html,1411,620,53.12,3
dogs,white-shepherd,cost-to-own,commercial/dogs/white-shepherd/cost-to-own.html,1603,705,52.98,3
dogs,white-shepherd,first-time-owners,commercial/dogs/white-shepherd/first-time-owners.html,1615,739,50.77,3
dogs,white-shepherd,health-costs,commercial/dogs/white-shepherd/health-costs.html,1579,681,52.48,3
dogs,white-shepherd,comparison,commercial/dogs/white-shepherd/vs-whippet.html,1673,678,36.37,4
dogs,white-shepherd,comparison,commercial/dogs/white-shepherd/vs-wire-fox-terrier.html,1748,659,37.43,4
dogs,wire-fox-terrier,best-enrichment,commercial/dogs/wire-fox-terrier/best-enrichment.html,1418,607,51.19,3
dogs,wire-fox-terrier,best-food,commercial/dogs/wire-fox-terrier/best-food.html,1429,654,51.75,8
dogs,wire-fox-terrier,best-habitat-size,commercial/dogs/wire-fox-terrier/best-habitat-size.html,1595,709,51.85,3
dogs,wire-fox-terrier,best-insurance,commercial/dogs/wire-fox-terrier/best-insurance.html,1473,626,54.54,3
dogs,wire-fox-terrier,cost-to-own,commercial/dogs/wire-fox-terrier/cost-to-own.html,1654,694,53.49,3
dogs,wire-fox-terrier,first-time-owners,commercial/dogs/wire-fox-terrier/first-time-owners.html,1658,728,51.43,3
dogs,wire-fox-terrier,health-costs,commercial/dogs/wire-fox-terrier/health-costs.html,1631,676,53.9,3
dogs,wire-fox-terrier,comparison,commercial/dogs/wire-fox-terrier/vs-white-shepherd.html,1758,662,38.1,4
dogs,wire-fox-terrier,comparison,commercial/dogs/wire-fox-terrier/vs-wirehaired-pointing-griffon.html,1785,662,37.84,4
dogs,wirehaired-pointing-griffon,best-enrichment,commercial/dogs/wirehaired-pointing-griffon/best-enrichment.html,1422,614,49.82,3
dogs,wirehaired-pointing-griffon,best-food,commercial/dogs/wirehaired-pointing-griffon/best-food.html,1428,662,50.5,8
dogs,wirehaired-pointing-griffon,best-habitat-size,commercial/dogs/wirehaired-pointing-griffon/best-habitat-size.html,1595,720,50.55,3
dogs,wirehaired-pointing-griffon,best-insurance,commercial/dogs/wirehaired-pointing-griffon/best-insurance.html,1464,621,52.9,3
dogs,wirehaired-pointing-griffon,cost-to-own,commercial/dogs/wirehaired-pointing-griffon/cost-to-own.html,1658,707,52.15,3
dogs,wirehaired-pointing-griffon,first-time-owners,commercial/dogs/wirehaired-pointing-griffon/first-time-owners.html,1668,743,50.28,3
dogs,wirehaired-pointing-griffon,health-costs,commercial/dogs/wirehaired-pointing-griffon/health-costs.html,1628,684,52.11,3
dogs,wirehaired-pointing-griffon,comparison,commercial/dogs/wirehaired-pointing-griffon/vs-wire-fox-terrier.html,1784,659,38.64,4
dogs,wirehaired-pointing-griffon,comparison,commercial/dogs/wirehaired-pointing-griffon/vs-wirehaired-vizsla.html,1740,663,36.72,4
dogs,wirehaired-vizsla,best-enrichment,commercial/dogs/wirehaired-vizsla/best-enrichment.html,1355,605,51.01,3
dogs,wirehaired-vizsla,best-food,commercial/dogs/wirehaired-vizsla/best-food.html,1361,655,51.09,8
dogs,wirehaired-vizsla,best-habitat-size,commercial/dogs/wirehaired-vizsla/best-habitat-size.html,1515,714,51.18,3
dogs,wirehaired-vizsla,best-insurance,commercial/dogs/wirehaired-vizsla/best-insurance.html,1410,626,51.97,3
dogs,wirehaired-vizsla,cost-to-own,commercial/dogs/wirehaired-vizsla/cost-to-own.html,1582,698,52.69,3
dogs,wirehaired-vizsla,first-time-owners,commercial/dogs/wirehaired-vizsla/first-time-owners.html,1593,735,50.48,3
dogs,wirehaired-vizsla,health-costs,commercial/dogs/wirehaired-vizsla/health-costs.html,1550,689,50.9,3
dogs,wirehaired-vizsla,comparison,commercial/dogs/wirehaired-vizsla/vs-wirehaired-pointing-griffon.html,1731,662,38.02,4
dogs,wirehaired-vizsla,comparison,commercial/dogs/wirehaired-vizsla/vs-xoloitzcuintli.html,1735,694,35.5,4
dogs,xoloitzcuintli,best-enrichment,commercial/dogs/xoloitzcuintli/best-enrichment.html,1318,617,51.54,3
dogs,xoloitzcuintli,best-food,commercial/dogs/xoloitzcuintli/best-food.html,1339,666,51.58,8
dogs,xoloitzcuintli,best-habitat-size,commercial/dogs/xoloitzcuintli/best-habitat-size.html,1530,744,50.87,3
dogs,xoloitzcuintli,best-insurance,commercial/dogs/xoloitzcuintli/best-insurance.html,1380,632,52.34,3
dogs,xoloitzcuintli,cost-to-own,commercial/dogs/xoloitzcuintli/cost-to-own.html,1592,724,52.7,3
dogs,xoloitzcuintli,first-time-owners,commercial/dogs/xoloitzcuintli/first-time-owners.html,1615,761,50.17,3
dogs,xoloitzcuintli,health-costs,commercial/dogs/xoloitzcuintli/health-costs.html,1574,705,50.72,3
dogs,xoloitzcuintli,comparison,commercial/dogs/xoloitzcuintli/vs-wirehaired-vizsla.html,1725,690,36.4,4
dogs,xoloitzcuintli,comparison,commercial/dogs/xoloitzcuintli/vs-yorkipoo.html,1715,692,35.33,4
dogs,yorkipoo,best-enrichment,commercial/dogs/yorkipoo/best-enrichment.html,1303,606,52.04,3
dogs,yorkipoo,best-food,commercial/dogs/yorkipoo/best-food.html,1317,653,53.1,8
dogs,yorkipoo,best-habitat-size,commercial/dogs/yorkipoo/best-habitat-size.html,1488,722,51.9,3
dogs,yorkipoo,best-insurance,commercial/dogs/yorkipoo/best-insurance.html,1349,620,55.87,3
dogs,yorkipoo,cost-to-own,commercial/dogs/yorkipoo/cost-to-own.html,1548,708,53.94,3
dogs,yorkipoo,first-time-owners,commercial/dogs/yorkipoo/first-time-owners.html,1566,740,51.09,3
dogs,yorkipoo,health-costs,commercial/dogs/yorkipoo/health-costs.html,1519,685,53.73,3
dogs,yorkipoo,comparison,commercial/dogs/yorkipoo/vs-xoloitzcuintli.html,1715,691,36.29,4
dogs,yorkipoo,comparison,commercial/dogs/yorkipoo/vs-yorkshire-terrier.html,1692,671,34.99,4
dogs,yorkshire-terrier,best-enrichment,commercial/dogs/yorkshire-terrier/best-enrichment.html,1353,607,52.28,3
dogs,yorkshire-terrier,best-food,commercial/dogs/yorkshire-terrier/best-food.html,1360,658,52.32,8
dogs,yorkshire-terrier,best-habitat-size,commercial/dogs/yorkshire-terrier/best-habitat-size.html,1533,723,52.02,3
dogs,yorkshire-terrier,best-insurance,commercial/dogs/yorkshire-terrier/best-insurance.html,1410,626,54.07,3
dogs,yorkshire-terrier,cost-to-own,commercial/dogs/yorkshire-terrier/cost-to-own.html,1602,707,53.61,3
dogs,yorkshire-terrier,first-time-owners,commercial/dogs/yorkshire-terrier/first-time-owners.html,1621,742,50.91,3
dogs,yorkshire-terrier,health-costs,commercial/dogs/yorkshire-terrier/health-costs.html,1582,684,52.01,3
dogs,yorkshire-terrier,comparison,commercial/dogs/yorkshire-terrier/vs-affenpinscher.html,1694,672,33.11,4
fish,african-cichlid,best-enrichment,commercial/fish/african-cichlid/best-enrichment.html,1327,605,37.1,3
fish,african-cichlid,best-food,commercial/fish/african-cichlid/best-food.html,1327,643,38.13,8
fish,african-cichlid,best-habitat-size,commercial/fish/african-cichlid/best-habitat-size.html,1480,709,33.82,3
fish,african-cichlid,best-insurance,commercial/fish/african-cichlid/best-insurance.html,1402,626,46.11,3
fish,african-cichlid,cost-to-own,commercial/fish/african-cichlid/cost-to-own.html,1563,699,41.17,3
fish,african-cichlid,first-time-owners,commercial/fish/african-cichlid/first-time-owners.html,1573,736,41.82,3
fish,african-cichlid,health-costs,commercial/fish/african-cichlid/health-costs.html,1541,688,46.66,3
fish,african-cichlid,comparison,commercial/fish/african-cichlid/vs-amano-shrimp.html,1637,670,25.75,4
fish,african-cichlid,comparison,commercial/fish/african-cichlid/vs-angelfish.html,1673,679,28.89,4
fish,amano-shrimp,best-enrichment,commercial/fish/amano-shrimp/best-enrichment.html,1318,609,38.92,3
fish,amano-shrimp,best-food,commercial/fish/amano-shrimp/best-food.html,1320,644,39.94,8
fish,amano-shrimp,best-habitat-size,commercial/fish/amano-shrimp/best-habitat-size.html,1470,712,35.94,3
fish,amano-shrimp,best-insurance,commercial/fish/amano-shrimp/best-insurance.html,1403,628,47.01,3
fish,amano-shrimp,cost-to-own,commercial/fish/amano-shrimp/cost-to-own.html,1559,698,42.68,3
fish,amano-shrimp,first-time-owners,commercial/fish/amano-shrimp/first-time-owners.html,1561,738,43.34,3
fish,amano-shrimp,health-costs,commercial/fish/amano-shrimp/health-costs.html,1539,688,47.8,3
fish,amano-shrimp,comparison,commercial/fish/amano-shrimp/vs-african-cichlid.html,1637,670,29.74,4
fish,amano-shrimp,comparison,commercial/fish/amano-shrimp/vs-angelfish.html,1654,682,34.2,4
fish,angelfish,best-enrichment,commercial/fish/angelfish/best-enrichment.html,1325,604,40.37,3
fish,angelfish,best-food,commercial/fish/angelfish/best-food.html,1335,652,40.98,8
fish,angelfish,best-habitat-size,commercial/fish/angelfish/best-habitat-size.html,1513,727,37.62,3
fish,angelfish,best-insurance,commercial/fish/angelfish/best-insurance.html,1431,628,46.61,3
fish,angelfish,cost-to-own,commercial/fish/angelfish/cost-to-own.html,1600,715,43.77,3
fish,angelfish,first-time-owners,commercial/fish/angelfish/first-time-owners.html,1602,747,44.07,3
fish,angelfish,health-costs,commercial/fish/angelfish/health-costs.html,1611,693,46.9,3
fish,angelfish,comparison,commercial/fish/angelfish/vs-amano-shrimp.html,1652,679,34.61,4
fish,angelfish,comparison,commercial/fish/angelfish/vs-apistogramma.html,1595,653,36.4,4
fish,apistogramma,best-enrichment,commercial/fish/apistogramma/best-enrichment.html,1251,592,43.57,3
fish,apistogramma,best-food,commercial/fish/apistogramma/best-food.html,1256,630,44.45,8
fish,apistogramma,best-habitat-size,commercial/fish/apistogramma/best-habitat-size.html,1390,685,41.12,3
fish,apistogramma,best-insurance,commercial/fish/apistogramma/best-insurance.html,1341,611,50.3,3
fish,apistogramma,cost-to-own,commercial/fish/apistogramma/cost-to-own.html,1477,675,47.01,3
fish,apistogramma,first-time-owners,commercial/fish/apistogramma/first-time-owners.html,1481,710,47.24,3
fish,apistogramma,health-costs,commercial/fish/apistogramma/health-costs.html,1460,660,50.95,3
fish,apistogramma,comparison,commercial/fish/apistogramma/vs-angelfish.html,1589,654,40.25,4
fish,apistogramma,comparison,commercial/fish/apistogramma/vs-arowana.html,1523,651,38.05,4
fish,arowana,best-enrichment,commercial/fish/arowana/best-enrichment.html,1263,612,45.1,3
fish,arowana,best-food,commercial/fish/arowana/best-food.html,1268,649,45.86,8
fish,arowana,best-habitat-size,commercial/fish/arowana/best-habitat-size.html,1425,718,42.78,3
fish,arowana,best-insurance,commercial/fish/arowana/best-insurance.html,1350,628,51.36,3
fish,arowana,cost-to-own,commercial/fish/arowana/cost-to-own.html,1508,710,48.07,3
fish,arowana,first-time-owners,commercial/fish/arowana/first-time-owners.html,1513,746,47.87,3
fish,arowana,health-costs,commercial/fish/arowana/health-costs.html,1490,694,51.56,3
fish,arowana,comparison,commercial/fish/arowana/vs-apistogramma.html,1523,652,40.73,4
fish,arowana,comparison,commercial/fish/arowana/vs-assassin-snail.html,1576,675,41.13,4
fish,assassin-snail,best-enrichment,commercial/fish/assassin-snail/best-enrichment.html,1315,609,45.9,3
fish,assassin-snail,best-food,commercial/fish/assassin-snail/best-food.html,1317,644,46.88,8
fish,assassin-snail,best-habitat-size,commercial/fish/assassin-snail/best-habitat-size.html,1463,711,44.33,3
fish,assassin-snail,best-insurance,commercial/fish/assassin-snail/best-insurance.html,1400,626,51.67,3
fish,assassin-snail,cost-to-own,commercial/fish/assassin-snail/cost-to-own.html,1552,699,48.81,3
fish,assassin-snail,first-time-owners,commercial/fish/assassin-snail/first-time-owners.html,1554,735,48.71,3
fish,assassin-snail,health-costs,commercial/fish/assassin-snail/health-costs.html,1532,686,51.86,3
fish,assassin-snail,comparison,commercial/fish/assassin-snail/vs-arowana.html,1583,676,43.23,4
fish,assassin-snail,comparison,commercial/fish/assassin-snail/vs-bamboo-shrimp.html,1603,657,42.76,4
fish,bamboo-shrimp,best-enrichment,commercial/fish/bamboo-shrimp/best-enrichment.html,1308,599,48.29,3
fish,bamboo-shrimp,best-food,commercial/fish/bamboo-shrimp/best-food.html,1310,640,48.91,8
fish,bamboo-shrimp,best-habitat-size,commercial/fish/bamboo-shrimp/best-habitat-size.html,1450,707,46.77,3
fish,bamboo-shrimp,best-insurance,commercial/fish/bamboo-shrimp/best-insurance.html,1393,622,53.17,3
fish,bamboo-shrimp,cost-to-own,commercial/fish/bamboo-shrimp/cost-to-own.html,1539,693,50.7,3
fish,bamboo-shrimp,first-time-owners,commercial/fish/bamboo-shrimp/first-time-owners.html,1541,731,50.56,3
fish,bamboo-shrimp,health-costs,commercial/fish/bamboo-shrimp/health-costs.html,1519,682,53.28,3
fish,bamboo-shrimp,comparison,commercial/fish/bamboo-shrimp/vs-assassin-snail.html,1604,657,43.82,4
fish,bamboo-shrimp,comparison,commercial/fish/bamboo-shrimp/vs-betta-fish.html,1669,679,40.67,4
fish,betta-fish,best-enrichment,commercial/fish/betta-fish/best-enrichment.html,1345,608,48.25,3
fish,betta-fish,best-food,commercial/fish/betta-fish/best-food.html,1351,655,48.41,8
fish,betta-fish,best-habitat-size,commercial/fish/betta-fish/best-habitat-size.html,1533,727,46.89,3
fish,betta-fish,best-insurance,commercial/fish/betta-fish/best-insurance.html,1428,629,50.56,3
fish,betta-fish,cost-to-own,commercial/fish/betta-fish/cost-to-own.html,1612,713,50.49,3
fish,betta-fish,first-time-owners,commercial/fish/betta-fish/first-time-owners.html,1626,750,49.7,3
fish,betta-fish,health-costs,commercial/fish/betta-fish/health-costs.html,1609,696,49.97,3
fish,betta-fish,comparison,commercial/fish/betta-fish/vs-bamboo-shrimp.html,1667,677,41.88,4
fish,betta-fish,comparison,commercial/fish/betta-fish/vs-blenny.html,1668,687,41.01,4
fish,blenny,best-enrichment,commercial/fish/blenny/best-enrichment.html,1274,610,51.74,3
fish,blenny,best-food,commercial/fish/blenny/best-food.html,1279,649,52.06,8
fish,blenny,best-habitat-size,commercial/fish/blenny/best-habitat-size.html,1441,720,50.45,3
fish,blenny,best-insurance,commercial/fish/blenny/best-insurance.html,1354,630,55.14,3
fish,blenny,cost-to-own,commercial/fish/blenny/cost-to-own.html,1520,710,53.56,3
fish,blenny,first-time-owners,commercial/fish/blenny/first-time-owners.html,1532,744,52.7,3
fish,blenny,health-costs,commercial/fish/blenny/health-costs.html,1501,693,54.68,3
fish,blenny,comparison,commercial/fish/blenny/vs-betta-fish.html,1663,688,41.71,4
fish,blenny,comparison,commercial/fish/blenny/vs-blue-damsel.html,1590,651,41.68,4
fish,blue-damsel,best-enrichment,commercial/fish/blue-damsel/best-enrichment.html,1315,595,52.37,3
fish,blue-damsel,best-food,commercial/fish/blue-damsel/best-food.html,1317,632,52.88,8
fish,blue-damsel,best-habitat-size,commercial/fish/blue-damsel/best-habitat-size.html,1455,687,52.12,3
fish,blue-damsel,best-insurance,commercial/fish/blue-damsel/best-insurance.html,1400,616,54.99,3
fish,blue-damsel,cost-to-own,commercial/fish/blue-damsel/cost-to-own.html,1544,680,54.4,3
fish,blue-damsel,first-time-owners,commercial/fish/blue-damsel/first-time-owners.html,1546,712,53.52,3
fish,blue-damsel,health-costs,commercial/fish/blue-damsel/health-costs.html,1524,665,55.02,3
fish,blue-damsel,comparison,commercial/fish/blue-damsel/vs-blenny.html,1597,652,42.16,4
fish,blue-damsel,comparison,commercial/fish/blue-damsel/vs-blue-green-chromis.html,1651,641,40.75,4
fish,blue-green-chromis,best-enrichment,commercial/fish/blue-green-chromis/best-enrichment.html,1384,603,52.34,3
fish,blue-green-chromis,best-food,commercial/fish/blue-green-chromis/best-food.html,1381,642,52.77,8
fish,blue-green-chromis,best-habitat-size,commercial/fish/blue-green-chromis/best-habitat-size.html,1535,707,52.51,3
fish,blue-green-chromis,best-insurance,commercial/fish/blue-green-chromis/best-insurance.html,1461,627,54.99,3
fish,blue-green-chromis,cost-to-own,commercial/fish/blue-green-chromis/cost-to-own.html,1624,698,54.44,3
fish,blue-green-chromis,first-time-owners,commercial/fish/blue-green-chromis/first-time-owners.html,1625,731,53.28,3
fish,blue-green-chromis,health-costs,commercial/fish/blue-green-chromis/health-costs.html,1600,684,54.96,3
fish,blue-green-chromis,comparison,commercial/fish/blue-green-chromis/vs-blue-damsel.html,1658,641,42.01,4
fish,blue-green-chromis,comparison,commercial/fish/blue-green-chromis/vs-blue-tang.html,1655,643,42.71,4
fish,blue-tang,best-enrichment,commercial/fish/blue-tang/best-enrichment.html,1314,594,54.88,3
fish,blue-tang,best-food,commercial/fish/blue-tang/best-food.html,1316,633,55.24,8
fish,blue-tang,best-habitat-size,commercial/fish/blue-tang/best-habitat-size.html,1451,687,54.93,3
fish,blue-tang,best-insurance,commercial/fish/blue-tang/best-insurance.html,1399,615,56.8,3
fish,blue-tang,cost-to-own,commercial/fish/blue-tang/cost-to-own.html,1540,679,56.66,3
fish,blue-tang,first-time-owners,commercial/fish/blue-tang/first-time-owners.html,1542,714,55.73,3
fish,blue-tang,health-costs,commercial/fish/blue-tang/health-costs.html,1520,663,56.89,3
fish,blue-tang,comparison,commercial/fish/blue-tang/vs-blue-green-chromis.html,1650,644,43.71,4
fish,blue-tang,comparison,commercial/fish/blue-tang/vs-blue-velvet-shrimp.html,1647,646,42.49,4
fish,blue-velvet-shrimp,best-enrichment,commercial/fish/blue-velvet-shrimp/best-enrichment.html,1374,604,53.8,3
fish,blue-velvet-shrimp,best-food,commercial/fish/blue-velvet-shrimp/best-food.html,1373,641,54.04,8
fish,blue-velvet-shrimp,best-habitat-size,commercial/fish/blue-velvet-shrimp/best-habitat-size.html,1524,713,53.55,3
fish,blue-velvet-shrimp,best-insurance,commercial/fish/blue-velvet-shrimp/best-insurance.html,1454,623,56,3
fish,blue-velvet-shrimp,cost-to-own,commercial/fish/blue-velvet-shrimp/cost-to-own.html,1615,699,55.36,3
fish,blue-velvet-shrimp,first-time-owners,commercial/fish/blue-velvet-shrimp/first-time-owners.html,1615,737,54.26,3
fish,blue-velvet-shrimp,health-costs,commercial/fish/blue-velvet-shrimp/health-costs.html,1592,686,55.75,3
fish,blue-velvet-shrimp,comparison,commercial/fish/blue-velvet-shrimp/vs-blue-tang.html,1653,648,43.54,4
fish,blue-velvet-shrimp,comparison,commercial/fish/blue-velvet-shrimp/vs-bolivian-ram.html,1689,643,41.72,4
fish,bolivian-ram,best-enrichment,commercial/fish/bolivian-ram/best-enrichment.html,1372,596,51.97,3
fish,bolivian-ram,best-food,commercial/fish/bolivian-ram/best-food.html,1369,636,52.56,8
fish,bolivian-ram,best-habitat-size,commercial/fish/bolivian-ram/best-habitat-size.html,1493,685,52.69,3
fish,bolivian-ram,best-insurance,commercial/fish/bolivian-ram/best-insurance.html,1447,620,54.99,3
fish,bolivian-ram,cost-to-own,commercial/fish/bolivian-ram/cost-to-own.html,1582,674,54.58,3
fish,bolivian-ram,first-time-owners,commercial/fish/bolivian-ram/first-time-owners.html,1586,709,53.12,3
fish,bolivian-ram,health-costs,commercial/fish/bolivian-ram/health-costs.html,1558,660,55.42,3
fish,bolivian-ram,comparison,commercial/fish/bolivian-ram/vs-blue-velvet-shrimp.html,1689,643,41.78,4
fish,bolivian-ram,comparison,commercial/fish/bolivian-ram/vs-bristlenose-pleco.html,1661,649,40.22,4
fish,bristlenose-pleco,best-enrichment,commercial/fish/bristlenose-pleco/best-enrichment.html,1323,609,52.98,3
fish,bristlenose-pleco,best-food,commercial/fish/bristlenose-pleco/best-food.html,1325,647,52.8,8
fish,bristlenose-pleco,best-habitat-size,commercial/fish/bristlenose-pleco/best-habitat-size.html,1496,717,52.64,3
fish,bristlenose-pleco,best-insurance,commercial/fish/bristlenose-pleco/best-insurance.html,1397,624,52.49,3
fish,bristlenose-pleco,cost-to-own,commercial/fish/bristlenose-pleco/cost-to-own.html,1585,709,54.45,3
fish,bristlenose-pleco,first-time-owners,commercial/fish/bristlenose-pleco/first-time-owners.html,1587,740,53.51,3
fish,bristlenose-pleco,health-costs,commercial/fish/bristlenose-pleco/health-costs.html,1557,688,51.75,3
fish,bristlenose-pleco,comparison,commercial/fish/bristlenose-pleco/vs-bolivian-ram.html,1653,646,40.88,4
fish,bristlenose-pleco,comparison,commercial/fish/bristlenose-pleco/vs-cardinal-tetra.html,1620,649,41.44,4
fish,cardinal-tetra,best-enrichment,commercial/fish/cardinal-tetra/best-enrichment.html,1318,600,53.17,3
fish,cardinal-tetra,best-food,commercial/fish/cardinal-tetra/best-food.html,1320,637,53.58,8
fish,cardinal-tetra,best-habitat-size,commercial/fish/cardinal-tetra/best-habitat-size.html,1458,692,53.4,3
fish,cardinal-tetra,best-insurance,commercial/fish/cardinal-tetra/best-insurance.html,1403,619,55.38,3
fish,cardinal-tetra,cost-to-own,commercial/fish/cardinal-tetra/cost-to-own.html,1547,684,55.19,3
fish,cardinal-tetra,first-time-owners,commercial/fish/cardinal-tetra/first-time-owners.html,1549,717,54.28,3
fish,cardinal-tetra,health-costs,commercial/fish/cardinal-tetra/health-costs.html,1527,669,55.53,3
fish,cardinal-tetra,comparison,commercial/fish/cardinal-tetra/vs-bristlenose-pleco.html,1623,653,42.03,4
fish,cardinal-tetra,comparison,commercial/fish/cardinal-tetra/vs-celestial-pearl-danio.html,1714,619,40.85,4
fish,celestial-pearl-danio,best-enrichment,commercial/fish/celestial-pearl-danio/best-enrichment.html,1491,596,50.79,3
fish,celestial-pearl-danio,best-food,commercial/fish/celestial-pearl-danio/best-food.html,1482,636,51.6,8
fish,celestial-pearl-danio,best-habitat-size,commercial/fish/celestial-pearl-danio/best-habitat-size.html,1608,685,51.59,3
fish,celestial-pearl-danio,best-insurance,commercial/fish/celestial-pearl-danio/best-insurance.html,1556,619,53.87,3
fish,celestial-pearl-danio,cost-to-own,commercial/fish/celestial-pearl-danio/cost-to-own.html,1701,674,53.7,3
fish,celestial-pearl-danio,first-time-owners,commercial/fish/celestial-pearl-danio/first-time-owners.html,1701,709,52.35,3
fish,celestial-pearl-danio,health-costs,commercial/fish/celestial-pearl-danio/health-costs.html,1671,660,54.23,3
fish,celestial-pearl-danio,comparison,commercial/fish/celestial-pearl-danio/vs-cardinal-tetra.html,1732,619,41.72,4
fish,celestial-pearl-danio,comparison,commercial/fish/celestial-pearl-danio/vs-cherry-barb.html,1758,650,41.29,4
fish,cherry-barb,best-enrichment,commercial/fish/cherry-barb/best-enrichment.html,1322,604,52.88,3
fish,cherry-barb,best-food,commercial/fish/cherry-barb/best-food.html,1326,648,52.97,8
fish,cherry-barb,best-habitat-size,commercial/fish/cherry-barb/best-habitat-size.html,1494,718,52.65,3
fish,cherry-barb,best-insurance,commercial/fish/cherry-barb/best-insurance.html,1402,625,52.46,3
fish,cherry-barb,cost-to-own,commercial/fish/cherry-barb/cost-to-own.html,1583,706,54.41,3
fish,cherry-barb,first-time-owners,commercial/fish/cherry-barb/first-time-owners.html,1585,743,53.74,3
fish,cherry-barb,health-costs,commercial/fish/cherry-barb/health-costs.html,1562,688,51.8,3
fish,cherry-barb,comparison,commercial/fish/cherry-barb/vs-celestial-pearl-danio.html,1739,647,41.98,4
fish,cherry-barb,comparison,commercial/fish/cherry-barb/vs-cherry-shrimp.html,1636,673,42.05,4
fish,cherry-shrimp,best-enrichment,commercial/fish/cherry-shrimp/best-enrichment.html,1323,610,53.64,3
fish,cherry-shrimp,best-food,commercial/fish/cherry-shrimp/best-food.html,1325,647,54.08,8
fish,cherry-shrimp,best-habitat-size,commercial/fish/cherry-shrimp/best-habitat-size.html,1477,713,54.01,3
fish,cherry-shrimp,best-insurance,commercial/fish/cherry-shrimp/best-insurance.html,1408,630,56.03,3
fish,cherry-shrimp,cost-to-own,commercial/fish/cherry-shrimp/cost-to-own.html,1566,701,55.79,3
fish,cherry-shrimp,first-time-owners,commercial/fish/cherry-shrimp/first-time-owners.html,1568,737,54.82,3
fish,cherry-shrimp,health-costs,commercial/fish/cherry-shrimp/health-costs.html,1546,689,56.11,3
fish,cherry-shrimp,comparison,commercial/fish/cherry-shrimp/vs-cherry-barb.html,1634,672,42.86,4
fish,cherry-shrimp,comparison,commercial/fish/cherry-shrimp/vs-chili-rasbora.html,1599,640,42.72,4
fish,chili-rasbora,best-enrichment,commercial/fish/chili-rasbora/best-enrichment.html,1311,594,53.18,3
fish,chili-rasbora,best-food,commercial/fish/chili-rasbora/best-food.html,1311,634,53.92,8
fish,chili-rasbora,best-habitat-size,commercial/fish/chili-rasbora/best-habitat-size.html,1434,683,54.08,3
fish,chili-rasbora,best-insurance,commercial/fish/chili-rasbora/best-insurance.html,1391,618,55.66,3
fish,chili-rasbora,cost-to-own,commercial/fish/chili-rasbora/cost-to-own.html,1521,672,55.82,3
fish,chili-rasbora,first-time-owners,commercial/fish/chili-rasbora/first-time-owners.html,1527,708,54.49,3
fish,chili-rasbora,health-costs,commercial/fish/chili-rasbora/health-costs.html,1500,658,56.09,3
fish,chili-rasbora,comparison,commercial/fish/chili-rasbora/vs-cherry-shrimp.html,1599,642,43.42,4
fish,chili-rasbora,comparison,commercial/fish/chili-rasbora/vs-chromis.html,1585,620,43.88,4
fish,chromis,best-enrichment,commercial/fish/chromis/best-enrichment.html,1315,596,54.11,3
fish,chromis,best-food,commercial/fish/chromis/best-food.html,1317,633,54.65,8
fish,chromis,best-habitat-size,commercial/fish/chromis/best-habitat-size.html,1455,688,54.41,3
fish,chromis,best-insurance,commercial/fish/chromis/best-insurance.html,1400,617,56.33,3
fish,chromis,cost-to-own,commercial/fish/chromis/cost-to-own.html,1544,681,56.17,3
fish,chromis,first-time-owners,commercial/fish/chromis/first-time-owners.html,1546,713,55.7,3
fish,chromis,health-costs,commercial/fish/chromis/health-costs.html,1524,666,56.55,3
fish,chromis,comparison,commercial/fish/chromis/vs-chili-rasbora.html,1585,619,44.03,4
fish,chromis,comparison,commercial/fish/chromis/vs-cleaner-shrimp.html,1596,605,43.92,4
fish,cleaner-shrimp,best-enrichment,commercial/fish/cleaner-shrimp/best-enrichment.html,1316,597,54.6,3
fish,cleaner-shrimp,best-food,commercial/fish/cleaner-shrimp/best-food.html,1318,633,55.03,8
fish,cleaner-shrimp,best-habitat-size,commercial/fish/cleaner-shrimp/best-habitat-size.html,1458,689,55,3
fish,cleaner-shrimp,best-insurance,commercial/fish/cleaner-shrimp/best-insurance.html,1401,617,56.42,3
fish,cleaner-shrimp,cost-to-own,commercial/fish/cleaner-shrimp/cost-to-own.html,1547,682,56.64,3
fish,cleaner-shrimp,first-time-owners,commercial/fish/cleaner-shrimp/first-time-owners.html,1549,715,56.34,3
fish,cleaner-shrimp,health-costs,commercial/fish/cleaner-shrimp/health-costs.html,1527,667,56.88,3
fish,cleaner-shrimp,comparison,commercial/fish/cleaner-shrimp/vs-chromis.html,1596,604,44.39,4
fish,cleaner-shrimp,comparison,commercial/fish/cleaner-shrimp/vs-cleaner-wrasse.html,1593,613,44.14,4
fish,cleaner-wrasse,best-enrichment,commercial/fish/cleaner-wrasse/best-enrichment.html,1312,592,53.97,3
fish,cleaner-wrasse,best-food,commercial/fish/cleaner-wrasse/best-food.html,1314,631,54.55,8
fish,cleaner-wrasse,best-habitat-size,commercial/fish/cleaner-wrasse/best-habitat-size.html,1449,686,54.4,3
fish,cleaner-wrasse,best-insurance,commercial/fish/cleaner-wrasse/best-insurance.html,1397,614,55.86,3
fish,cleaner-wrasse,cost-to-own,commercial/fish/cleaner-wrasse/cost-to-own.html,1538,678,56,3
fish,cleaner-wrasse,first-time-owners,commercial/fish/cleaner-wrasse/first-time-owners.html,1540,713,55.44,3
fish,cleaner-wrasse,health-costs,commercial/fish/cleaner-wrasse/health-costs.html,1518,662,56.31,3
fish,cleaner-wrasse,comparison,commercial/fish/cleaner-wrasse/vs-cleaner-shrimp.html,1593,613,45.82,4
fish,cleaner-wrasse,comparison,commercial/fish/cleaner-wrasse/vs-clown-loach.html,1582,619,43.95,4
fish,clown-loach,best-enrichment,commercial/fish/clown-loach/best-enrichment.html,1309,592,52.52,3
fish,clown-loach,best-food,commercial/fish/clown-loach/best-food.html,1311,633,53.88,8
fish,clown-loach,best-habitat-size,commercial/fish/clown-loach/best-habitat-size.html,1434,682,54.15,3
fish,clown-loach,best-insurance,commercial/fish/clown-loach/best-insurance.html,1391,617,55.81,3
fish,clown-loach,cost-to-own,commercial/fish/clown-loach/cost-to-own.html,1521,671,56.04,3
fish,clown-loach,first-time-owners,commercial/fish/clown-loach/first-time-owners.html,1527,707,54.65,3
fish,clown-loach,health-costs,commercial/fish/clown-loach/health-costs.html,1500,657,56.39,3
fish,clown-loach,comparison,commercial/fish/clown-loach/vs-cleaner-wrasse.html,1582,620,44.69,4
fish,clown-loach,comparison,commercial/fish/clown-loach/vs-clown-pleco.html,1586,618,45.06,4
fish,clown-pleco,best-enrichment,commercial/fish/clown-pleco/best-enrichment.html,1314,595,55.31,3
fish,clown-pleco,best-food,commercial/fish/clown-pleco/best-food.html,1316,632,55.82,8
fish,clown-pleco,best-habitat-size,commercial/fish/clown-pleco/best-habitat-size.html,1455,688,55.57,3
fish,clown-pleco,best-insurance,commercial/fish/clown-pleco/best-insurance.html,1399,615,56.94,3
fish,clown-pleco,cost-to-own,commercial/fish/clown-pleco/cost-to-own.html,1544,680,57.13,3
fish,clown-pleco,first-time-owners,commercial/fish/clown-pleco/first-time-owners.html,1546,713,57.1,3
fish,clown-pleco,health-costs,commercial/fish/clown-pleco/health-costs.html,1524,665,57.33,3
fish,clown-pleco,comparison,commercial/fish/clown-pleco/vs-clown-loach.html,1585,616,45.7,4
fish,clown-pleco,comparison,commercial/fish/clown-pleco/vs-clownfish.html,1552,606,46.43,4
fish,clownfish,best-enrichment,commercial/fish/clownfish/best-enrichment.html,1255,594,55.89,3
fish,clownfish,best-food,commercial/fish/clownfish/best-food.html,1260,630,56.41,8
fish,clownfish,best-habitat-size,commercial/fish/clownfish/best-habitat-size.html,1397,685,56.59,3
fish,clownfish,best-insurance,commercial/fish/clownfish/best-insurance.html,1345,614,58.37,3
fish,clownfish,cost-to-own,commercial/fish/clownfish/cost-to-own.html,1484,678,58.35,3
fish,clownfish,first-time-owners,commercial/fish/clownfish/first-time-owners.html,1488,711,57.24,3
fish,clownfish,health-costs,commercial/fish/clownfish/health-costs.html,1467,663,58.93,3
fish,clownfish,comparison,commercial/fish/clownfish/vs-clown-pleco.html,1546,605,47.14,4
fish,clownfish,comparison,commercial/fish/clownfish/vs-common-pleco.html,1547,608,47.22,4
fish,common-pleco,best-enrichment,commercial/fish/common-pleco/best-enrichment.html,1315,598,55.14,3
fish,common-pleco,best-food,commercial/fish/common-pleco/best-food.html,1317,634,55.68,8
fish,common-pleco,best-habitat-size,commercial/fish/common-pleco/best-habitat-size.html,1457,688,55.6,3
fish,common-pleco,best-insurance,commercial/fish/common-pleco/best-insurance.html,1400,615,57.24,3
fish,common-pleco,cost-to-own,commercial/fish/common-pleco/cost-to-own.html,1546,680,57.2,3
fish,common-pleco,first-time-owners,commercial/fish/common-pleco/first-time-owners.html,1548,714,57.11,3
fish,common-pleco,health-costs,commercial/fish/common-pleco/health-costs.html,1526,665,57.85,3
fish,common-pleco,comparison,commercial/fish/common-pleco/vs-clownfish.html,1553,609,47.15,4
fish,common-pleco,comparison,commercial/fish/common-pleco/vs-congo-tetra.html,1586,617,45.31,4
fish,congo-tetra,best-enrichment,commercial/fish/congo-tetra/best-enrichment.html,1311,594,53.78,3
fish,congo-tetra,best-food,commercial/fish/congo-tetra/best-food.html,1311,633,54.45,8
fish,congo-tetra,best-habitat-size,commercial/fish/congo-tetra/best-habitat-size.html,1434,682,54.7,3
fish,congo-tetra,best-insurance,commercial/fish/congo-tetra/best-insurance.html,1391,616,56.63,3
fish,congo-tetra,cost-to-own,commercial/fish/congo-tetra/cost-to-own.html,1521,671,56.56,3
fish,congo-tetra,first-time-owners,commercial/fish/congo-tetra/first-time-owners.html,1527,707,55.28,3
fish,congo-tetra,health-costs,commercial/fish/congo-tetra/health-costs.html,1500,657,57.3,3
fish,congo-tetra,comparison,commercial/fish/congo-tetra/vs-common-pleco.html,1587,619,46.1,4
fish,congo-tetra,comparison,commercial/fish/congo-tetra/vs-convict-cichlid.html,1639,645,42.07,4
fish,convict-cichlid,best-enrichment,commercial/fish/convict-cichlid/best-enrichment.html,1343,610,52.61,3
fish,convict-cichlid,best-food,commercial/fish/convict-cichlid/best-food.html,1347,649,53.32,8
fish,convict-cichlid,best-habitat-size,commercial/fish/convict-cichlid/best-habitat-size.html,1505,717,53.04,3
fish,convict-cichlid,best-insurance,commercial/fish/convict-cichlid/best-insurance.html,1413,629,56.29,3
fish,convict-cichlid,cost-to-own,commercial/fish/convict-cichlid/cost-to-own.html,1580,705,55.13,3
fish,convict-cichlid,first-time-owners,commercial/fish/convict-cichlid/first-time-owners.html,1594,740,53.43,3
fish,convict-cichlid,health-costs,commercial/fish/convict-cichlid/health-costs.html,1557,692,56.3,3
fish,convict-cichlid,comparison,commercial/fish/convict-cichlid/vs-congo-tetra.html,1640,646,42.56,4
fish,convict-cichlid,comparison,commercial/fish/convict-cichlid/vs-coral-beauty.html,1688,652,42.09,4
fish,coral-beauty,best-enrichment,commercial/fish/coral-beauty/best-enrichment.html,1372,595,52.24,3
fish,coral-beauty,best-food,commercial/fish/coral-beauty/best-food.html,1371,633,53,8
fish,coral-beauty,best-habitat-size,commercial/fish/coral-beauty/best-habitat-size.html,1507,688,53.42,3
fish,coral-beauty,best-insurance,commercial/fish/coral-beauty/best-insurance.html,1452,616,55.5,3
fish,coral-beauty,cost-to-own,commercial/fish/coral-beauty/cost-to-own.html,1598,679,55.15,3
fish,coral-beauty,first-time-owners,commercial/fish/coral-beauty/first-time-owners.html,1598,714,53.93,3
fish,coral-beauty,health-costs,commercial/fish/coral-beauty/health-costs.html,1575,664,56.44,3
fish,coral-beauty,comparison,commercial/fish/coral-beauty/vs-convict-cichlid.html,1694,652,42.69,4
fish,coral-beauty,comparison,commercial/fish/coral-beauty/vs-corydoras.html,1695,663,41.02,4
fish,corydoras,best-enrichment,commercial/fish/corydoras/best-enrichment.html,1332,610,52.95,3
fish,corydoras,best-food,commercial/fish/corydoras/best-food.html,1344,660,52.87,8
fish,corydoras,best-habitat-size,commercial/fish/corydoras/best-habitat-size.html,1522,725,52.22,3
fish,corydoras,best-insurance,commercial/fish/corydoras/best-insurance.html,1425,632,52.15,3
fish,corydoras,cost-to-own,commercial/fish/corydoras/cost-to-own.html,1603,714,54.19,3
fish,corydoras,first-time-owners,commercial/fish/corydoras/first-time-owners.html,1606,753,53.42,3
fish,corydoras,health-costs,commercial/fish/corydoras/health-costs.html,1600,695,51.15,3
fish,corydoras,comparison,commercial/fish/corydoras/vs-coral-beauty.html,1690,662,41.34,4
fish,corydoras,comparison,commercial/fish/corydoras/vs-crystal-red-shrimp.html,1751,688,39.42,4
fish,crystal-red-shrimp,best-enrichment,commercial/fish/crystal-red-shrimp/best-enrichment.html,1435,608,50.71,3
fish,crystal-red-shrimp,best-food,commercial/fish/crystal-red-shrimp/best-food.html,1429,646,51.57,8
fish,crystal-red-shrimp,best-habitat-size,commercial/fish/crystal-red-shrimp/best-habitat-size.html,1581,716,51.26,3
fish,crystal-red-shrimp,best-insurance,commercial/fish/crystal-red-shrimp/best-insurance.html,1508,628,53.97,3
fish,crystal-red-shrimp,cost-to-own,commercial/fish/crystal-red-shrimp/cost-to-own.html,1674,705,53.22,3
fish,crystal-red-shrimp,first-time-owners,commercial/fish/crystal-red-shrimp/first-time-owners.html,1678,742,51.53,3
fish,crystal-red-shrimp,health-costs,commercial/fish/crystal-red-shrimp/health-costs.html,1648,689,54.07,3
fish,crystal-red-shrimp,comparison,commercial/fish/crystal-red-shrimp/vs-corydoras.html,1763,689,40.1,4
fish,crystal-red-shrimp,comparison,commercial/fish/crystal-red-shrimp/vs-danio.html,1708,653,40.97,4
fish,danio,best-enrichment,commercial/fish/danio/best-enrichment.html,1316,598,54,3
fish,danio,best-food,commercial/fish/danio/best-food.html,1318,635,54.83,8
fish,danio,best-habitat-size,commercial/fish/danio/best-habitat-size.html,1456,690,54.61,3
fish,danio,best-insurance,commercial/fish/danio/best-insurance.html,1401,617,56.63,3
fish,danio,cost-to-own,commercial/fish/danio/cost-to-own.html,1545,682,56.34,3
fish,danio,first-time-owners,commercial/fish/danio/first-time-owners.html,1547,715,55.74,3
fish,danio,health-costs,commercial/fish/danio/health-costs.html,1525,667,57.08,3
fish,danio,comparison,commercial/fish/danio/vs-crystal-red-shrimp.html,1695,652,41.33,4
fish,danio,comparison,commercial/fish/danio/vs-discus.html,1619,663,39.66,4
fish,discus,best-enrichment,commercial/fish/discus/best-enrichment.html,1278,606,54.03,3
fish,discus,best-food,commercial/fish/discus/best-food.html,1289,649,54.06,8
fish,discus,best-habitat-size,commercial/fish/discus/best-habitat-size.html,1468,731,53.45,3
fish,discus,best-insurance,commercial/fish/discus/best-insurance.html,1367,630,53.55,3
fish,discus,cost-to-own,commercial/fish/discus/cost-to-own.html,1545,718,55.69,3
fish,discus,first-time-owners,commercial/fish/discus/first-time-owners.html,1557,751,54.09,3
fish,discus,health-costs,commercial/fish/discus/health-costs.html,1541,696,52.49,3
fish,discus,comparison,commercial/fish/discus/vs-danio.html,1609,658,40.86,4
fish,discus,comparison,commercial/fish/discus/vs-dottyback.html,1604,685,40.28,4
fish,dottyback,best-enrichment,commercial/fish/dottyback/best-enrichment.html,1278,611,54.27,3
fish,dottyback,best-food,commercial/fish/dottyback/best-food.html,1277,650,55.12,8
fish,dottyback,best-habitat-size,commercial/fish/dottyback/best-habitat-size.html,1435,715,54.47,3
fish,dottyback,best-insurance,commercial/fish/dottyback/best-insurance.html,1356,633,57.13,3
fish,dottyback,cost-to-own,commercial/fish/dottyback/cost-to-own.html,1518,706,56.53,3
fish,dottyback,first-time-owners,commercial/fish/dottyback/first-time-owners.html,1536,740,54.61,3
fish,dottyback,health-costs,commercial/fish/dottyback/health-costs.html,1499,691,56.69,3
fish,dottyback,comparison,commercial/fish/dottyback/vs-discus.html,1606,688,41.34,4
fish,dottyback,comparison,commercial/fish/dottyback/vs-dwarf-crayfish.html,1635,670,40,4
fish,dwarf-crayfish,best-enrichment,commercial/fish/dwarf-crayfish/best-enrichment.html,1377,609,51.65,3
fish,dwarf-crayfish,best-food,commercial/fish/dwarf-crayfish/best-food.html,1376,645,52.09,8
fish,dwarf-crayfish,best-habitat-size,commercial/fish/dwarf-crayfish/best-habitat-size.html,1526,711,51.9,3
fish,dwarf-crayfish,best-insurance,commercial/fish/dwarf-crayfish/best-insurance.html,1457,625,54.08,3
fish,dwarf-crayfish,cost-to-own,commercial/fish/dwarf-crayfish/cost-to-own.html,1617,696,53.76,3
fish,dwarf-crayfish,first-time-owners,commercial/fish/dwarf-crayfish/first-time-owners.html,1617,736,52.53,3
fish,dwarf-crayfish,health-costs,commercial/fish/dwarf-crayfish/health-costs.html,1594,685,54.18,3
fish,dwarf-crayfish,comparison,commercial/fish/dwarf-crayfish/vs-dottyback.html,1648,670,40.93,4
fish,dwarf-crayfish,comparison,commercial/fish/dwarf-crayfish/vs-dwarf-gourami.html,1653,647,42.16,4
fish,dwarf-gourami,best-enrichment,commercial/fish/dwarf-gourami/best-enrichment.html,1317,598,54.05,3
fish,dwarf-gourami,best-food,commercial/fish/dwarf-gourami/best-food.html,1319,635,54.62,8
fish,dwarf-gourami,best-habitat-size,commercial/fish/dwarf-gourami/best-habitat-size.html,1457,690,54.47,3
fish,dwarf-gourami,best-insurance,commercial/fish/dwarf-gourami/best-insurance.html,1402,618,56.16,3
fish,dwarf-gourami,cost-to-own,commercial/fish/dwarf-gourami/cost-to-own.html,1546,682,56.24,3
fish,dwarf-gourami,first-time-owners,commercial/fish/dwarf-gourami/first-time-owners.html,1548,715,55.35,3
fish,dwarf-gourami,health-costs,commercial/fish/dwarf-gourami/health-costs.html,1526,667,56.47,3
fish,dwarf-gourami,comparison,commercial/fish/dwarf-gourami/vs-dwarf-crayfish.html,1649,649,43.18,4
fish,dwarf-gourami,comparison,commercial/fish/dwarf-gourami/vs-electric-blue-acara.html,1647,619,42.2,4
fish,electric-blue-acara,best-enrichment,commercial/fish/electric-blue-acara/best-enrichment.html,1386,594,51.27,3
fish,electric-blue-acara,best-food,commercial/fish/electric-blue-acara/best-food.html,1379,634,52.24,8
fish,electric-blue-acara,best-habitat-size,commercial/fish/electric-blue-acara/best-habitat-size.html,1509,683,52.29,3
fish,electric-blue-acara,best-insurance,commercial/fish/electric-blue-acara/best-insurance.html,1451,618,54.55,3
fish,electric-blue-acara,cost-to-own,commercial/fish/electric-blue-acara/cost-to-own.html,1594,672,54.3,3
fish,electric-blue-acara,first-time-owners,commercial/fish/electric-blue-acara/first-time-owners.html,1606,708,52.68,3
fish,electric-blue-acara,health-costs,commercial/fish/electric-blue-acara/health-costs.html,1568,658,54.77,3
fish,electric-blue-acara,comparison,commercial/fish/electric-blue-acara/vs-dwarf-gourami.html,1653,619,42.44,4
fish,electric-blue-acara,comparison,commercial/fish/electric-blue-acara/vs-electric-blue-crayfish.html,1702,638,41.12,4
fish,electric-blue-crayfish,best-enrichment,commercial/fish/electric-blue-crayfish/best-enrichment.html,1375,605,52.22,3
fish,electric-blue-crayfish,best-food,commercial/fish/electric-blue-crayfish/best-food.html,1374,644,52.6,8
fish,electric-blue-crayfish,best-habitat-size,commercial/fish/electric-blue-crayfish/best-habitat-size.html,1520,710,52.42,3
fish,electric-blue-crayfish,best-insurance,commercial/fish/electric-blue-crayfish/best-insurance.html,1455,626,54.66,3
fish,electric-blue-crayfish,cost-to-own,commercial/fish/electric-blue-crayfish/cost-to-own.html,1611,700,54.23,3
fish,electric-blue-crayfish,first-time-owners,commercial/fish/electric-blue-crayfish/first-time-owners.html,1611,736,53.23,3
fish,electric-blue-crayfish,health-costs,commercial/fish/electric-blue-crayfish/health-costs.html,1588,684,54.68,3
fish,electric-blue-crayfish,comparison,commercial/fish/electric-blue-crayfish/vs-electric-blue-acara.html,1704,637,42.64,4
fish,electric-blue-crayfish,comparison,commercial/fish/electric-blue-crayfish/vs-electric-yellow-cichlid.html,1737,637,42.81,4
fish,electric-yellow-cichlid,best-enrichment,commercial/fish/electric-yellow-cichlid/best-enrichment.html,1439,596,51.31,3
fish,electric-yellow-cichlid,best-food,commercial/fish/electric-yellow-cichlid/best-food.html,1431,636,52.22,8
fish,electric-yellow-cichlid,best-habitat-size,commercial/fish/electric-yellow-cichlid/best-habitat-size.html,1559,685,52.29,3
fish,electric-yellow-cichlid,best-insurance,commercial/fish/electric-yellow-cichlid/best-insurance.html,1504,620,54.47,3
fish,electric-yellow-cichlid,cost-to-own,commercial/fish/electric-yellow-cichlid/cost-to-own.html,1648,674,54.37,3
fish,electric-yellow-cichlid,first-time-owners,commercial/fish/electric-yellow-cichlid/first-time-owners.html,1654,709,52.81,3
fish,electric-yellow-cichlid,health-costs,commercial/fish/electric-yellow-cichlid/health-costs.html,1620,660,54.83,3
fish,electric-yellow-cichlid,comparison,commercial/fish/electric-yellow-cichlid/vs-electric-blue-crayfish.html,1742,638,43.82,4
fish,electric-yellow-cichlid,comparison,commercial/fish/electric-yellow-cichlid/vs-ember-tetra.html,1684,603,43.01,4
fish,ember-tetra,best-enrichment,commercial/fish/ember-tetra/best-enrichment.html,1313,596,52.9,3
fish,ember-tetra,best-food,commercial/fish/ember-tetra/best-food.html,1313,636,53.48,8
fish,ember-tetra,best-habitat-size,commercial/fish/ember-tetra/best-habitat-size.html,1436,684,53.58,3
fish,ember-tetra,best-insurance,commercial/fish/ember-tetra/best-insurance.html,1393,619,55.43,3
fish,ember-tetra,cost-to-own,commercial/fish/ember-tetra/cost-to-own.html,1523,674,55.53,3
fish,ember-tetra,first-time-owners,commercial/fish/ember-tetra/first-time-owners.html,1529,709,54.21,3
fish,ember-tetra,health-costs,commercial/fish/ember-tetra/health-costs.html,1502,660,55.81,3
fish,ember-tetra,comparison,commercial/fish/ember-tetra/vs-electric-yellow-cichlid.html,1671,603,43.24,4
fish,ember-tetra,comparison,commercial/fish/ember-tetra/vs-emperor-angelfish.html,1584,624,41.69,4
fish,emperor-angelfish,best-enrichment,commercial/fish/emperor-angelfish/best-enrichment.html,1312,594,52.65,3
fish,emperor-angelfish,best-food,commercial/fish/emperor-angelfish/best-food.html,1314,633,53.27,8
fish,emperor-angelfish,best-habitat-size,commercial/fish/emperor-angelfish/best-habitat-size.html,1449,687,53.28,3
fish,emperor-angelfish,best-insurance,commercial/fish/emperor-angelfish/best-insurance.html,1397,615,55.56,3
fish,emperor-angelfish,cost-to-own,commercial/fish/emperor-angelfish/cost-to-own.html,1538,679,55.16,3
fish,emperor-angelfish,first-time-owners,commercial/fish/emperor-angelfish/first-time-owners.html,1540,715,53.61,3
fish,emperor-angelfish,health-costs,commercial/fish/emperor-angelfish/health-costs.html,1518,663,55.93,3
fish,emperor-angelfish,comparison,commercial/fish/emperor-angelfish/vs-ember-tetra.html,1582,622,42.3,4
fish,emperor-angelfish,comparison,commercial/fish/emperor-angelfish/vs-endler-livebearer.html,1624,661,40.83,4
fish,endler-livebearer,best-enrichment,commercial/fish/endler-livebearer/best-enrichment.html,1331,618,52.43,3
fish,endler-livebearer,best-food,commercial/fish/endler-livebearer/best-food.html,1335,654,53.06,8
fish,endler-livebearer,best-habitat-size,commercial/fish/endler-livebearer/best-habitat-size.html,1498,722,52.42,3
fish,endler-livebearer,best-insurance,commercial/fish/endler-livebearer/best-insurance.html,1413,633,55.43,3
fish,endler-livebearer,cost-to-own,commercial/fish/endler-livebearer/cost-to-own.html,1581,713,54.46,3
fish,endler-livebearer,first-time-owners,commercial/fish/endler-livebearer/first-time-owners.html,1584,750,53.37,3
fish,endler-livebearer,health-costs,commercial/fish/endler-livebearer/health-costs.html,1560,699,55.29,3
fish,endler-livebearer,comparison,commercial/fish/endler-livebearer/vs-emperor-angelfish.html,1624,661,41.49,4
fish,endler-livebearer,comparison,commercial/fish/endler-livebearer/vs-fairy-wrasse.html,1624,659,41.48,4
fish,fairy-wrasse,best-enrichment,commercial/fish/fairy-wrasse/best-enrichment.html,1312,594,53.06,3
fish,fairy-wrasse,best-food,commercial/fish/fairy-wrasse/best-food.html,1314,632,53.76,8
fish,fairy-wrasse,best-habitat-size,commercial/fish/fairy-wrasse/best-habitat-size.html,1449,687,53.58,3
fish,fairy-wrasse,best-insurance,commercial/fish/fairy-wrasse/best-insurance.html,1397,615,55.77,3
fish,fairy-wrasse,cost-to-own,commercial/fish/fairy-wrasse/cost-to-own.html,1538,678,55.44,3
fish,fairy-wrasse,first-time-owners,commercial/fish/fairy-wrasse/first-time-owners.html,1540,713,54.26,3
fish,fairy-wrasse,health-costs,commercial/fish/fairy-wrasse/health-costs.html,1518,663,56.15,3
fish,fairy-wrasse,comparison,commercial/fish/fairy-wrasse/vs-endler-livebearer.html,1624,659,42.53,4
fish,fairy-wrasse,comparison,commercial/fish/fairy-wrasse/vs-fancy-goldfish.html,1603,614,42.11,4
fish,fancy-goldfish,best-enrichment,commercial/fish/fancy-goldfish/best-enrichment.html,1321,599,53.01,3
fish,fancy-goldfish,best-food,commercial/fish/fancy-goldfish/best-food.html,1327,634,53.55,8
fish,fancy-goldfish,best-habitat-size,commercial/fish/fancy-goldfish/best-habitat-size.html,1469,690,53.38,3
fish,fancy-goldfish,best-insurance,commercial/fish/fancy-goldfish/best-insurance.html,1406,616,55.91,3
fish,fancy-goldfish,cost-to-own,commercial/fish/fancy-goldfish/cost-to-own.html,1554,680,55.28,3
fish,fancy-goldfish,first-time-owners,commercial/fish/fancy-goldfish/first-time-owners.html,1556,715,54.52,3
fish,fancy-goldfish,health-costs,commercial/fish/fancy-goldfish/health-costs.html,1534,666,56.47,3
fish,fancy-goldfish,comparison,commercial/fish/fancy-goldfish/vs-fairy-wrasse.html,1603,614,43.16,4
fish,fancy-goldfish,comparison,commercial/fish/fancy-goldfish/vs-fiddler-crab.html,1632,656,41.82,4
fish,fiddler-crab,best-enrichment,commercial/fish/fiddler-crab/best-enrichment.html,1321,607,52.47,3
fish,fiddler-crab,best-food,commercial/fish/fiddler-crab/best-food.html,1327,645,53.27,8
fish,fiddler-crab,best-habitat-size,commercial/fish/fiddler-crab/best-habitat-size.html,1483,717,52.6,3
fish,fiddler-crab,best-insurance,commercial/fish/fiddler-crab/best-insurance.html,1406,628,55.97,3
fish,fiddler-crab,cost-to-own,commercial/fish/fiddler-crab/cost-to-own.html,1568,707,54.53,3
fish,fiddler-crab,first-time-owners,commercial/fish/fiddler-crab/first-time-owners.html,1570,742,53.3,3
fish,fiddler-crab,health-costs,commercial/fish/fiddler-crab/health-costs.html,1548,693,55.76,3
fish,fiddler-crab,comparison,commercial/fish/fiddler-crab/vs-fancy-goldfish.html,1632,656,42.85,4
fish,fiddler-crab,comparison,commercial/fish/fiddler-crab/vs-firefish.html,1620,656,42.5,4
fish,firefish,best-enrichment,commercial/fish/firefish/best-enrichment.html,1315,596,53.16,3
fish,firefish,best-food,commercial/fish/firefish/best-food.html,1317,633,53.68,8
fish,firefish,best-habitat-size,commercial/fish/firefish/best-habitat-size.html,1455,688,53.81,3
fish,firefish,best-insurance,commercial/fish/firefish/best-insurance.html,1400,616,56.25,3
fish,firefish,cost-to-own,commercial/fish/firefish/cost-to-own.html,1544,681,55.61,3
fish,firefish,first-time-owners,commercial/fish/firefish/first-time-owners.html,1546,714,54.44,3
fish,firefish,health-costs,commercial/fish/firefish/health-costs.html,1524,666,56.81,3
fish,firefish,comparison,commercial/fish/firefish/vs-fiddler-crab.html,1620,656,43.16,4
fish,firefish,comparison,commercial/fish/firefish/vs-flame-angelfish.html,1591,611,43.22,4
fish,flame-angelfish,best-enrichment,commercial/fish/flame-angelfish/best-enrichment.html,1312,594,53.57,3
fish,flame-angelfish,best-food,commercial/fish/flame-angelfish/best-food.html,1314,632,54.15,8
fish,flame-angelfish,best-habitat-size,commercial/fish/flame-angelfish/best-habitat-size.html,1449,687,54.32,3
fish,flame-angelfish,best-insurance,commercial/fish/flame-angelfish/best-insurance.html,1397,615,56.66,3
fish,flame-angelfish,cost-to-own,commercial/fish/flame-angelfish/cost-to-own.html,1538,678,56.11,3
fish,flame-angelfish,first-time-owners,commercial/fish/flame-angelfish/first-time-owners.html,1540,713,54.86,3
fish,flame-angelfish,health-costs,commercial/fish/flame-angelfish/health-costs.html,1518,663,57.31,3
fish,flame-angelfish,comparison,commercial/fish/flame-angelfish/vs-firefish.html,1591,611,43.48,4
fish,flame-angelfish,comparison,commercial/fish/flame-angelfish/vs-flowerhorn.html,1613,647,41.97,4
fish,flowerhorn,best-enrichment,commercial/fish/flowerhorn/best-enrichment.html,1324,607,52.58,3
fish,flowerhorn,best-food,commercial/fish/flowerhorn/best-food.html,1326,647,53.04,8
fish,flowerhorn,best-habitat-size,commercial/fish/flowerhorn/best-habitat-size.html,1476,712,52.86,3
fish,flowerhorn,best-insurance,commercial/fish/flowerhorn/best-insurance.html,1404,627,55.84,3
fish,flowerhorn,cost-to-own,commercial/fish/flowerhorn/cost-to-own.html,1561,701,54.82,3
fish,flowerhorn,first-time-owners,commercial/fish/flowerhorn/first-time-owners.html,1567,738,53.41,3
fish,flowerhorn,health-costs,commercial/fish/flowerhorn/health-costs.html,1540,688,56,3
fish,flowerhorn,comparison,commercial/fish/flowerhorn/vs-flame-angelfish.html,1613,646,42.52,4
fish,flowerhorn,comparison,commercial/fish/flowerhorn/vs-french-angelfish.html,1613,650,43.25,4
fish,french-angelfish,best-enrichment,commercial/fish/french-angelfish/best-enrichment.html,1312,593,54.61,3
fish,french-angelfish,best-food,commercial/fish/french-angelfish/best-food.html,1314,632,55.26,8
fish,french-angelfish,best-habitat-size,commercial/fish/french-angelfish/best-habitat-size.html,1449,686,55.39,3
fish,french-angelfish,best-insurance,commercial/fish/french-angelfish/best-insurance.html,1397,614,57.73,3
fish,french-angelfish,cost-to-own,commercial/fish/french-angelfish/cost-to-own.html,1538,678,57.17,3
fish,french-angelfish,first-time-owners,commercial/fish/french-angelfish/first-time-owners.html,1540,714,56.06,3
fish,french-angelfish,health-costs,commercial/fish/french-angelfish/health-costs.html,1518,662,58.34,3
fish,french-angelfish,comparison,commercial/fish/french-angelfish/vs-flowerhorn.html,1613,650,43.92,4
fish,french-angelfish,comparison,commercial/fish/french-angelfish/vs-frontosa.html,1582,621,43.48,4
fish,frontosa,best-enrichment,commercial/fish/frontosa/best-enrichment.html,1312,595,53.83,3
fish,frontosa,best-food,commercial/fish/frontosa/best-food.html,1312,635,54.45,8
fish,frontosa,best-habitat-size,commercial/fish/frontosa/best-habitat-size.html,1435,684,54.6,3
fish,frontosa,best-insurance,commercial/fish/frontosa/best-insurance.html,1392,619,57.11,3
fish,frontosa,cost-to-own,commercial/fish/frontosa/cost-to-own.html,1522,673,56.49,3
fish,frontosa,first-time-owners,commercial/fish/frontosa/first-time-owners.html,1528,709,54.99,3
fish,frontosa,health-costs,commercial/fish/frontosa/health-costs.html,1501,659,57.65,3
fish,frontosa,comparison,commercial/fish/frontosa/vs-french-angelfish.html,1583,624,44.13,4
fish,frontosa,comparison,commercial/fish/frontosa/vs-german-blue-ram.html,1610,601,42.23,4
fish,german-blue-ram,best-enrichment,commercial/fish/german-blue-ram/best-enrichment.html,1364,594,52.36,3
fish,german-blue-ram,best-food,commercial/fish/german-blue-ram/best-food.html,1363,633,52.89,8
fish,german-blue-ram,best-habitat-size,commercial/fish/german-blue-ram/best-habitat-size.html,1484,683,53.11,3
fish,german-blue-ram,best-insurance,commercial/fish/german-blue-ram/best-insurance.html,1444,617,55.31,3
fish,german-blue-ram,cost-to-own,commercial/fish/german-blue-ram/cost-to-own.html,1575,672,54.85,3
fish,german-blue-ram,first-time-owners,commercial/fish/german-blue-ram/first-time-owners.html,1575,708,54.08,3
fish,german-blue-ram,health-costs,commercial/fish/german-blue-ram/health-costs.html,1552,658,56.13,3
fish,german-blue-ram,comparison,commercial/fish/german-blue-ram/vs-frontosa.html,1616,601,42.85,4
fish,german-blue-ram,comparison,commercial/fish/german-blue-ram/vs-ghost-shrimp.html,1640,643,41.79,4
fish,ghost-shrimp,best-enrichment,commercial/fish/ghost-shrimp/best-enrichment.html,1321,607,53.02,3
fish,ghost-shrimp,best-food,commercial/fish/ghost-shrimp/best-food.html,1322,642,53.59,8
fish,ghost-shrimp,best-habitat-size,commercial/fish/ghost-shrimp/best-habitat-size.html,1473,713,53.29,3
fish,ghost-shrimp,best-insurance,commercial/fish/ghost-shrimp/best-insurance.html,1405,626,56.06,3
fish,ghost-shrimp,cost-to-own,commercial/fish/ghost-shrimp/cost-to-own.html,1562,698,55.07,3
fish,ghost-shrimp,first-time-owners,commercial/fish/ghost-shrimp/first-time-owners.html,1567,732,53.71,3
fish,ghost-shrimp,health-costs,commercial/fish/ghost-shrimp/health-costs.html,1542,684,56.15,3
fish,ghost-shrimp,comparison,commercial/fish/ghost-shrimp/vs-german-blue-ram.html,1634,641,42.4,4
fish,ghost-shrimp,comparison,commercial/fish/ghost-shrimp/vs-glass-catfish.html,1601,642,42.5,4
fish,glass-catfish,best-enrichment,commercial/fish/glass-catfish/best-enrichment.html,1310,593,53.59,3
fish,glass-catfish,best-food,commercial/fish/glass-catfish/best-food.html,1310,633,54.07,8
fish,glass-catfish,best-habitat-size,commercial/fish/glass-catfish/best-habitat-size.html,1433,682,54.34,3
fish,glass-catfish,best-insurance,commercial/fish/glass-catfish/best-insurance.html,1390,617,56.74,3
fish,glass-catfish,cost-to-own,commercial/fish/glass-catfish/cost-to-own.html,1520,671,56.2,3
fish,glass-catfish,first-time-owners,commercial/fish/glass-catfish/first-time-owners.html,1526,707,55.06,3
fish,glass-catfish,health-costs,commercial/fish/glass-catfish/health-costs.html,1499,657,57.4,3
fish,glass-catfish,comparison,commercial/fish/glass-catfish/vs-ghost-shrimp.html,1599,641,43.21,4
fish,glass-catfish,comparison,commercial/fish/glass-catfish/vs-goby.html,1579,648,42.7,4
fish,goby,best-enrichment,commercial/fish/goby/best-enrichment.html,1269,604,55.1,3
fish,goby,best-food,commercial/fish/goby/best-food.html,1276,646,55.58,8
fish,goby,best-habitat-size,commercial/fish/goby/best-habitat-size.html,1438,716,54.79,3
fish,goby,best-insurance,commercial/fish/goby/best-insurance.html,1357,628,58.01,3
fish,goby,cost-to-own,commercial/fish/goby/cost-to-own.html,1521,703,56.8,3
fish,goby,first-time-owners,commercial/fish/goby/first-time-owners.html,1531,738,55.43,3
fish,goby,health-costs,commercial/fish/goby/health-costs.html,1504,693,57.76,3
fish,goby,comparison,commercial/fish/goby/vs-glass-catfish.html,1573,647,43.62,4
fish,goby,comparison,commercial/fish/goby/vs-gold-barb.html,1603,671,42.71,4
fish,gold-barb,best-enrichment,commercial/fish/gold-barb/best-enrichment.html,1325,609,53.15,3
fish,gold-barb,best-food,commercial/fish/gold-barb/best-food.html,1325,646,54.02,8
fish,gold-barb,best-habitat-size,commercial/fish/gold-barb/best-habitat-size.html,1484,715,53.49,3
fish,gold-barb,best-insurance,commercial/fish/gold-barb/best-insurance.html,1407,630,56.48,3
fish,gold-barb,cost-to-own,commercial/fish/gold-barb/cost-to-own.html,1571,704,55.33,3
fish,gold-barb,first-time-owners,commercial/fish/gold-barb/first-time-owners.html,1574,739,54.12,3
fish,gold-barb,health-costs,commercial/fish/gold-barb/health-costs.html,1550,692,56.45,3
fish,gold-barb,comparison,commercial/fish/gold-barb/vs-goby.html,1608,670,43.7,4
fish,gold-barb,comparison,commercial/fish/gold-barb/vs-goldfish.html,1680,687,41.64,4
fish,goldfish,best-enrichment,commercial/fish/goldfish/best-enrichment.html,1279,606,54.78,3
fish,goldfish,best-food,commercial/fish/goldfish/best-food.html,1320,652,54.06,8
fish,goldfish,best-habitat-size,commercial/fish/goldfish/best-habitat-size.html,1506,729,53.39,3
fish,goldfish,best-insurance,commercial/fish/goldfish/best-insurance.html,1414,632,52.6,3
fish,goldfish,cost-to-own,commercial/fish/goldfish/cost-to-own.html,1579,715,55.39,3
fish,goldfish,first-time-owners,commercial/fish/goldfish/first-time-owners.html,1583,754,54.34,3
fish,goldfish,health-costs,commercial/fish/goldfish/health-costs.html,1599,695,51.81,3
fish,goldfish,comparison,commercial/fish/goldfish/vs-gold-barb.html,1673,685,42.8,4
fish,goldfish,comparison,commercial/fish/goldfish/vs-gouramis.html,1676,688,41.04,4
fish,gouramis,best-enrichment,commercial/fish/gouramis/best-enrichment.html,1279,608,54.68,3
fish,gouramis,best-food,commercial/fish/gouramis/best-food.html,1286,655,54.37,8
fish,gouramis,best-habitat-size,commercial/fish/gouramis/best-habitat-size.html,1465,726,53.84,3
fish,gouramis,best-insurance,commercial/fish/gouramis/best-insurance.html,1366,629,53.67,3
fish,gouramis,cost-to-own,commercial/fish/gouramis/cost-to-own.html,1544,712,55.97,3
fish,gouramis,first-time-owners,commercial/fish/gouramis/first-time-owners.html,1562,750,54.59,3
fish,gouramis,health-costs,commercial/fish/gouramis/health-costs.html,1544,694,52.49,3
fish,gouramis,comparison,commercial/fish/gouramis/vs-goldfish.html,1677,689,42.57,4
fish,gouramis,comparison,commercial/fish/gouramis/vs-green-terror.html,1634,651,41.29,4
fish,green-terror,best-enrichment,commercial/fish/green-terror/best-enrichment.html,1362,592,53.67,3
fish,green-terror,best-food,commercial/fish/green-terror/best-food.html,1361,632,54.05,8
fish,green-terror,best-habitat-size,commercial/fish/green-terror/best-habitat-size.html,1482,681,54.34,3
fish,green-terror,best-insurance,commercial/fish/green-terror/best-insurance.html,1442,616,56.01,3
fish,green-terror,cost-to-own,commercial/fish/green-terror/cost-to-own.html,1573,670,56.15,3
fish,green-terror,first-time-owners,commercial/fish/green-terror/first-time-owners.html,1573,706,54.94,3
fish,green-terror,health-costs,commercial/fish/green-terror/health-costs.html,1550,656,56.46,3
fish,green-terror,comparison,commercial/fish/green-terror/vs-gouramis.html,1647,654,41.8,4
fish,green-terror,comparison,commercial/fish/green-terror/vs-guppy.html,1631,660,41.32,4
fish,guppy,best-enrichment,commercial/fish/guppy/best-enrichment.html,1269,608,55.18,3
fish,guppy,best-food,commercial/fish/guppy/best-food.html,1285,654,54.69,8
fish,guppy,best-habitat-size,commercial/fish/guppy/best-habitat-size.html,1460,728,54.16,3
fish,guppy,best-insurance,commercial/fish/guppy/best-insurance.html,1378,635,53.45,3
fish,guppy,cost-to-own,commercial/fish/guppy/cost-to-own.html,1543,716,56.14,3
fish,guppy,first-time-owners,commercial/fish/guppy/first-time-owners.html,1547,753,55.34,3
fish,guppy,health-costs,commercial/fish/guppy/health-costs.html,1553,698,52.72,3
fish,guppy,comparison,commercial/fish/guppy/vs-green-terror.html,1618,657,41.9,4
fish,guppy,comparison,commercial/fish/guppy/vs-hatchetfish.html,1592,693,42.11,4
fish,hatchetfish,best-enrichment,commercial/fish/hatchetfish/best-enrichment.html,1269,607,55.35,3
fish,hatchetfish,best-food,commercial/fish/hatchetfish/best-food.html,1278,647,55.65,8
fish,hatchetfish,best-habitat-size,commercial/fish/hatchetfish/best-habitat-size.html,1443,716,54.49,3
fish,hatchetfish,best-insurance,commercial/fish/hatchetfish/best-insurance.html,1356,625,56.71,3
fish,hatchetfish,cost-to-own,commercial/fish/hatchetfish/cost-to-own.html,1522,704,56.51,3
fish,hatchetfish,first-time-owners,commercial/fish/hatchetfish/first-time-owners.html,1527,742,55.65,3
fish,hatchetfish,health-costs,commercial/fish/hatchetfish/health-costs.html,1504,693,56.14,3
fish,hatchetfish,comparison,commercial/fish/hatchetfish/vs-guppy.html,1591,693,43.25,4
fish,hatchetfish,comparison,commercial/fish/hatchetfish/vs-hawkfish.html,1580,676,41.98,4
fish,hawkfish,best-enrichment,commercial/fish/hawkfish/best-enrichment.html,1271,606,55.33,3
fish,hawkfish,best-food,commercial/fish/hawkfish/best-food.html,1278,649,55.35,8
fish,hawkfish,best-habitat-size,commercial/fish/hawkfish/best-habitat-size.html,1442,718,54.69,3
fish,hawkfish,best-insurance,commercial/fish/hawkfish/best-insurance.html,1359,630,56.7,3
fish,hawkfish,cost-to-own,commercial/fish/hawkfish/cost-to-own.html,1525,708,56.69,3
fish,hawkfish,first-time-owners,commercial/fish/hawkfish/first-time-owners.html,1535,741,55.54,3
fish,hawkfish,health-costs,commercial/fish/hawkfish/health-costs.html,1508,696,56.31,3
fish,hawkfish,comparison,commercial/fish/hawkfish/vs-hatchetfish.html,1582,678,43.2,4
fish,hawkfish,comparison,commercial/fish/hawkfish/vs-hermit-crab.html,1628,657,41.73,4
fish,hermit-crab,best-enrichment,commercial/fish/hermit-crab/best-enrichment.html,1375,598,52.62,3
fish,hermit-crab,best-food,commercial/fish/hermit-crab/best-food.html,1374,635,53.07,8
fish,hermit-crab,best-habitat-size,commercial/fish/hermit-crab/best-habitat-size.html,1515,690,52.58,3
fish,hermit-crab,best-insurance,commercial/fish/hermit-crab/best-insurance.html,1455,618,54.26,3
fish,hermit-crab,cost-to-own,commercial/fish/hermit-crab/cost-to-own.html,1606,683,54.43,3
fish,hermit-crab,first-time-owners,commercial/fish/hermit-crab/first-time-owners.html,1606,716,53.6,3
fish,hermit-crab,health-costs,commercial/fish/hermit-crab/health-costs.html,1583,668,54.28,3
fish,hermit-crab,comparison,commercial/fish/hermit-crab/vs-hawkfish.html,1641,658,42.43,4
fish,hermit-crab,comparison,commercial/fish/hermit-crab/vs-hillstream-loach.html,1626,620,42.57,4
fish,hillstream-loach,best-enrichment,commercial/fish/hillstream-loach/best-enrichment.html,1305,594,54.9,3
fish,hillstream-loach,best-food,commercial/fish/hillstream-loach/best-food.html,1307,633,55.33,8
fish,hillstream-loach,best-habitat-size,commercial/fish/hillstream-loach/best-habitat-size.html,1427,683,54.9,3
fish,hillstream-loach,best-insurance,commercial/fish/hillstream-loach/best-insurance.html,1390,618,56.15,3
fish,hillstream-loach,cost-to-own,commercial/fish/hillstream-loach/cost-to-own.html,1516,672,56.64,3
fish,hillstream-loach,first-time-owners,commercial/fish/hillstream-loach/first-time-owners.html,1518,708,56.11,3
fish,hillstream-loach,health-costs,commercial/fish/hillstream-loach/health-costs.html,1496,658,56.22,3
fish,hillstream-loach,comparison,commercial/fish/hillstream-loach/vs-hermit-crab.html,1621,622,43.38,4
fish,hillstream-loach,comparison,commercial/fish/hillstream-loach/vs-honey-gourami.html,1577,618,44.34,4
fish,honey-gourami,best-enrichment,commercial/fish/honey-gourami/best-enrichment.html,1316,598,54.64,3
fish,honey-gourami,best-food,commercial/fish/honey-gourami/best-food.html,1318,635,55.28,8
fish,honey-gourami,best-habitat-size,commercial/fish/honey-gourami/best-habitat-size.html,1456,690,54.58,3
fish,honey-gourami,best-insurance,commercial/fish/honey-gourami/best-insurance.html,1401,618,56.04,3
fish,honey-gourami,cost-to-own,commercial/fish/honey-gourami/cost-to-own.html,1545,682,56.3,3
fish,honey-gourami,first-time-owners,commercial/fish/honey-gourami/first-time-owners.html,1547,715,55.84,3
fish,honey-gourami,health-costs,commercial/fish/honey-gourami/health-costs.html,1525,667,55.93,3
fish,honey-gourami,comparison,commercial/fish/honey-gourami/vs-hillstream-loach.html,1577,617,45.1,4
fish,honey-gourami,comparison,commercial/fish/honey-gourami/vs-jack-dempsey.html,1670,651,42.07,4
fish,jack-dempsey,best-enrichment,commercial/fish/jack-dempsey/best-enrichment.html,1387,610,52.11,3
fish,jack-dempsey,best-food,commercial/fish/jack-dempsey/best-food.html,1394,649,52.21,8
fish,jack-dempsey,best-habitat-size,commercial/fish/jack-dempsey/best-habitat-size.html,1550,716,52,3
fish,jack-dempsey,best-insurance,commercial/fish/jack-dempsey/best-insurance.html,1467,630,54.16,3
fish,jack-dempsey,cost-to-own,commercial/fish/jack-dempsey/cost-to-own.html,1633,703,54.03,3
fish,jack-dempsey,first-time-owners,commercial/fish/jack-dempsey/first-time-owners.html,1633,739,52.68,3
fish,jack-dempsey,health-costs,commercial/fish/jack-dempsey/health-costs.html,1610,691,54.05,3
fish,jack-dempsey,comparison,commercial/fish/jack-dempsey/vs-honey-gourami.html,1675,650,43.21,4
fish,jack-dempsey,comparison,commercial/fish/jack-dempsey/vs-killifish.html,1690,669,40.69,4
fish,killifish,best-enrichment,commercial/fish/killifish/best-enrichment.html,1279,605,54.56,3
fish,killifish,best-food,commercial/fish/killifish/best-food.html,1286,647,54.65,8
fish,killifish,best-habitat-size,commercial/fish/killifish/best-habitat-size.html,1442,714,54,3
fish,killifish,best-insurance,commercial/fish/killifish/best-insurance.html,1362,626,56.22,3
fish,killifish,cost-to-own,commercial/fish/killifish/cost-to-own.html,1519,700,56.28,3
fish,killifish,first-time-owners,commercial/fish/killifish/first-time-owners.html,1539,738,54.35,3
fish,killifish,health-costs,commercial/fish/killifish/health-costs.html,1503,688,55.81,3
fish,killifish,comparison,commercial/fish/killifish/vs-jack-dempsey.html,1677,668,41.63,4
fish,killifish,comparison,commercial/fish/killifish/vs-koi.html,1571,652,42.93,4
fish,koi,best-enrichment,commercial/fish/koi/best-enrichment.html,1258,596,55.88,3
fish,koi,best-food,commercial/fish/koi/best-food.html,1267,635,56.13,8
fish,koi,best-habitat-size,commercial/fish/koi/best-habitat-size.html,1407,689,55.38,3
fish,koi,best-insurance,commercial/fish/koi/best-insurance.html,1348,615,57.4,3
fish,koi,cost-to-own,commercial/fish/koi/cost-to-own.html,1490,679,57.38,3
fish,koi,first-time-owners,commercial/fish/koi/first-time-owners.html,1494,715,56.76,3
fish,koi,health-costs,commercial/fish/koi/health-costs.html,1473,664,57.41,3
fish,koi,comparison,commercial/fish/koi/vs-killifish.html,1570,650,43.55,4
fish,koi,comparison,commercial/fish/koi/vs-kole-tang.html,1552,610,44.05,4
fish,kole-tang,best-enrichment,commercial/fish/kole-tang/best-enrichment.html,1311,594,54.6,3
fish,kole-tang,best-food,commercial/fish/kole-tang/best-food.html,1313,632,55.05,8
fish,kole-tang,best-habitat-size,commercial/fish/kole-tang/best-habitat-size.html,1448,687,54.56,3
fish,kole-tang,best-insurance,commercial/fish/kole-tang/best-insurance.html,1396,614,56.54,3
fish,kole-tang,cost-to-own,commercial/fish/kole-tang/cost-to-own.html,1537,677,56.28,3
fish,kole-tang,first-time-owners,commercial/fish/kole-tang/first-time-owners.html,1539,713,56.01,3
fish,kole-tang,health-costs,commercial/fish/kole-tang/health-costs.html,1517,662,56.88,3
fish,kole-tang,comparison,commercial/fish/kole-tang/vs-koi.html,1559,611,44.67,4
fish,kole-tang,comparison,commercial/fish/kole-tang/vs-kuhli-loach.html,1627,660,42.17,4
fish,kuhli-loach,best-enrichment,commercial/fish/kuhli-loach/best-enrichment.html,1321,610,54.16,3
fish,kuhli-loach,best-food,commercial/fish/kuhli-loach/best-food.html,1325,654,54.09,8
fish,kuhli-loach,best-habitat-size,commercial/fish/kuhli-loach/best-habitat-size.html,1499,728,53.13,3
fish,kuhli-loach,best-insurance,commercial/fish/kuhli-loach/best-insurance.html,1414,627,52.85,3
fish,kuhli-loach,cost-to-own,commercial/fish/kuhli-loach/cost-to-own.html,1586,716,55.13,3
fish,kuhli-loach,first-time-owners,commercial/fish/kuhli-loach/first-time-owners.html,1589,753,54.54,3
fish,kuhli-loach,health-costs,commercial/fish/kuhli-loach/health-costs.html,1585,696,51.81,3
fish,kuhli-loach,comparison,commercial/fish/kuhli-loach/vs-kole-tang.html,1627,659,42.78,4
fish,kuhli-loach,comparison,commercial/fish/kuhli-loach/vs-mandarin-goby.html,1627,660,42.47,4
fish,mandarin-goby,best-enrichment,commercial/fish/mandarin-goby/best-enrichment.html,1312,593,54.47,3
fish,mandarin-goby,best-food,commercial/fish/mandarin-goby/best-food.html,1314,632,55.27,8
fish,mandarin-goby,best-habitat-size,commercial/fish/mandarin-goby/best-habitat-size.html,1449,687,54.68,3
fish,mandarin-goby,best-insurance,commercial/fish/mandarin-goby/best-insurance.html,1397,615,56.83,3
fish,mandarin-goby,cost-to-own,commercial/fish/mandarin-goby/cost-to-own.html,1538,679,56.4,3
fish,mandarin-goby,first-time-owners,commercial/fish/mandarin-goby/first-time-owners.html,1540,713,55.91,3
fish,mandarin-goby,health-costs,commercial/fish/mandarin-goby/health-costs.html,1518,663,57.04,3
fish,mandarin-goby,comparison,commercial/fish/mandarin-goby/vs-kuhli-loach.html,1628,662,43.12,4
fish,mandarin-goby,comparison,commercial/fish/mandarin-goby/vs-maroon-clownfish.html,1588,610,43.31,4
fish,maroon-clownfish,best-enrichment,commercial/fish/maroon-clownfish/best-enrichment.html,1312,595,54.19,3
fish,maroon-clownfish,best-food,commercial/fish/maroon-clownfish/best-food.html,1314,633,54.64,8
fish,maroon-clownfish,best-habitat-size,commercial/fish/maroon-clownfish/best-habitat-size.html,1449,688,54.63,3
fish,maroon-clownfish,best-insurance,commercial/fish/maroon-clownfish/best-insurance.html,1397,614,56.62,3
fish,maroon-clownfish,cost-to-own,commercial/fish/maroon-clownfish/cost-to-own.html,1538,678,56.39,3
fish,maroon-clownfish,first-time-owners,commercial/fish/maroon-clownfish/first-time-owners.html,1540,713,55.35,3
fish,maroon-clownfish,health-costs,commercial/fish/maroon-clownfish/health-costs.html,1518,663,57.01,3
fish,maroon-clownfish,comparison,commercial/fish/maroon-clownfish/vs-mandarin-goby.html,1588,610,44.42,4
fish,maroon-clownfish,comparison,commercial/fish/maroon-clownfish/vs-melanurus-wrasse.html,1591,612,43.15,4
fish,melanurus-wrasse,best-enrichment,commercial/fish/melanurus-wrasse/best-enrichment.html,1315,595,53.77,3
fish,melanurus-wrasse,best-food,commercial/fish/melanurus-wrasse/best-food.html,1317,632,54.22,8
fish,melanurus-wrasse,best-habitat-size,commercial/fish/melanurus-wrasse/best-habitat-size.html,1455,687,54.38,3
fish,melanurus-wrasse,best-insurance,commercial/fish/melanurus-wrasse/best-insurance.html,1400,616,56.41,3
fish,melanurus-wrasse,cost-to-own,commercial/fish/melanurus-wrasse/cost-to-own.html,1544,680,56.18,3
fish,melanurus-wrasse,first-time-owners,commercial/fish/melanurus-wrasse/first-time-owners.html,1546,713,54.87,3
fish,melanurus-wrasse,health-costs,commercial/fish/melanurus-wrasse/health-costs.html,1524,665,56.89,3
fish,melanurus-wrasse,comparison,commercial/fish/melanurus-wrasse/vs-maroon-clownfish.html,1591,611,43.8,4
fish,melanurus-wrasse,comparison,commercial/fish/melanurus-wrasse/vs-molly.html,1633,659,42.32,4
fish,molly,best-enrichment,commercial/fish/molly/best-enrichment.html,1322,600,53.79,3
fish,molly,best-food,commercial/fish/molly/best-food.html,1327,645,53.77,8
fish,molly,best-habitat-size,commercial/fish/molly/best-habitat-size.html,1506,722,53.09,3
fish,molly,best-insurance,commercial/fish/molly/best-insurance.html,1410,621,52.43,3
fish,molly,cost-to-own,commercial/fish/molly/cost-to-own.html,1595,711,54.74,3
fish,molly,first-time-owners,commercial/fish/molly/first-time-owners.html,1597,745,54.19,3
fish,molly,health-costs,commercial/fish/molly/health-costs.html,1586,692,51.47,3
fish,molly,comparison,commercial/fish/molly/vs-melanurus-wrasse.html,1632,659,42.41,4
fish,molly,comparison,commercial/fish/molly/vs-mystery-snail.html,1655,670,41.04,4
fish,mystery-snail,best-enrichment,commercial/fish/mystery-snail/best-enrichment.html,1322,604,53.16,3
fish,mystery-snail,best-food,commercial/fish/mystery-snail/best-food.html,1328,641,53.36,8
fish,mystery-snail,best-habitat-size,commercial/fish/mystery-snail/best-habitat-size.html,1481,713,52.96,3
fish,mystery-snail,best-insurance,commercial/fish/mystery-snail/best-insurance.html,1407,624,55.39,3
fish,mystery-snail,cost-to-own,commercial/fish/mystery-snail/cost-to-own.html,1566,698,54.92,3
fish,mystery-snail,first-time-owners,commercial/fish/mystery-snail/first-time-owners.html,1568,734,53.55,3
fish,mystery-snail,health-costs,commercial/fish/mystery-snail/health-costs.html,1546,685,55.2,3
fish,mystery-snail,comparison,commercial/fish/mystery-snail/vs-molly.html,1656,671,41.88,4
fish,mystery-snail,comparison,commercial/fish/mystery-snail/vs-neon-tetra.html,1673,677,40.56,4
fish,neon-tetra,best-enrichment,commercial/fish/neon-tetra/best-enrichment.html,1331,610,53.09,3
fish,neon-tetra,best-food,commercial/fish/neon-tetra/best-food.html,1342,655,53.01,8
fish,neon-tetra,best-habitat-size,commercial/fish/neon-tetra/best-habitat-size.html,1522,729,52.2,3
fish,neon-tetra,best-insurance,commercial/fish/neon-tetra/best-insurance.html,1434,631,51.95,3
fish,neon-tetra,cost-to-own,commercial/fish/neon-tetra/cost-to-own.html,1605,715,54.25,3
fish,neon-tetra,first-time-owners,commercial/fish/neon-tetra/first-time-owners.html,1608,755,53.53,3
fish,neon-tetra,health-costs,commercial/fish/neon-tetra/health-costs.html,1615,695,51.09,3
fish,neon-tetra,comparison,commercial/fish/neon-tetra/vs-mystery-snail.html,1672,674,41.39,4
fish,neon-tetra,comparison,commercial/fish/neon-tetra/vs-nerite-snail.html,1661,679,42.11,4
fish,nerite-snail,best-enrichment,commercial/fish/nerite-snail/best-enrichment.html,1315,603,54.16,3
fish,nerite-snail,best-food,commercial/fish/nerite-snail/best-food.html,1317,643,54.45,8
fish,nerite-snail,best-habitat-size,commercial/fish/nerite-snail/best-habitat-size.html,1467,710,53.89,3
fish,nerite-snail,best-insurance,commercial/fish/nerite-snail/best-insurance.html,1400,625,56,3
fish,nerite-snail,cost-to-own,commercial/fish/nerite-snail/cost-to-own.html,1556,697,55.73,3
fish,nerite-snail,first-time-owners,commercial/fish/nerite-snail/first-time-owners.html,1558,735,54.61,3
fish,nerite-snail,health-costs,commercial/fish/nerite-snail/health-costs.html,1536,685,55.52,3
fish,nerite-snail,comparison,commercial/fish/nerite-snail/vs-neon-tetra.html,1662,681,42.92,4
fish,nerite-snail,comparison,commercial/fish/nerite-snail/vs-oscar.html,1676,681,40.98,4
fish,oscar,best-enrichment,commercial/fish/oscar/best-enrichment.html,1337,606,53.24,3
fish,oscar,best-food,commercial/fish/oscar/best-food.html,1353,657,52.99,8
fish,oscar,best-habitat-size,commercial/fish/oscar/best-habitat-size.html,1537,727,52.49,3
fish,oscar,best-insurance,commercial/fish/oscar/best-insurance.html,1436,628,52.21,3
fish,oscar,cost-to-own,commercial/fish/oscar/cost-to-own.html,1614,715,54.5,3
fish,oscar,first-time-owners,commercial/fish/oscar/first-time-owners.html,1617,750,53.25,3
fish,oscar,health-costs,commercial/fish/oscar/health-costs.html,1618,694,51.37,3
fish,oscar,comparison,commercial/fish/oscar/vs-nerite-snail.html,1674,679,42.05,4
fish,oscar,comparison,commercial/fish/oscar/vs-otocinclus.html,1620,662,41.83,4
fish,otocinclus,best-enrichment,commercial/fish/otocinclus/best-enrichment.html,1252,593,55.97,3
fish,otocinclus,best-food,commercial/fish/otocinclus/best-food.html,1257,631,56.47,8
fish,otocinclus,best-habitat-size,commercial/fish/otocinclus/best-habitat-size.html,1394,687,55.66,3
fish,otocinclus,best-insurance,commercial/fish/otocinclus/best-insurance.html,1342,612,57.02,3
fish,otocinclus,cost-to-own,commercial/fish/otocinclus/cost-to-own.html,1481,677,57.45,3
fish,otocinclus,first-time-owners,commercial/fish/otocinclus/first-time-owners.html,1485,712,56.79,3
fish,otocinclus,health-costs,commercial/fish/otocinclus/health-costs.html,1464,662,56.65,3
fish,otocinclus,comparison,commercial/fish/otocinclus/vs-oscar.html,1614,662,42.38,4
fish,otocinclus,comparison,commercial/fish/otocinclus/vs-pacu.html,1539,656,41.42,4
fish,pacu,best-enrichment,commercial/fish/pacu/best-enrichment.html,1266,606,55.17,3
fish,pacu,best-food,commercial/fish/pacu/best-food.html,1270,646,55.5,8
fish,pacu,best-habitat-size,commercial/fish/pacu/best-habitat-size.html,1434,718,54.35,3
fish,pacu,best-insurance,commercial/fish/pacu/best-insurance.html,1353,630,56.14,3
fish,pacu,cost-to-own,commercial/fish/pacu/cost-to-own.html,1519,710,56.19,3
fish,pacu,first-time-owners,commercial/fish/pacu/first-time-owners.html,1532,747,55.27,3
fish,pacu,health-costs,commercial/fish/pacu/health-costs.html,1502,698,55.4,3
fish,pacu,comparison,commercial/fish/pacu/vs-otocinclus.html,1539,657,42.88,4
fish,pacu,comparison,commercial/fish/pacu/vs-peacock-bass.html,1604,675,41.02,4
fish,peacock-bass,best-enrichment,commercial/fish/peacock-bass/best-enrichment.html,1324,610,53.22,3
fish,peacock-bass,best-food,commercial/fish/peacock-bass/best-food.html,1326,649,53.48,8
fish,peacock-bass,best-habitat-size,commercial/fish/peacock-bass/best-habitat-size.html,1483,711,53.03,3
fish,peacock-bass,best-insurance,commercial/fish/peacock-bass/best-insurance.html,1406,627,55.13,3
fish,peacock-bass,cost-to-own,commercial/fish/peacock-bass/cost-to-own.html,1568,702,54.93,3
fish,peacock-bass,first-time-owners,commercial/fish/peacock-bass/first-time-owners.html,1571,740,53.52,3
fish,peacock-bass,health-costs,commercial/fish/peacock-bass/health-costs.html,1547,689,54.8,3
fish,peacock-bass,comparison,commercial/fish/peacock-bass/vs-pacu.html,1611,676,42.33,4
fish,peacock-bass,comparison,commercial/fish/peacock-bass/vs-pearl-gourami.html,1616,648,42.13,4
fish,pearl-gourami,best-enrichment,commercial/fish/pearl-gourami/best-enrichment.html,1314,597,54.24,3
fish,pearl-gourami,best-food,commercial/fish/pearl-gourami/best-food.html,1316,634,54.73,8
fish,pearl-gourami,best-habitat-size,commercial/fish/pearl-gourami/best-habitat-size.html,1454,689,54.3,3
fish,pearl-gourami,best-insurance,commercial/fish/pearl-gourami/best-insurance.html,1399,615,55.81,3
fish,pearl-gourami,cost-to-own,commercial/fish/pearl-gourami/cost-to-own.html,1543,680,56,3
fish,pearl-gourami,first-time-owners,commercial/fish/pearl-gourami/first-time-owners.html,1545,713,55.21,3
fish,pearl-gourami,health-costs,commercial/fish/pearl-gourami/health-costs.html,1523,665,55.71,3
fish,pearl-gourami,comparison,commercial/fish/pearl-gourami/vs-peacock-bass.html,1616,648,42.7,4
fish,pearl-gourami,comparison,commercial/fish/pearl-gourami/vs-pencilfish.html,1586,652,42.7,4
fish,pencilfish,best-enrichment,commercial/fish/pencilfish/best-enrichment.html,1269,611,55.14,3
fish,pencilfish,best-food,commercial/fish/pencilfish/best-food.html,1276,651,55.83,8
fish,pencilfish,best-habitat-size,commercial/fish/pencilfish/best-habitat-size.html,1432,717,54.55,3
fish,pencilfish,best-insurance,commercial/fish/pencilfish/best-insurance.html,1354,629,57.2,3
fish,pencilfish,cost-to-own,commercial/fish/pencilfish/cost-to-own.html,1511,706,56.63,3
fish,pencilfish,first-time-owners,commercial/fish/pencilfish/first-time-owners.html,1522,741,55.6,3
fish,pencilfish,health-costs,commercial/fish/pencilfish/health-costs.html,1493,692,56.44,3
fish,pencilfish,comparison,commercial/fish/pencilfish/vs-pearl-gourami.html,1580,652,44.06,4
fish,pencilfish,comparison,commercial/fish/pencilfish/vs-peppermint-shrimp.html,1582,655,44.85,4
fish,peppermint-shrimp,best-enrichment,commercial/fish/peppermint-shrimp/best-enrichment.html,1315,597,54.47,3
fish,peppermint-shrimp,best-food,commercial/fish/peppermint-shrimp/best-food.html,1317,633,55.04,8
fish,peppermint-shrimp,best-habitat-size,commercial/fish/peppermint-shrimp/best-habitat-size.html,1457,689,54.38,3
fish,peppermint-shrimp,best-insurance,commercial/fish/peppermint-shrimp/best-insurance.html,1400,617,55.89,3
fish,peppermint-shrimp,cost-to-own,commercial/fish/peppermint-shrimp/cost-to-own.html,1546,682,56.07,3
fish,peppermint-shrimp,first-time-owners,commercial/fish/peppermint-shrimp/first-time-owners.html,1548,715,55.52,3
fish,peppermint-shrimp,health-costs,commercial/fish/peppermint-shrimp/health-costs.html,1526,667,55.73,3
fish,peppermint-shrimp,comparison,commercial/fish/peppermint-shrimp/vs-pencilfish.html,1588,655,45.53,4
fish,peppermint-shrimp,comparison,commercial/fish/peppermint-shrimp/vs-pictus-catfish.html,1592,613,45.21,4
fish,pictus-catfish,best-enrichment,commercial/fish/pictus-catfish/best-enrichment.html,1312,595,54.54,3
fish,pictus-catfish,best-food,commercial/fish/pictus-catfish/best-food.html,1314,633,55.11,8
fish,pictus-catfish,best-habitat-size,commercial/fish/pictus-catfish/best-habitat-size.html,1449,688,54.51,3
fish,pictus-catfish,best-insurance,commercial/fish/pictus-catfish/best-insurance.html,1397,614,56.25,3
fish,pictus-catfish,cost-to-own,commercial/fish/pictus-catfish/cost-to-own.html,1538,677,56.23,3
fish,pictus-catfish,first-time-owners,commercial/fish/pictus-catfish/first-time-owners.html,1540,713,55.72,3
fish,pictus-catfish,health-costs,commercial/fish/pictus-catfish/health-costs.html,1518,662,56.39,3
fish,pictus-catfish,comparison,commercial/fish/pictus-catfish/vs-peppermint-shrimp.html,1593,613,45.68,4
fish,pictus-catfish,comparison,commercial/fish/pictus-catfish/vs-platy.html,1626,659,42.95,4
fish,platy,best-enrichment,commercial/fish/platy/best-enrichment.html,1321,608,54.54,3
fish,platy,best-food,commercial/fish/platy/best-food.html,1326,649,54.69,8
fish,platy,best-habitat-size,commercial/fish/platy/best-habitat-size.html,1502,726,53.68,3
fish,platy,best-insurance,commercial/fish/platy/best-insurance.html,1403,625,53.6,3
fish,platy,cost-to-own,commercial/fish/platy/cost-to-own.html,1591,717,55.4,3
fish,platy,first-time-owners,commercial/fish/platy/first-time-owners.html,1593,750,55.04,3
fish,platy,health-costs,commercial/fish/platy/health-costs.html,1573,698,52.5,3
fish,platy,comparison,commercial/fish/platy/vs-pictus-catfish.html,1625,656,44.06,4
fish,platy,comparison,commercial/fish/platy/vs-pleco.html,1677,684,41.67,4
fish,pleco,best-enrichment,commercial/fish/pleco/best-enrichment.html,1334,608,53.35,3
fish,pleco,best-food,commercial/fish/pleco/best-food.html,1340,652,53.46,8
fish,pleco,best-habitat-size,commercial/fish/pleco/best-habitat-size.html,1523,723,52.5,3
fish,pleco,best-insurance,commercial/fish/pleco/best-insurance.html,1427,625,52.41,3
fish,pleco,cost-to-own,commercial/fish/pleco/cost-to-own.html,1608,712,54.47,3
fish,pleco,first-time-owners,commercial/fish/pleco/first-time-owners.html,1611,747,53.93,3
fish,pleco,health-costs,commercial/fish/pleco/health-costs.html,1608,692,51.41,3
fish,pleco,comparison,commercial/fish/pleco/vs-platy.html,1678,685,42.59,4
fish,pleco,comparison,commercial/fish/pleco/vs-powder-blue-tang.html,1682,658,40.84,4
fish,powder-blue-tang,best-enrichment,commercial/fish/powder-blue-tang/best-enrichment.html,1372,595,52.25,3
fish,powder-blue-tang,best-food,commercial/fish/powder-blue-tang/best-food.html,1371,633,52.71,8
fish,powder-blue-tang,best-habitat-size,commercial/fish/powder-blue-tang/best-habitat-size.html,1507,688,52.62,3
fish,powder-blue-tang,best-insurance,commercial/fish/powder-blue-tang/best-insurance.html,1452,615,54.33,3
fish,powder-blue-tang,cost-to-own,commercial/fish/powder-blue-tang/cost-to-own.html,1598,679,54.47,3
fish,powder-blue-tang,first-time-owners,commercial/fish/powder-blue-tang/first-time-owners.html,1598,715,53.1,3
fish,powder-blue-tang,health-costs,commercial/fish/powder-blue-tang/health-costs.html,1575,663,54.5,3
fish,powder-blue-tang,comparison,commercial/fish/powder-blue-tang/vs-pleco.html,1689,661,41.64,4
fish,powder-blue-tang,comparison,commercial/fish/powder-blue-tang/vs-rabbit-snail.html,1654,648,40.57,4
fish,rabbit-snail,best-enrichment,commercial/fish/rabbit-snail/best-enrichment.html,1318,607,53.47,3
fish,rabbit-snail,best-food,commercial/fish/rabbit-snail/best-food.html,1318,646,53.84,8
fish,rabbit-snail,best-habitat-size,commercial/fish/rabbit-snail/best-habitat-size.html,1466,710,53.47,3
fish,rabbit-snail,best-insurance,commercial/fish/rabbit-snail/best-insurance.html,1401,627,55.83,3
fish,rabbit-snail,cost-to-own,commercial/fish/rabbit-snail/cost-to-own.html,1555,699,55.31,3
fish,rabbit-snail,first-time-owners,commercial/fish/rabbit-snail/first-time-owners.html,1563,734,53.86,3
fish,rabbit-snail,health-costs,commercial/fish/rabbit-snail/health-costs.html,1535,686,55.61,3
fish,rabbit-snail,comparison,commercial/fish/rabbit-snail/vs-powder-blue-tang.html,1647,648,41.16,4
fish,rabbit-snail,comparison,commercial/fish/rabbit-snail/vs-rainbow-fish.html,1566,645,42.95,4
fish,rainbow-fish,best-enrichment,commercial/fish/rainbow-fish/best-enrichment.html,1255,597,56.49,3
fish,rainbow-fish,best-food,commercial/fish/rainbow-fish/best-food.html,1260,634,57.16,8
fish,rainbow-fish,best-habitat-size,commercial/fish/rainbow-fish/best-habitat-size.html,1397,689,56.55,3
fish,rainbow-fish,best-insurance,commercial/fish/rainbow-fish/best-insurance.html,1345,616,57.97,3
fish,rainbow-fish,cost-to-own,commercial/fish/rainbow-fish/cost-to-own.html,1484,680,58.21,3
fish,rainbow-fish,first-time-owners,commercial/fish/rainbow-fish/first-time-owners.html,1488,713,57.85,3
fish,rainbow-fish,health-costs,commercial/fish/rainbow-fish/health-costs.html,1467,665,58.23,3
fish,rainbow-fish,comparison,commercial/fish/rainbow-fish/vs-rabbit-snail.html,1559,644,43.07,4
fish,rainbow-fish,comparison,commercial/fish/rainbow-fish/vs-ram-cichlid.html,1542,608,43.18,4
fish,ram-cichlid,best-enrichment,commercial/fish/ram-cichlid/best-enrichment.html,1311,594,54.53,3
fish,ram-cichlid,best-food,commercial/fish/ram-cichlid/best-food.html,1313,632,55.18,8
fish,ram-cichlid,best-habitat-size,commercial/fish/ram-cichlid/best-habitat-size.html,1448,687,54.79,3
fish,ram-cichlid,best-insurance,commercial/fish/ram-cichlid/best-insurance.html,1396,613,56.23,3
fish,ram-cichlid,cost-to-own,commercial/fish/ram-cichlid/cost-to-own.html,1537,677,56.41,3
fish,ram-cichlid,first-time-owners,commercial/fish/ram-cichlid/first-time-owners.html,1539,712,56.08,3
fish,ram-cichlid,health-costs,commercial/fish/ram-cichlid/health-costs.html,1517,662,56.64,3
fish,ram-cichlid,comparison,commercial/fish/ram-cichlid/vs-rainbow-fish.html,1548,608,43.87,4
fish,ram-cichlid,comparison,commercial/fish/ram-cichlid/vs-ramshorn-snail.html,1610,650,42.55,4
fish,ramshorn-snail,best-enrichment,commercial/fish/ramshorn-snail/best-enrichment.html,1320,608,53.77,3
fish,ramshorn-snail,best-food,commercial/fish/ramshorn-snail/best-food.html,1321,647,54.31,8
fish,ramshorn-snail,best-habitat-size,commercial/fish/ramshorn-snail/best-habitat-size.html,1477,718,53.72,3
fish,ramshorn-snail,best-insurance,commercial/fish/ramshorn-snail/best-insurance.html,1404,628,56.28,3
fish,ramshorn-snail,cost-to-own,commercial/fish/ramshorn-snail/cost-to-own.html,1566,705,55.54,3
fish,ramshorn-snail,first-time-owners,commercial/fish/ramshorn-snail/first-time-owners.html,1571,741,54.11,3
fish,ramshorn-snail,health-costs,commercial/fish/ramshorn-snail/health-costs.html,1546,693,55.83,3
fish,ramshorn-snail,comparison,commercial/fish/ramshorn-snail/vs-ram-cichlid.html,1611,651,43.44,4
fish,ramshorn-snail,comparison,commercial/fish/ramshorn-snail/vs-rasbora.html,1614,652,44.36,4
fish,rasbora,best-enrichment,commercial/fish/rasbora/best-enrichment.html,1316,598,54.77,3
fish,rasbora,best-food,commercial/fish/rasbora/best-food.html,1318,635,55.61,8
fish,rasbora,best-habitat-size,commercial/fish/rasbora/best-habitat-size.html,1456,690,55.22,3
fish,rasbora,best-insurance,commercial/fish/rasbora/best-insurance.html,1401,618,56.66,3
fish,rasbora,cost-to-own,commercial/fish/rasbora/cost-to-own.html,1545,682,56.79,3
fish,rasbora,first-time-owners,commercial/fish/rasbora/first-time-owners.html,1547,715,56.49,3
fish,rasbora,health-costs,commercial/fish/rasbora/health-costs.html,1525,667,56.99,3
fish,rasbora,comparison,commercial/fish/rasbora/vs-ramshorn-snail.html,1615,653,45.18,4
fish,rasbora,comparison,commercial/fish/rasbora/vs-red-claw-crab.html,1653,649,43.2,4
fish,red-claw-crab,best-enrichment,commercial/fish/red-claw-crab/best-enrichment.html,1377,605,51.76,3
fish,red-claw-crab,best-food,commercial/fish/red-claw-crab/best-food.html,1378,645,52.12,8
fish,red-claw-crab,best-habitat-size,commercial/fish/red-claw-crab/best-habitat-size.html,1529,711,51.81,3
fish,red-claw-crab,best-insurance,commercial/fish/red-claw-crab/best-insurance.html,1457,627,54.01,3
fish,red-claw-crab,cost-to-own,commercial/fish/red-claw-crab/cost-to-own.html,1618,700,53.6,3
fish,red-claw-crab,first-time-owners,commercial/fish/red-claw-crab/first-time-owners.html,1618,737,52.56,3
fish,red-claw-crab,health-costs,commercial/fish/red-claw-crab/health-costs.html,1595,686,54.03,3
fish,red-claw-crab,comparison,commercial/fish/red-claw-crab/vs-rasbora.html,1659,649,44.06,4
fish,red-claw-crab,comparison,commercial/fish/red-claw-crab/vs-rosy-barb.html,1679,673,42.11,4
fish,rosy-barb,best-enrichment,commercial/fish/rosy-barb/best-enrichment.html,1328,609,52.92,3
fish,rosy-barb,best-food,commercial/fish/rosy-barb/best-food.html,1328,649,53.66,8
fish,rosy-barb,best-habitat-size,commercial/fish/rosy-barb/best-habitat-size.html,1486,716,52.89,3
fish,rosy-barb,best-insurance,commercial/fish/rosy-barb/best-insurance.html,1410,632,55.09,3
fish,rosy-barb,cost-to-own,commercial/fish/rosy-barb/cost-to-own.html,1573,704,54.74,3
fish,rosy-barb,first-time-owners,commercial/fish/rosy-barb/first-time-owners.html,1576,740,54.12,3
fish,rosy-barb,health-costs,commercial/fish/rosy-barb/health-costs.html,1552,692,55.07,3
fish,rosy-barb,comparison,commercial/fish/rosy-barb/vs-red-claw-crab.html,1673,673,42.67,4
fish,rosy-barb,comparison,commercial/fish/rosy-barb/vs-rummy-nose-tetra.html,1606,646,42.22,4
fish,rummy-nose-tetra,best-enrichment,commercial/fish/rummy-nose-tetra/best-enrichment.html,1311,593,53.3,3
fish,rummy-nose-tetra,best-food,commercial/fish/rummy-nose-tetra/best-food.html,1311,633,54.14,8
fish,rummy-nose-tetra,best-habitat-size,commercial/fish/rummy-nose-tetra/best-habitat-size.html,1434,682,53.97,3
fish,rummy-nose-tetra,best-insurance,commercial/fish/rummy-nose-tetra/best-insurance.html,1391,617,56.19,3
fish,rummy-nose-tetra,cost-to-own,commercial/fish/rummy-nose-tetra/cost-to-own.html,1521,671,55.87,3
fish,rummy-nose-tetra,first-time-owners,commercial/fish/rummy-nose-tetra/first-time-owners.html,1527,707,54.44,3
fish,rummy-nose-tetra,health-costs,commercial/fish/rummy-nose-tetra/health-costs.html,1500,657,56.23,3
fish,rummy-nose-tetra,comparison,commercial/fish/rummy-nose-tetra/vs-rosy-barb.html,1605,646,42.96,4
fish,rummy-nose-tetra,comparison,commercial/fish/rummy-nose-tetra/vs-severum.html,1567,600,42.5,4
fish,severum,best-enrichment,commercial/fish/severum/best-enrichment.html,1305,594,53.91,3
fish,severum,best-food,commercial/fish/severum/best-food.html,1307,633,54.31,8
fish,severum,best-habitat-size,commercial/fish/severum/best-habitat-size.html,1427,682,54.55,3
fish,severum,best-insurance,commercial/fish/severum/best-insurance.html,1390,617,56.6,3
fish,severum,cost-to-own,commercial/fish/severum/cost-to-own.html,1516,671,56.37,3
fish,severum,first-time-owners,commercial/fish/severum/first-time-owners.html,1518,707,55.05,3
fish,severum,health-costs,commercial/fish/severum/health-costs.html,1496,657,57.1,3
fish,severum,comparison,commercial/fish/severum/vs-rummy-nose-tetra.html,1568,601,42.79,4
fish,severum,comparison,commercial/fish/severum/vs-siamese-algae-eater.html,1601,602,42.77,4
fish,siamese-algae-eater,best-enrichment,commercial/fish/siamese-algae-eater/best-enrichment.html,1365,594,52.52,3
fish,siamese-algae-eater,best-food,commercial/fish/siamese-algae-eater/best-food.html,1364,634,53.33,8
fish,siamese-algae-eater,best-habitat-size,commercial/fish/siamese-algae-eater/best-habitat-size.html,1485,683,53.47,3
fish,siamese-algae-eater,best-insurance,commercial/fish/siamese-algae-eater/best-insurance.html,1445,617,55.47,3
fish,siamese-algae-eater,cost-to-own,commercial/fish/siamese-algae-eater/cost-to-own.html,1576,672,55.07,3
fish,siamese-algae-eater,first-time-owners,commercial/fish/siamese-algae-eater/first-time-owners.html,1576,707,54.32,3
fish,siamese-algae-eater,health-costs,commercial/fish/siamese-algae-eater/health-costs.html,1553,658,56.2,3
fish,siamese-algae-eater,comparison,commercial/fish/siamese-algae-eater/vs-severum.html,1608,601,43.18,4
fish,siamese-algae-eater,comparison,commercial/fish/siamese-algae-eater/vs-silver-dollar.html,1704,644,41.5,4
fish,silver-dollar,best-enrichment,commercial/fish/silver-dollar/best-enrichment.html,1391,610,51.34,3
fish,silver-dollar,best-food,commercial/fish/silver-dollar/best-food.html,1392,649,52.04,8
fish,silver-dollar,best-habitat-size,commercial/fish/silver-dollar/best-habitat-size.html,1551,716,51.46,3
fish,silver-dollar,best-insurance,commercial/fish/silver-dollar/best-insurance.html,1466,628,54.47,3
fish,silver-dollar,cost-to-own,commercial/fish/silver-dollar/cost-to-own.html,1634,703,53.41,3
fish,silver-dollar,first-time-owners,commercial/fish/silver-dollar/first-time-owners.html,1641,738,52.57,3
fish,silver-dollar,health-costs,commercial/fish/silver-dollar/health-costs.html,1610,693,54.72,3
fish,silver-dollar,comparison,commercial/fish/silver-dollar/vs-siamese-algae-eater.html,1704,645,42.35,4
fish,silver-dollar,comparison,commercial/fish/silver-dollar/vs-six-line-wrasse.html,1680,649,41.27,4
fish,six-line-wrasse,best-enrichment,commercial/fish/six-line-wrasse/best-enrichment.html,1316,595,53.5,3
fish,six-line-wrasse,best-food,commercial/fish/six-line-wrasse/best-food.html,1318,632,54.08,8
fish,six-line-wrasse,best-habitat-size,commercial/fish/six-line-wrasse/best-habitat-size.html,1456,687,54.16,3
fish,six-line-wrasse,best-insurance,commercial/fish/six-line-wrasse/best-insurance.html,1401,616,56.53,3
fish,six-line-wrasse,cost-to-own,commercial/fish/six-line-wrasse/cost-to-own.html,1545,680,55.9,3
fish,six-line-wrasse,first-time-owners,commercial/fish/six-line-wrasse/first-time-owners.html,1547,712,54.66,3
fish,six-line-wrasse,health-costs,commercial/fish/six-line-wrasse/health-costs.html,1525,665,57.02,3
fish,six-line-wrasse,comparison,commercial/fish/six-line-wrasse/vs-silver-dollar.html,1673,646,42.09,4
fish,six-line-wrasse,comparison,commercial/fish/six-line-wrasse/vs-swordtail.html,1653,659,40.54,4
fish,swordtail,best-enrichment,commercial/fish/swordtail/best-enrichment.html,1339,607,52.67,3
fish,swordtail,best-food,commercial/fish/swordtail/best-food.html,1336,652,52.68,8
fish,swordtail,best-habitat-size,commercial/fish/swordtail/best-habitat-size.html,1511,724,52.38,3
fish,swordtail,best-insurance,commercial/fish/swordtail/best-insurance.html,1401,623,52.53,3
fish,swordtail,cost-to-own,commercial/fish/swordtail/cost-to-own.html,1592,712,54.42,3
fish,swordtail,first-time-owners,commercial/fish/swordtail/first-time-owners.html,1610,748,52.99,3
fish,swordtail,health-costs,commercial/fish/swordtail/health-costs.html,1570,695,51.79,3
fish,swordtail,comparison,commercial/fish/swordtail/vs-six-line-wrasse.html,1651,657,41.27,4
fish,swordtail,comparison,commercial/fish/swordtail/vs-tiger-barb.html,1692,674,40.36,4
fish,tiger-barb,best-enrichment,commercial/fish/tiger-barb/best-enrichment.html,1328,606,52.83,3
fish,tiger-barb,best-food,commercial/fish/tiger-barb/best-food.html,1327,651,53.07,8
fish,tiger-barb,best-habitat-size,commercial/fish/tiger-barb/best-habitat-size.html,1505,719,52.58,3
fish,tiger-barb,best-insurance,commercial/fish/tiger-barb/best-insurance.html,1402,627,53.08,3
fish,tiger-barb,cost-to-own,commercial/fish/tiger-barb/cost-to-own.html,1590,709,54.56,3
fish,tiger-barb,first-time-owners,commercial/fish/tiger-barb/first-time-owners.html,1600,745,53.13,3
fish,tiger-barb,health-costs,commercial/fish/tiger-barb/health-costs.html,1570,689,52.33,3
fish,tiger-barb,comparison,commercial/fish/tiger-barb/vs-swordtail.html,1692,673,41.21,4
fish,tiger-barb,comparison,commercial/fish/tiger-barb/vs-turbo-snail.html,1637,659,41.6,4
fish,turbo-snail,best-enrichment,commercial/fish/turbo-snail/best-enrichment.html,1316,598,53.45,3
fish,turbo-snail,best-food,commercial/fish/turbo-snail/best-food.html,1318,635,54.19,8
fish,turbo-snail,best-habitat-size,commercial/fish/turbo-snail/best-habitat-size.html,1459,691,53.81,3
fish,turbo-snail,best-insurance,commercial/fish/turbo-snail/best-insurance.html,1401,618,55.75,3
fish,turbo-snail,cost-to-own,commercial/fish/turbo-snail/cost-to-own.html,1548,684,55.54,3
fish,turbo-snail,first-time-owners,commercial/fish/turbo-snail/first-time-owners.html,1550,717,54.87,3
fish,turbo-snail,health-costs,commercial/fish/turbo-snail/health-costs.html,1528,669,55.91,3
fish,turbo-snail,comparison,commercial/fish/turbo-snail/vs-tiger-barb.html,1638,663,42.09,4
fish,turbo-snail,comparison,commercial/fish/turbo-snail/vs-upside-down-catfish.html,1588,622,41.75,4
fish,upside-down-catfish,best-enrichment,commercial/fish/upside-down-catfish/best-enrichment.html,1311,594,53.34,3
fish,upside-down-catfish,best-food,commercial/fish/upside-down-catfish/best-food.html,1311,634,53.96,8
fish,upside-down-catfish,best-habitat-size,commercial/fish/upside-down-catfish/best-habitat-size.html,1434,683,54.15,3
fish,upside-down-catfish,best-insurance,commercial/fish/upside-down-catfish/best-insurance.html,1391,617,55.88,3
fish,upside-down-catfish,cost-to-own,commercial/fish/upside-down-catfish/cost-to-own.html,1521,672,55.97,3
fish,upside-down-catfish,first-time-owners,commercial/fish/upside-down-catfish/first-time-owners.html,1527,707,54.72,3
fish,upside-down-catfish,health-costs,commercial/fish/upside-down-catfish/health-costs.html,1500,658,56.31,3
fish,upside-down-catfish,comparison,commercial/fish/upside-down-catfish/vs-turbo-snail.html,1588,622,42.39,4
fish,upside-down-catfish,comparison,commercial/fish/upside-down-catfish/vs-vampire-crab.html,1604,644,40.5,4
fish,vampire-crab,best-enrichment,commercial/fish/vampire-crab/best-enrichment.html,1324,610,52.56,3
fish,vampire-crab,best-food,commercial/fish/vampire-crab/best-food.html,1328,648,52.89,8
fish,vampire-crab,best-habitat-size,commercial/fish/vampire-crab/best-habitat-size.html,1481,714,52.77,3
fish,vampire-crab,best-insurance,commercial/fish/vampire-crab/best-insurance.html,1409,630,55.03,3
fish,vampire-crab,cost-to-own,commercial/fish/vampire-crab/cost-to-own.html,1568,704,54.66,3
fish,vampire-crab,first-time-owners,commercial/fish/vampire-crab/first-time-owners.html,1570,739,53.23,3
fish,vampire-crab,health-costs,commercial/fish/vampire-crab/health-costs.html,1548,689,55.08,3
fish,vampire-crab,comparison,commercial/fish/vampire-crab/vs-upside-down-catfish.html,1604,644,41.3,4
fish,vampire-crab,comparison,commercial/fish/vampire-crab/vs-watchman-goby.html,1613,649,42.24,4
fish,watchman-goby,best-enrichment,commercial/fish/watchman-goby/best-enrichment.html,1317,598,53.54,3
fish,watchman-goby,best-food,commercial/fish/watchman-goby/best-food.html,1319,635,53.99,8
fish,watchman-goby,best-habitat-size,commercial/fish/watchman-goby/best-habitat-size.html,1457,690,53.94,3
fish,watchman-goby,best-insurance,commercial/fish/watchman-goby/best-insurance.html,1402,618,55.69,3
fish,watchman-goby,cost-to-own,commercial/fish/watchman-goby/cost-to-own.html,1546,683,55.68,3
fish,watchman-goby,first-time-owners,commercial/fish/watchman-goby/first-time-owners.html,1548,716,55.02,3
fish,watchman-goby,health-costs,commercial/fish/watchman-goby/health-costs.html,1526,668,56.05,3
fish,watchman-goby,comparison,commercial/fish/watchman-goby/vs-vampire-crab.html,1615,651,42.73,4
fish,watchman-goby,comparison,commercial/fish/watchman-goby/vs-white-cloud.html,1682,611,42.44,4
fish,white-cloud,best-enrichment,commercial/fish/white-cloud/best-enrichment.html,1438,598,51.59,3
fish,white-cloud,best-food,commercial/fish/white-cloud/best-food.html,1434,635,52.54,8
fish,white-cloud,best-habitat-size,commercial/fish/white-cloud/best-habitat-size.html,1576,690,52.24,3
fish,white-cloud,best-insurance,commercial/fish/white-cloud/best-insurance.html,1513,618,54.16,3
fish,white-cloud,cost-to-own,commercial/fish/white-cloud/cost-to-own.html,1669,682,54.07,3
fish,white-cloud,first-time-owners,commercial/fish/white-cloud/first-time-owners.html,1667,715,53.43,3
fish,white-cloud,health-costs,commercial/fish/white-cloud/health-costs.html,1643,667,54.59,3
fish,white-cloud,comparison,commercial/fish/white-cloud/vs-watchman-goby.html,1696,609,43.67,4
fish,white-cloud,comparison,commercial/fish/white-cloud/vs-white-cloud-mountain-minnow.html,1800,645,44.35,4
fish,white-cloud-mountain-minnow,best-enrichment,commercial/fish/white-cloud-mountain-minnow/best-enrichment.html,1448,607,54.25,3
fish,white-cloud-mountain-minnow,best-food,commercial/fish/white-cloud-mountain-minnow/best-food.html,1442,645,55.33,8
fish,white-cloud-mountain-minnow,best-habitat-size,commercial/fish/white-cloud-mountain-minnow/best-habitat-size.html,1602,710,54.22,3
fish,white-cloud-mountain-minnow,best-insurance,commercial/fish/white-cloud-mountain-minnow/best-insurance.html,1520,627,57.07,3
fish,white-cloud-mountain-minnow,cost-to-own,commercial/fish/white-cloud-mountain-minnow/cost-to-own.html,1693,699,56.31,3
fish,white-cloud-mountain-minnow,first-time-owners,commercial/fish/white-cloud-mountain-minnow/first-time-owners.html,1692,737,55.23,3
fish,white-cloud-mountain-minnow,health-costs,commercial/fish/white-cloud-mountain-minnow/health-costs.html,1666,686,56.8,3
fish,white-cloud-mountain-minnow,comparison,commercial/fish/white-cloud-mountain-minnow/vs-white-cloud.html,1799,644,49.06,4
fish,white-cloud-mountain-minnow,comparison,commercial/fish/white-cloud-mountain-minnow/vs-wrasse.html,1668,647,46.18,4
fish,wrasse,best-enrichment,commercial/fish/wrasse/best-enrichment.html,1254,595,54.88,3
fish,wrasse,best-food,commercial/fish/wrasse/best-food.html,1259,633,55.42,8
fish,wrasse,best-habitat-size,commercial/fish/wrasse/best-habitat-size.html,1393,688,55.33,3
fish,wrasse,best-insurance,commercial/fish/wrasse/best-insurance.html,1344,615,57.3,3
fish,wrasse,cost-to-own,commercial/fish/wrasse/cost-to-own.html,1480,677,57.29,3
fish,wrasse,first-time-owners,commercial/fish/wrasse/first-time-owners.html,1484,714,55.61,3
fish,wrasse,health-costs,commercial/fish/wrasse/health-costs.html,1463,662,57.56,3
fish,wrasse,comparison,commercial/fish/wrasse/vs-white-cloud-mountain-minnow.html,1648,649,46.59,4
fish,wrasse,comparison,commercial/fish/wrasse/vs-yellow-tang.html,1541,605,42.43,4
fish,yellow-tang,best-enrichment,commercial/fish/yellow-tang/best-enrichment.html,1311,594,53.47,3
fish,yellow-tang,best-food,commercial/fish/yellow-tang/best-food.html,1313,632,54.08,8
fish,yellow-tang,best-habitat-size,commercial/fish/yellow-tang/best-habitat-size.html,1448,687,54.12,3
fish,yellow-tang,best-insurance,commercial/fish/yellow-tang/best-insurance.html,1396,614,55.78,3
fish,yellow-tang,cost-to-own,commercial/fish/yellow-tang/cost-to-own.html,1537,677,55.9,3
fish,yellow-tang,first-time-owners,commercial/fish/yellow-tang/first-time-owners.html,1539,713,54.76,3
fish,yellow-tang,health-costs,commercial/fish/yellow-tang/health-costs.html,1517,662,56.29,3
fish,yellow-tang,comparison,commercial/fish/yellow-tang/vs-wrasse.html,1545,603,43.15,4
fish,yellow-tang,comparison,commercial/fish/yellow-tang/vs-zebra-danio.html,1624,655,41.85,4
fish,zebra-danio,best-enrichment,commercial/fish/zebra-danio/best-enrichment.html,1321,603,52.94,3
fish,zebra-danio,best-food,commercial/fish/zebra-danio/best-food.html,1322,648,53.36,8
fish,zebra-danio,best-habitat-size,commercial/fish/zebra-danio/best-habitat-size.html,1500,717,52.62,3
fish,zebra-danio,best-insurance,commercial/fish/zebra-danio/best-insurance.html,1394,623,53.25,3
fish,zebra-danio,cost-to-own,commercial/fish/zebra-danio/cost-to-own.html,1587,708,54.56,3
fish,zebra-danio,first-time-owners,commercial/fish/zebra-danio/first-time-owners.html,1590,743,53.66,3
fish,zebra-danio,health-costs,commercial/fish/zebra-danio/health-costs.html,1561,689,52.25,3
fish,zebra-danio,comparison,commercial/fish/zebra-danio/vs-african-cichlid.html,1653,674,38.19,4
marine-fish,bangai-cardinal,best-enrichment,commercial/marine-fish/bangai-cardinal/best-enrichment.html,1342,606,51.54,3
marine-fish,bangai-cardinal,best-food,commercial/marine-fish/bangai-cardinal/best-food.html,1342,648,51.84,8
marine-fish,bangai-cardinal,best-habitat-size,commercial/marine-fish/bangai-cardinal/best-habitat-size.html,1521,712,47.52,3
marine-fish,bangai-cardinal,best-insurance,commercial/marine-fish/bangai-cardinal/best-insurance.html,1420,629,53.79,3
marine-fish,bangai-cardinal,cost-to-own,commercial/marine-fish/bangai-cardinal/cost-to-own.html,1606,710,47.43,3
marine-fish,bangai-cardinal,first-time-owners,commercial/marine-fish/bangai-cardinal/first-time-owners.html,1612,743,48.9,3
marine-fish,bangai-cardinal,health-costs,commercial/marine-fish/bangai-cardinal/health-costs.html,1573,693,52.14,3
marine-fish,bangai-cardinal,comparison,commercial/marine-fish/bangai-cardinal/vs-blue-damsel.html,1689,639,35.57,4
marine-fish,bangai-cardinal,comparison,commercial/marine-fish/bangai-cardinal/vs-blue-tang.html,1763,650,37.43,4
marine-fish,blue-damsel,best-enrichment,commercial/marine-fish/blue-damsel/best-enrichment.html,1349,603,51.53,3
marine-fish,blue-damsel,best-food,commercial/marine-fish/blue-damsel/best-food.html,1349,644,51.45,8
marine-fish,blue-damsel,best-habitat-size,commercial/marine-fish/blue-damsel/best-habitat-size.html,1522,709,48.27,3
marine-fish,blue-damsel,best-insurance,commercial/marine-fish/blue-damsel/best-insurance.html,1423,626,53.85,3
marine-fish,blue-damsel,cost-to-own,commercial/marine-fish/blue-damsel/cost-to-own.html,1607,707,48.35,3
marine-fish,blue-damsel,first-time-owners,commercial/marine-fish/blue-damsel/first-time-owners.html,1619,737,49.19,3
marine-fish,blue-damsel,health-costs,commercial/marine-fish/blue-damsel/health-costs.html,1574,689,52.9,3
marine-fish,blue-damsel,comparison,commercial/marine-fish/blue-damsel/vs-bangai-cardinal.html,1689,639,37.7,4
marine-fish,blue-damsel,comparison,commercial/marine-fish/blue-damsel/vs-blue-tang.html,1769,641,40.99,4
marine-fish,blue-tang,best-enrichment,commercial/marine-fish/blue-tang/best-enrichment.html,1458,604,49.99,3
marine-fish,blue-tang,best-food,commercial/marine-fish/blue-tang/best-food.html,1452,644,50.4,8
marine-fish,blue-tang,best-habitat-size,commercial/marine-fish/blue-tang/best-habitat-size.html,1629,709,47.35,3
marine-fish,blue-tang,best-insurance,commercial/marine-fish/blue-tang/best-insurance.html,1526,625,52.78,3
marine-fish,blue-tang,cost-to-own,commercial/marine-fish/blue-tang/cost-to-own.html,1718,708,47.82,3
marine-fish,blue-tang,first-time-owners,commercial/marine-fish/blue-tang/first-time-owners.html,1720,740,48.13,3
marine-fish,blue-tang,health-costs,commercial/marine-fish/blue-tang/health-costs.html,1679,689,51.95,3
marine-fish,blue-tang,comparison,commercial/marine-fish/blue-tang/vs-blue-damsel.html,1782,642,41.25,4
marine-fish,blue-tang,comparison,commercial/marine-fish/blue-tang/vs-cleaner-wrasse.html,1818,643,40.62,4
marine-fish,cleaner-wrasse,best-enrichment,commercial/marine-fish/cleaner-wrasse/best-enrichment.html,1400,604,50.75,3
marine-fish,cleaner-wrasse,best-food,commercial/marine-fish/cleaner-wrasse/best-food.html,1397,642,51.25,8
marine-fish,cleaner-wrasse,best-habitat-size,commercial/marine-fish/cleaner-wrasse/best-habitat-size.html,1577,706,48.19,3
marine-fish,cleaner-wrasse,best-insurance,commercial/marine-fish/cleaner-wrasse/best-insurance.html,1473,626,53.34,3
marine-fish,cleaner-wrasse,cost-to-own,commercial/marine-fish/cleaner-wrasse/cost-to-own.html,1664,706,48.83,3
marine-fish,cleaner-wrasse,first-time-owners,commercial/marine-fish/cleaner-wrasse/first-time-owners.html,1668,738,49.34,3
marine-fish,cleaner-wrasse,health-costs,commercial/marine-fish/cleaner-wrasse/health-costs.html,1628,691,52.54,3
marine-fish,cleaner-wrasse,comparison,commercial/marine-fish/cleaner-wrasse/vs-blue-tang.html,1812,644,43.47,4
marine-fish,cleaner-wrasse,comparison,commercial/marine-fish/cleaner-wrasse/vs-clownfish.html,1734,653,41.63,4
marine-fish,clownfish,best-enrichment,commercial/marine-fish/clownfish/best-enrichment.html,1339,607,52.16,3
marine-fish,clownfish,best-food,commercial/marine-fish/clownfish/best-food.html,1341,647,52.55,8
marine-fish,clownfish,best-habitat-size,commercial/marine-fish/clownfish/best-habitat-size.html,1522,715,49.86,3
marine-fish,clownfish,best-insurance,commercial/marine-fish/clownfish/best-insurance.html,1420,628,54.6,3
marine-fish,clownfish,cost-to-own,commercial/marine-fish/clownfish/cost-to-own.html,1609,712,50.52,3
marine-fish,clownfish,first-time-owners,commercial/marine-fish/clownfish/first-time-owners.html,1614,747,50.92,3
marine-fish,clownfish,health-costs,commercial/marine-fish/clownfish/health-costs.html,1577,693,53.69,3
marine-fish,clownfish,comparison,commercial/marine-fish/clownfish/vs-cleaner-wrasse.html,1726,651,42.68,4
marine-fish,clownfish,comparison,commercial/marine-fish/clownfish/vs-copperband-butterfly.html,1689,658,42.89,4
marine-fish,copperband-butterfly,best-enrichment,commercial/marine-fish/copperband-butterfly/best-enrichment.html,1340,605,52.19,3
marine-fish,copperband-butterfly,best-food,commercial/marine-fish/copperband-butterfly/best-food.html,1340,643,53,8
marine-fish,copperband-butterfly,best-habitat-size,commercial/marine-fish/copperband-butterfly/best-habitat-size.html,1524,715,50.11,3
marine-fish,copperband-butterfly,best-insurance,commercial/marine-fish/copperband-butterfly/best-insurance.html,1418,626,55.05,3
marine-fish,copperband-butterfly,cost-to-own,commercial/marine-fish/copperband-butterfly/cost-to-own.html,1609,712,51.15,3
marine-fish,copperband-butterfly,first-time-owners,commercial/marine-fish/copperband-butterfly/first-time-owners.html,1615,745,51.35,3
marine-fish,copperband-butterfly,health-costs,commercial/marine-fish/copperband-butterfly/health-costs.html,1576,695,53.97,3
marine-fish,copperband-butterfly,comparison,commercial/marine-fish/copperband-butterfly/vs-clownfish.html,1689,658,44.55,4
marine-fish,copperband-butterfly,comparison,commercial/marine-fish/copperband-butterfly/vs-coral-beauty.html,1730,652,42.25,4
marine-fish,coral-beauty,best-enrichment,commercial/marine-fish/coral-beauty/best-enrichment.html,1402,605,50.85,3
marine-fish,coral-beauty,best-food,commercial/marine-fish/coral-beauty/best-food.html,1397,644,51.84,8
marine-fish,coral-beauty,best-habitat-size,commercial/marine-fish/coral-beauty/best-habitat-size.html,1578,712,49.53,3
marine-fish,coral-beauty,best-insurance,commercial/marine-fish/coral-beauty/best-insurance.html,1472,626,54.12,3
marine-fish,coral-beauty,cost-to-own,commercial/marine-fish/coral-beauty/cost-to-own.html,1663,709,50.84,3
marine-fish,coral-beauty,first-time-owners,commercial/marine-fish/coral-beauty/first-time-owners.html,1668,742,50.78,3
marine-fish,coral-beauty,health-costs,commercial/marine-fish/coral-beauty/health-costs.html,1626,691,53.43,3
marine-fish,coral-beauty,comparison,commercial/marine-fish/coral-beauty/vs-copperband-butterfly.html,1736,652,43.08,4
marine-fish,coral-beauty,comparison,commercial/marine-fish/coral-beauty/vs-dottyback.html,1732,647,42.87,4
marine-fish,dottyback,best-enrichment,commercial/marine-fish/dottyback/best-enrichment.html,1342,606,53.03,3
marine-fish,dottyback,best-food,commercial/marine-fish/dottyback/best-food.html,1344,646,54.04,8
marine-fish,dottyback,best-habitat-size,commercial/marine-fish/dottyback/best-habitat-size.html,1524,712,52.13,3
marine-fish,dottyback,best-insurance,commercial/marine-fish/dottyback/best-insurance.html,1423,627,56.04,3
marine-fish,dottyback,cost-to-own,commercial/marine-fish/dottyback/cost-to-own.html,1611,711,53.5,3
marine-fish,dottyback,first-time-owners,commercial/marine-fish/dottyback/first-time-owners.html,1616,743,53.41,3
marine-fish,dottyback,health-costs,commercial/marine-fish/dottyback/health-costs.html,1579,693,55.49,3
marine-fish,dottyback,comparison,commercial/marine-fish/dottyback/vs-coral-beauty.html,1726,646,43.69,4
marine-fish,dottyback,comparison,commercial/marine-fish/dottyback/vs-emperor-angelfish.html,1684,648,44.21,4
marine-fish,emperor-angelfish,best-enrichment,commercial/marine-fish/emperor-angelfish/best-enrichment.html,1336,604,53.32,3
marine-fish,emperor-angelfish,best-food,commercial/marine-fish/emperor-angelfish/best-food.html,1338,643,54.1,8
marine-fish,emperor-angelfish,best-habitat-size,commercial/marine-fish/emperor-angelfish/best-habitat-size.html,1518,711,52.28,3
marine-fish,emperor-angelfish,best-insurance,commercial/marine-fish/emperor-angelfish/best-insurance.html,1417,625,56.05,3
marine-fish,emperor-angelfish,cost-to-own,commercial/marine-fish/emperor-angelfish/cost-to-own.html,1605,709,53.93,3
marine-fish,emperor-angelfish,first-time-owners,commercial/marine-fish/emperor-angelfish/first-time-owners.html,1610,742,53.7,3
marine-fish,emperor-angelfish,health-costs,commercial/marine-fish/emperor-angelfish/health-costs.html,1573,692,55.41,3
marine-fish,emperor-angelfish,comparison,commercial/marine-fish/emperor-angelfish/vs-dottyback.html,1683,648,45.22,4
marine-fish,emperor-angelfish,comparison,commercial/marine-fish/emperor-angelfish/vs-fairy-wrasse.html,1683,653,44.16,4
marine-fish,fairy-wrasse,best-enrichment,commercial/marine-fish/fairy-wrasse/best-enrichment.html,1342,603,53.24,3
marine-fish,fairy-wrasse,best-food,commercial/marine-fish/fairy-wrasse/best-food.html,1342,643,54.29,8
marine-fish,fairy-wrasse,best-habitat-size,commercial/marine-fish/fairy-wrasse/best-habitat-size.html,1522,711,52.99,3
marine-fish,fairy-wrasse,best-insurance,commercial/marine-fish/fairy-wrasse/best-insurance.html,1420,625,56.13,3
marine-fish,fairy-wrasse,cost-to-own,commercial/marine-fish/fairy-wrasse/cost-to-own.html,1607,708,54.83,3
marine-fish,fairy-wrasse,first-time-owners,commercial/marine-fish/fairy-wrasse/first-time-owners.html,1613,741,54.17,3
marine-fish,fairy-wrasse,health-costs,commercial/marine-fish/fairy-wrasse/health-costs.html,1574,690,55.85,3
marine-fish,fairy-wrasse,comparison,commercial/marine-fish/fairy-wrasse/vs-emperor-angelfish.html,1683,653,44.75,4
marine-fish,fairy-wrasse,comparison,commercial/marine-fish/fairy-wrasse/vs-firefish.html,1683,643,43.64,4
marine-fish,firefish,best-enrichment,commercial/marine-fish/firefish/best-enrichment.html,1344,605,53.71,3
marine-fish,firefish,best-food,commercial/marine-fish/firefish/best-food.html,1344,646,54.95,8
marine-fish,firefish,best-habitat-size,commercial/marine-fish/firefish/best-habitat-size.html,1524,712,54.1,3
marine-fish,firefish,best-insurance,commercial/marine-fish/firefish/best-insurance.html,1422,626,56.94,3
marine-fish,firefish,cost-to-own,commercial/marine-fish/firefish/cost-to-own.html,1609,710,56.1,3
marine-fish,firefish,first-time-owners,commercial/marine-fish/firefish/first-time-owners.html,1615,742,55.46,3
marine-fish,firefish,health-costs,commercial/marine-fish/firefish/health-costs.html,1576,692,57.05,3
marine-fish,firefish,comparison,commercial/marine-fish/firefish/vs-fairy-wrasse.html,1683,643,44.37,4
marine-fish,firefish,comparison,commercial/marine-fish/firefish/vs-flame-angelfish.html,1679,651,46.22,4
marine-fish,flame-angelfish,best-enrichment,commercial/marine-fish/flame-angelfish/best-enrichment.html,1334,603,54.09,3
marine-fish,flame-angelfish,best-food,commercial/marine-fish/flame-angelfish/best-food.html,1338,642,55.43,8
marine-fish,flame-angelfish,best-habitat-size,commercial/marine-fish/flame-angelfish/best-habitat-size.html,1514,712,54.3,3
marine-fish,flame-angelfish,best-insurance,commercial/marine-fish/flame-angelfish/best-insurance.html,1418,625,57.68,3
marine-fish,flame-angelfish,cost-to-own,commercial/marine-fish/flame-angelfish/cost-to-own.html,1603,709,56.35,3
marine-fish,flame-angelfish,first-time-owners,commercial/marine-fish/flame-angelfish/first-time-owners.html,1607,741,55.66,3
marine-fish,flame-angelfish,health-costs,commercial/marine-fish/flame-angelfish/health-costs.html,1572,691,57.38,3
marine-fish,flame-angelfish,comparison,commercial/marine-fish/flame-angelfish/vs-firefish.html,1679,650,46.66,4
marine-fish,flame-angelfish,comparison,commercial/marine-fish/flame-angelfish/vs-flame-hawkfish.html,1685,645,46.44,4
marine-fish,flame-hawkfish,best-enrichment,commercial/marine-fish/flame-hawkfish/best-enrichment.html,1343,604,53.83,3
marine-fish,flame-hawkfish,best-food,commercial/marine-fish/flame-hawkfish/best-food.html,1343,644,55.43,8
marine-fish,flame-hawkfish,best-habitat-size,commercial/marine-fish/flame-hawkfish/best-habitat-size.html,1529,712,54.05,3
marine-fish,flame-hawkfish,best-insurance,commercial/marine-fish/flame-hawkfish/best-insurance.html,1421,625,57.67,3
marine-fish,flame-hawkfish,cost-to-own,commercial/marine-fish/flame-hawkfish/cost-to-own.html,1614,710,56.17,3
marine-fish,flame-hawkfish,first-time-owners,commercial/marine-fish/flame-hawkfish/first-time-owners.html,1620,742,55.65,3
marine-fish,flame-hawkfish,health-costs,commercial/marine-fish/flame-hawkfish/health-costs.html,1581,692,57.29,3
marine-fish,flame-hawkfish,comparison,commercial/marine-fish/flame-hawkfish/vs-flame-angelfish.html,1685,645,47.66,4
marine-fish,flame-hawkfish,comparison,commercial/marine-fish/flame-hawkfish/vs-foxface-rabbitfish.html,1691,648,45.8,4
marine-fish,foxface-rabbitfish,best-enrichment,commercial/marine-fish/foxface-rabbitfish/best-enrichment.html,1341,605,53.54,3
marine-fish,foxface-rabbitfish,best-food,commercial/marine-fish/foxface-rabbitfish/best-food.html,1341,644,55.18,8
marine-fish,foxface-rabbitfish,best-habitat-size,commercial/marine-fish/foxface-rabbitfish/best-habitat-size.html,1523,715,53.87,3
marine-fish,foxface-rabbitfish,best-insurance,commercial/marine-fish/foxface-rabbitfish/best-insurance.html,1419,625,57.65,3
marine-fish,foxface-rabbitfish,cost-to-own,commercial/marine-fish/foxface-rabbitfish/cost-to-own.html,1608,711,56,3
marine-fish,foxface-rabbitfish,first-time-owners,commercial/marine-fish/foxface-rabbitfish/first-time-owners.html,1614,745,55.22,3
marine-fish,foxface-rabbitfish,health-costs,commercial/marine-fish/foxface-rabbitfish/health-costs.html,1575,693,57.15,3
marine-fish,foxface-rabbitfish,comparison,commercial/marine-fish/foxface-rabbitfish/vs-flame-hawkfish.html,1691,649,46.36,4
marine-fish,foxface-rabbitfish,comparison,commercial/marine-fish/foxface-rabbitfish/vs-green-chromis.html,1681,649,46.02,4
marine-fish,green-chromis,best-enrichment,commercial/marine-fish/green-chromis/best-enrichment.html,1341,604,54.08,3
marine-fish,green-chromis,best-food,commercial/marine-fish/green-chromis/best-food.html,1343,645,55.23,8
marine-fish,green-chromis,best-habitat-size,commercial/marine-fish/green-chromis/best-habitat-size.html,1519,710,54.51,3
marine-fish,green-chromis,best-insurance,commercial/marine-fish/green-chromis/best-insurance.html,1422,626,57.15,3
marine-fish,green-chromis,cost-to-own,commercial/marine-fish/green-chromis/cost-to-own.html,1606,708,56.44,3
marine-fish,green-chromis,first-time-owners,commercial/marine-fish/green-chromis/first-time-owners.html,1611,739,55.86,3
marine-fish,green-chromis,health-costs,commercial/marine-fish/green-chromis/health-costs.html,1574,690,57.34,3
marine-fish,green-chromis,comparison,commercial/marine-fish/green-chromis/vs-foxface-rabbitfish.html,1681,649,46.74,4
marine-fish,green-chromis,comparison,commercial/marine-fish/green-chromis/vs-hawkfish.html,1677,636,46.7,4
marine-fish,hawkfish,best-enrichment,commercial/marine-fish/hawkfish/best-enrichment.html,1342,606,54.74,3
marine-fish,hawkfish,best-food,commercial/marine-fish/hawkfish/best-food.html,1344,647,56.59,8
marine-fish,hawkfish,best-habitat-size,commercial/marine-fish/hawkfish/best-habitat-size.html,1522,714,55.5,3
marine-fish,hawkfish,best-insurance,commercial/marine-fish/hawkfish/best-insurance.html,1423,628,58.9,3
marine-fish,hawkfish,cost-to-own,commercial/marine-fish/hawkfish/cost-to-own.html,1609,712,57.5,3
marine-fish,hawkfish,first-time-owners,commercial/marine-fish/hawkfish/first-time-owners.html,1614,743,56.89,3
marine-fish,hawkfish,health-costs,commercial/marine-fish/hawkfish/health-costs.html,1577,694,58.59,3
marine-fish,hawkfish,comparison,commercial/marine-fish/hawkfish/vs-green-chromis.html,1679,638,47.41,4
marine-fish,hawkfish,comparison,commercial/marine-fish/hawkfish/vs-kole-tang.html,1766,649,46.64,4
marine-fish,kole-tang,best-enrichment,commercial/marine-fish/kole-tang/best-enrichment.html,1463,606,51.66,3
marine-fish,kole-tang,best-food,commercial/marine-fish/kole-tang/best-food.html,1455,646,53.77,8
marine-fish,kole-tang,best-habitat-size,commercial/marine-fish/kole-tang/best-habitat-size.html,1636,711,52.15,3
marine-fish,kole-tang,best-insurance,commercial/marine-fish/kole-tang/best-insurance.html,1528,627,56.45,3
marine-fish,kole-tang,cost-to-own,commercial/marine-fish/kole-tang/cost-to-own.html,1723,708,54.42,3
marine-fish,kole-tang,first-time-owners,commercial/marine-fish/kole-tang/first-time-owners.html,1726,741,53.64,3
marine-fish,kole-tang,health-costs,commercial/marine-fish/kole-tang/health-costs.html,1683,690,55.84,3
marine-fish,kole-tang,comparison,commercial/marine-fish/kole-tang/vs-hawkfish.html,1778,649,47.38,4
marine-fish,kole-tang,comparison,commercial/marine-fish/kole-tang/vs-mandarin-goby.html,1787,650,44.06,4
marine-fish,mandarin-goby,best-enrichment,commercial/marine-fish/mandarin-goby/best-enrichment.html,1343,608,53.24,3
marine-fish,mandarin-goby,best-food,commercial/marine-fish/mandarin-goby/best-food.html,1349,645,54.32,8
marine-fish,mandarin-goby,best-habitat-size,commercial/marine-fish/mandarin-goby/best-habitat-size.html,1528,712,53.33,3
marine-fish,mandarin-goby,best-insurance,commercial/marine-fish/mandarin-goby/best-insurance.html,1424,628,56.45,3
marine-fish,mandarin-goby,cost-to-own,commercial/marine-fish/mandarin-goby/cost-to-own.html,1611,712,55.4,3
marine-fish,mandarin-goby,first-time-owners,commercial/marine-fish/mandarin-goby/first-time-owners.html,1616,742,54.62,3
marine-fish,mandarin-goby,health-costs,commercial/marine-fish/mandarin-goby/health-costs.html,1579,694,56.3,3
marine-fish,mandarin-goby,comparison,commercial/marine-fish/mandarin-goby/vs-kole-tang.html,1775,650,44.99,4
marine-fish,mandarin-goby,comparison,commercial/marine-fish/mandarin-goby/vs-maroon-clownfish.html,1690,654,43.95,4
marine-fish,maroon-clownfish,best-enrichment,commercial/marine-fish/maroon-clownfish/best-enrichment.html,1338,604,53.89,3
marine-fish,maroon-clownfish,best-food,commercial/marine-fish/maroon-clownfish/best-food.html,1340,643,54.92,8
marine-fish,maroon-clownfish,best-habitat-size,commercial/marine-fish/maroon-clownfish/best-habitat-size.html,1518,713,54.33,3
marine-fish,maroon-clownfish,best-insurance,commercial/marine-fish/maroon-clownfish/best-insurance.html,1419,623,57.12,3
marine-fish,maroon-clownfish,cost-to-own,commercial/marine-fish/maroon-clownfish/cost-to-own.html,1605,709,56.18,3
marine-fish,maroon-clownfish,first-time-owners,commercial/marine-fish/maroon-clownfish/first-time-owners.html,1610,743,55.11,3
marine-fish,maroon-clownfish,health-costs,commercial/marine-fish/maroon-clownfish/health-costs.html,1573,691,57.05,3
marine-fish,maroon-clownfish,comparison,commercial/marine-fish/maroon-clownfish/vs-mandarin-goby.html,1688,652,44.71,4
marine-fish,maroon-clownfish,comparison,commercial/marine-fish/maroon-clownfish/vs-melanurus-wrasse.html,1682,652,44.44,4
marine-fish,melanurus-wrasse,best-enrichment,commercial/marine-fish/melanurus-wrasse/best-enrichment.html,1342,605,54.18,3
marine-fish,melanurus-wrasse,best-food,commercial/marine-fish/melanurus-wrasse/best-food.html,1344,647,55.23,8
marine-fish,melanurus-wrasse,best-habitat-size,commercial/marine-fish/melanurus-wrasse/best-habitat-size.html,1525,715,54.35,3
marine-fish,melanurus-wrasse,best-insurance,commercial/marine-fish/melanurus-wrasse/best-insurance.html,1423,628,57.57,3
marine-fish,melanurus-wrasse,cost-to-own,commercial/marine-fish/melanurus-wrasse/cost-to-own.html,1612,714,56.45,3
marine-fish,melanurus-wrasse,first-time-owners,commercial/marine-fish/melanurus-wrasse/first-time-owners.html,1617,745,55.7,3
marine-fish,melanurus-wrasse,health-costs,commercial/marine-fish/melanurus-wrasse/health-costs.html,1580,696,57.49,3
marine-fish,melanurus-wrasse,comparison,commercial/marine-fish/melanurus-wrasse/vs-maroon-clownfish.html,1683,653,44.86,4
marine-fish,melanurus-wrasse,comparison,commercial/marine-fish/melanurus-wrasse/vs-powder-blue-tang.html,1724,650,42.78,4
marine-fish,powder-blue-tang,best-enrichment,commercial/marine-fish/powder-blue-tang/best-enrichment.html,1397,604,51.81,3
marine-fish,powder-blue-tang,best-food,commercial/marine-fish/powder-blue-tang/best-food.html,1396,642,52.88,8
marine-fish,powder-blue-tang,best-habitat-size,commercial/marine-fish/powder-blue-tang/best-habitat-size.html,1574,710,51.9,3
marine-fish,powder-blue-tang,best-insurance,commercial/marine-fish/powder-blue-tang/best-insurance.html,1473,624,55.01,3
marine-fish,powder-blue-tang,cost-to-own,commercial/marine-fish/powder-blue-tang/cost-to-own.html,1663,710,53.86,3
marine-fish,powder-blue-tang,first-time-owners,commercial/marine-fish/powder-blue-tang/first-time-owners.html,1666,742,53.17,3
marine-fish,powder-blue-tang,health-costs,commercial/marine-fish/powder-blue-tang/health-costs.html,1628,691,54.97,3
marine-fish,powder-blue-tang,comparison,commercial/marine-fish/powder-blue-tang/vs-melanurus-wrasse.html,1730,650,43.66,4
marine-fish,powder-blue-tang,comparison,commercial/marine-fish/powder-blue-tang/vs-royal-gramma.html,1743,649,43.59,4
marine-fish,royal-gramma,best-enrichment,commercial/marine-fish/royal-gramma/best-enrichment.html,1354,608,53.51,3
marine-fish,royal-gramma,best-food,commercial/marine-fish/royal-gramma/best-food.html,1350,649,54.88,8
marine-fish,royal-gramma,best-habitat-size,commercial/marine-fish/royal-gramma/best-habitat-size.html,1532,713,54.34,3
marine-fish,royal-gramma,best-insurance,commercial/marine-fish/royal-gramma/best-insurance.html,1422,630,57.21,3
marine-fish,royal-gramma,cost-to-own,commercial/marine-fish/royal-gramma/cost-to-own.html,1613,711,56.25,3
marine-fish,royal-gramma,first-time-owners,commercial/marine-fish/royal-gramma/first-time-owners.html,1627,743,55.18,3
marine-fish,royal-gramma,health-costs,commercial/marine-fish/royal-gramma/health-costs.html,1578,694,57.21,3
marine-fish,royal-gramma,comparison,commercial/marine-fish/royal-gramma/vs-powder-blue-tang.html,1737,649,44.44,4
marine-fish,royal-gramma,comparison,commercial/marine-fish/royal-gramma/vs-six-line-wrasse.html,1694,634,45.21,4
marine-fish,six-line-wrasse,best-enrichment,commercial/marine-fish/six-line-wrasse/best-enrichment.html,1341,604,55.03,3
marine-fish,six-line-wrasse,best-food,commercial/marine-fish/six-line-wrasse/best-food.html,1343,646,56.26,8
marine-fish,six-line-wrasse,best-habitat-size,commercial/marine-fish/six-line-wrasse/best-habitat-size.html,1519,711,55.72,3
marine-fish,six-line-wrasse,best-insurance,commercial/marine-fish/six-line-wrasse/best-insurance.html,1422,627,57.87,3
marine-fish,six-line-wrasse,cost-to-own,commercial/marine-fish/six-line-wrasse/cost-to-own.html,1606,710,57.37,3
marine-fish,six-line-wrasse,first-time-owners,commercial/marine-fish/six-line-wrasse/first-time-owners.html,1611,740,56.91,3
marine-fish,six-line-wrasse,health-costs,commercial/marine-fish/six-line-wrasse/health-costs.html,1574,692,58.09,3
marine-fish,six-line-wrasse,comparison,commercial/marine-fish/six-line-wrasse/vs-royal-gramma.html,1694,634,46.07,4
marine-fish,six-line-wrasse,comparison,commercial/marine-fish/six-line-wrasse/vs-watchman-goby.html,1715,632,45.03,4
marine-fish,watchman-goby,best-enrichment,commercial/marine-fish/watchman-goby/best-enrichment.html,1399,603,52.41,3
marine-fish,watchman-goby,best-food,commercial/marine-fish/watchman-goby/best-food.html,1398,644,53.51,8
marine-fish,watchman-goby,best-habitat-size,commercial/marine-fish/watchman-goby/best-habitat-size.html,1572,708,52.96,3
marine-fish,watchman-goby,best-insurance,commercial/marine-fish/watchman-goby/best-insurance.html,1475,624,55.79,3
marine-fish,watchman-goby,cost-to-own,commercial/marine-fish/watchman-goby/cost-to-own.html,1661,706,54.99,3
marine-fish,watchman-goby,first-time-owners,commercial/marine-fish/watchman-goby/first-time-owners.html,1664,738,54.54,3
marine-fish,watchman-goby,health-costs,commercial/marine-fish/watchman-goby/health-costs.html,1626,688,56.23,3
marine-fish,watchman-goby,comparison,commercial/marine-fish/watchman-goby/vs-six-line-wrasse.html,1721,631,45.85,4
marine-fish,watchman-goby,comparison,commercial/marine-fish/watchman-goby/vs-yellow-tang.html,1723,646,45.12,4
marine-fish,yellow-tang,best-enrichment,commercial/marine-fish/yellow-tang/best-enrichment.html,1334,602,54.34,3
marine-fish,yellow-tang,best-food,commercial/marine-fish/yellow-tang/best-food.html,1336,642,55.16,8
marine-fish,yellow-tang,best-habitat-size,commercial/marine-fish/yellow-tang/best-habitat-size.html,1514,710,54.39,3
marine-fish,yellow-tang,best-insurance,commercial/marine-fish/yellow-tang/best-insurance.html,1415,623,57.26,3
marine-fish,yellow-tang,cost-to-own,commercial/marine-fish/yellow-tang/cost-to-own.html,1601,706,56.26,3
marine-fish,yellow-tang,first-time-owners,commercial/marine-fish/yellow-tang/first-time-owners.html,1606,740,55.65,3
marine-fish,yellow-tang,health-costs,commercial/marine-fish/yellow-tang/health-costs.html,1569,688,57.21,3
marine-fish,yellow-tang,comparison,commercial/marine-fish/yellow-tang/vs-bangai-cardinal.html,1675,648,43.39,4
reptiles,ackie-monitor,best-enrichment,commercial/reptiles/ackie-monitor/best-enrichment.html,1340,605,38.77,3
reptiles,ackie-monitor,best-food,commercial/reptiles/ackie-monitor/best-food.html,1343,634,38.91,8
reptiles,ackie-monitor,best-habitat-size,commercial/reptiles/ackie-monitor/best-habitat-size.html,1496,698,36.64,3
reptiles,ackie-monitor,best-insurance,commercial/reptiles/ackie-monitor/best-insurance.html,1412,618,52.14,3
reptiles,ackie-monitor,cost-to-own,commercial/reptiles/ackie-monitor/cost-to-own.html,1567,688,42.63,3
reptiles,ackie-monitor,first-time-owners,commercial/reptiles/ackie-monitor/first-time-owners.html,1574,721,45.18,3
reptiles,ackie-monitor,health-costs,commercial/reptiles/ackie-monitor/health-costs.html,1545,668,50.57,3
reptiles,ackie-monitor,comparison,commercial/reptiles/ackie-monitor/vs-african-clawed-frog.html,1671,628,32.73,4
reptiles,ackie-monitor,comparison,commercial/reptiles/ackie-monitor/vs-african-dwarf-frog.html,1671,632,36.33,4
reptiles,african-clawed-frog,best-enrichment,commercial/reptiles/african-clawed-frog/best-enrichment.html,1401,606,39.28,3
reptiles,african-clawed-frog,best-food,commercial/reptiles/african-clawed-frog/best-food.html,1402,635,39.5,8
reptiles,african-clawed-frog,best-habitat-size,commercial/reptiles/african-clawed-frog/best-habitat-size.html,1557,696,37.5,3
reptiles,african-clawed-frog,best-insurance,commercial/reptiles/african-clawed-frog/best-insurance.html,1468,619,51.29,3
reptiles,african-clawed-frog,cost-to-own,commercial/reptiles/african-clawed-frog/cost-to-own.html,1630,685,42.96,3
reptiles,african-clawed-frog,first-time-owners,commercial/reptiles/african-clawed-frog/first-time-owners.html,1635,723,45.35,3
reptiles,african-clawed-frog,health-costs,commercial/reptiles/african-clawed-frog/health-costs.html,1605,667,50.11,3
reptiles,african-clawed-frog,comparison,commercial/reptiles/african-clawed-frog/vs-ackie-monitor.html,1677,628,35.36,4
reptiles,african-clawed-frog,comparison,commercial/reptiles/african-clawed-frog/vs-african-dwarf-frog.html,1721,617,40.2,4
reptiles,african-dwarf-frog,best-enrichment,commercial/reptiles/african-dwarf-frog/best-enrichment.html,1401,601,41.47,3
reptiles,african-dwarf-frog,best-food,commercial/reptiles/african-dwarf-frog/best-food.html,1402,635,41.57,8
reptiles,african-dwarf-frog,best-habitat-size,commercial/reptiles/african-dwarf-frog/best-habitat-size.html,1557,696,39.8,3
reptiles,african-dwarf-frog,best-insurance,commercial/reptiles/african-dwarf-frog/best-insurance.html,1468,619,52.46,3
reptiles,african-dwarf-frog,cost-to-own,commercial/reptiles/african-dwarf-frog/cost-to-own.html,1630,686,44.91,3
reptiles,african-dwarf-frog,first-time-owners,commercial/reptiles/african-dwarf-frog/first-time-owners.html,1635,724,47.09,3
reptiles,african-dwarf-frog,health-costs,commercial/reptiles/african-dwarf-frog/health-costs.html,1605,669,51.44,3
reptiles,african-dwarf-frog,comparison,commercial/reptiles/african-dwarf-frog/vs-african-clawed-frog.html,1722,617,41.17,4
reptiles,african-dwarf-frog,comparison,commercial/reptiles/african-dwarf-frog/vs-african-fat-tailed-gecko.html,1722,657,39.73,4
reptiles,african-fat-tailed-gecko,best-enrichment,commercial/reptiles/african-fat-tailed-gecko/best-enrichment.html,1395,613,42.3,3
reptiles,african-fat-tailed-gecko,best-food,commercial/reptiles/african-fat-tailed-gecko/best-food.html,1396,644,42.37,8
reptiles,african-fat-tailed-gecko,best-habitat-size,commercial/reptiles/african-fat-tailed-gecko/best-habitat-size.html,1551,712,41,3
reptiles,african-fat-tailed-gecko,best-insurance,commercial/reptiles/african-fat-tailed-gecko/best-insurance.html,1462,626,52.58,3
reptiles,african-fat-tailed-gecko,cost-to-own,commercial/reptiles/african-fat-tailed-gecko/cost-to-own.html,1624,705,45.69,3
reptiles,african-fat-tailed-gecko,first-time-owners,commercial/reptiles/african-fat-tailed-gecko/first-time-owners.html,1629,740,46.8,3
reptiles,african-fat-tailed-gecko,health-costs,commercial/reptiles/african-fat-tailed-gecko/health-costs.html,1599,686,51.54,3
reptiles,african-fat-tailed-gecko,comparison,commercial/reptiles/african-fat-tailed-gecko/vs-african-dwarf-frog.html,1722,660,43.23,4
reptiles,african-fat-tailed-gecko,comparison,commercial/reptiles/african-fat-tailed-gecko/vs-amazon-tree-boa.html,1691,652,39.39,4
reptiles,amazon-tree-boa,best-enrichment,commercial/reptiles/amazon-tree-boa/best-enrichment.html,1382,603,43.01,3
reptiles,amazon-tree-boa,best-food,commercial/reptiles/amazon-tree-boa/best-food.html,1381,636,43.26,8
reptiles,amazon-tree-boa,best-habitat-size,commercial/reptiles/amazon-tree-boa/best-habitat-size.html,1509,689,42.49,3
reptiles,amazon-tree-boa,best-insurance,commercial/reptiles/amazon-tree-boa/best-insurance.html,1449,624,52.53,3
reptiles,amazon-tree-boa,cost-to-own,commercial/reptiles/amazon-tree-boa/cost-to-own.html,1584,679,46.69,3
reptiles,amazon-tree-boa,first-time-owners,commercial/reptiles/amazon-tree-boa/first-time-owners.html,1589,716,47.55,3
reptiles,amazon-tree-boa,health-costs,commercial/reptiles/amazon-tree-boa/health-costs.html,1559,662,52.11,3
reptiles,amazon-tree-boa,comparison,commercial/reptiles/amazon-tree-boa/vs-african-fat-tailed-gecko.html,1690,652,40.32,4
reptiles,amazon-tree-boa,comparison,commercial/reptiles/amazon-tree-boa/vs-american-bullfrog.html,1644,635,40.31,4
reptiles,american-bullfrog,best-enrichment,commercial/reptiles/american-bullfrog/best-enrichment.html,1336,602,45.29,3
reptiles,american-bullfrog,best-food,commercial/reptiles/american-bullfrog/best-food.html,1339,634,45.42,8
reptiles,american-bullfrog,best-habitat-size,commercial/reptiles/american-bullfrog/best-habitat-size.html,1490,698,44.66,3
reptiles,american-bullfrog,best-insurance,commercial/reptiles/american-bullfrog/best-insurance.html,1408,617,53.67,3
reptiles,american-bullfrog,cost-to-own,commercial/reptiles/american-bullfrog/cost-to-own.html,1561,688,48.58,3
reptiles,american-bullfrog,first-time-owners,commercial/reptiles/american-bullfrog/first-time-owners.html,1568,724,49.23,3
reptiles,american-bullfrog,health-costs,commercial/reptiles/american-bullfrog/health-costs.html,1539,669,53.2,3
reptiles,american-bullfrog,comparison,commercial/reptiles/american-bullfrog/vs-amazon-tree-boa.html,1636,632,41.43,4
reptiles,american-bullfrog,comparison,commercial/reptiles/american-bullfrog/vs-anole.html,1592,667,41.34,4
reptiles,anole,best-enrichment,commercial/reptiles/anole/best-enrichment.html,1277,612,48.19,3
reptiles,anole,best-food,commercial/reptiles/anole/best-food.html,1280,641,48.17,8
reptiles,anole,best-habitat-size,commercial/reptiles/anole/best-habitat-size.html,1444,715,47.03,3
reptiles,anole,best-insurance,commercial/reptiles/anole/best-insurance.html,1351,628,55.61,3
reptiles,anole,cost-to-own,commercial/reptiles/anole/cost-to-own.html,1511,708,50.79,3
reptiles,anole,first-time-owners,commercial/reptiles/anole/first-time-owners.html,1521,747,51.15,3
reptiles,anole,health-costs,commercial/reptiles/anole/health-costs.html,1491,692,54.68,3
reptiles,anole,comparison,commercial/reptiles/anole/vs-american-bullfrog.html,1585,666,42.17,4
reptiles,anole,comparison,commercial/reptiles/anole/vs-armadillo-lizard.html,1621,686,39.86,4
reptiles,armadillo-lizard,best-enrichment,commercial/reptiles/armadillo-lizard/best-enrichment.html,1341,611,48.04,3
reptiles,armadillo-lizard,best-food,commercial/reptiles/armadillo-lizard/best-food.html,1348,648,47.45,8
reptiles,armadillo-lizard,best-habitat-size,commercial/reptiles/armadillo-lizard/best-habitat-size.html,1531,728,46.91,3
reptiles,armadillo-lizard,best-insurance,commercial/reptiles/armadillo-lizard/best-insurance.html,1421,625,50.43,3
reptiles,armadillo-lizard,cost-to-own,commercial/reptiles/armadillo-lizard/cost-to-own.html,1598,714,50.14,3
reptiles,armadillo-lizard,first-time-owners,commercial/reptiles/armadillo-lizard/first-time-owners.html,1606,753,50.19,3
reptiles,armadillo-lizard,health-costs,commercial/reptiles/armadillo-lizard/health-costs.html,1596,691,49.22,3
reptiles,armadillo-lizard,comparison,commercial/reptiles/armadillo-lizard/vs-anole.html,1625,683,41,4
reptiles,armadillo-lizard,comparison,commercial/reptiles/armadillo-lizard/vs-axolotl.html,1611,663,41.86,4
reptiles,axolotl,best-enrichment,commercial/reptiles/axolotl/best-enrichment.html,1275,601,51.72,3
reptiles,axolotl,best-food,commercial/reptiles/axolotl/best-food.html,1280,634,51.77,8
reptiles,axolotl,best-habitat-size,commercial/reptiles/axolotl/best-habitat-size.html,1430,695,51.41,3
reptiles,axolotl,best-insurance,commercial/reptiles/axolotl/best-insurance.html,1352,617,56.37,3
reptiles,axolotl,cost-to-own,commercial/reptiles/axolotl/cost-to-own.html,1499,683,54.24,3
reptiles,axolotl,first-time-owners,commercial/reptiles/axolotl/first-time-owners.html,1508,720,54.07,3
reptiles,axolotl,health-costs,commercial/reptiles/axolotl/health-costs.html,1480,666,56.26,3
reptiles,axolotl,comparison,commercial/reptiles/axolotl/vs-armadillo-lizard.html,1607,665,42.8,4
reptiles,axolotl,comparison,commercial/reptiles/axolotl/vs-ball-python.html,1591,653,42.07,4
reptiles,ball-python,best-enrichment,commercial/reptiles/ball-python/best-enrichment.html,1342,607,51.14,3
reptiles,ball-python,best-food,commercial/reptiles/ball-python/best-food.html,1347,640,51.1,8
reptiles,ball-python,best-habitat-size,commercial/reptiles/ball-python/best-habitat-size.html,1514,710,50.86,3
reptiles,ball-python,best-insurance,commercial/reptiles/ball-python/best-insurance.html,1414,626,54.73,3
reptiles,ball-python,cost-to-own,commercial/reptiles/ball-python/cost-to-own.html,1583,703,53.23,3
reptiles,ball-python,first-time-owners,commercial/reptiles/ball-python/first-time-owners.html,1590,736,52.85,3
reptiles,ball-python,health-costs,commercial/reptiles/ball-python/health-costs.html,1561,685,54.63,3
reptiles,ball-python,comparison,commercial/reptiles/ball-python/vs-axolotl.html,1597,653,43.21,4
reptiles,ball-python,comparison,commercial/reptiles/ball-python/vs-bearded-dragon.html,1651,663,41.24,4
reptiles,bearded-dragon,best-enrichment,commercial/reptiles/bearded-dragon/best-enrichment.html,1338,610,52.3,3
reptiles,bearded-dragon,best-food,commercial/reptiles/bearded-dragon/best-food.html,1343,645,52.38,8
reptiles,bearded-dragon,best-habitat-size,commercial/reptiles/bearded-dragon/best-habitat-size.html,1501,713,52.53,3
reptiles,bearded-dragon,best-insurance,commercial/reptiles/bearded-dragon/best-insurance.html,1410,629,55.36,3
reptiles,bearded-dragon,cost-to-own,commercial/reptiles/bearded-dragon/cost-to-own.html,1570,703,54.54,3
reptiles,bearded-dragon,first-time-owners,commercial/reptiles/bearded-dragon/first-time-owners.html,1577,741,53.22,3
reptiles,bearded-dragon,health-costs,commercial/reptiles/bearded-dragon/health-costs.html,1548,688,55.37,3
reptiles,bearded-dragon,comparison,commercial/reptiles/bearded-dragon/vs-ball-python.html,1653,665,42.39,4
reptiles,bearded-dragon,comparison,commercial/reptiles/bearded-dragon/vs-black-throat-monitor.html,1691,659,40.17,4
reptiles,black-throat-monitor,best-enrichment,commercial/reptiles/black-throat-monitor/best-enrichment.html,1408,606,50.62,3
reptiles,black-throat-monitor,best-food,commercial/reptiles/black-throat-monitor/best-food.html,1407,633,50.75,8
reptiles,black-throat-monitor,best-habitat-size,commercial/reptiles/black-throat-monitor/best-habitat-size.html,1570,699,51.08,3
reptiles,black-throat-monitor,best-insurance,commercial/reptiles/black-throat-monitor/best-insurance.html,1469,618,53.79,3
reptiles,black-throat-monitor,cost-to-own,commercial/reptiles/black-throat-monitor/cost-to-own.html,1637,690,53.15,3
reptiles,black-throat-monitor,first-time-owners,commercial/reptiles/black-throat-monitor/first-time-owners.html,1644,724,51.74,3
reptiles,black-throat-monitor,health-costs,commercial/reptiles/black-throat-monitor/health-costs.html,1610,670,54.12,3
reptiles,black-throat-monitor,comparison,commercial/reptiles/black-throat-monitor/vs-bearded-dragon.html,1697,659,40.87,4
reptiles,black-throat-monitor,comparison,commercial/reptiles/black-throat-monitor/vs-blood-python.html,1697,627,41.1,4
reptiles,blood-python,best-enrichment,commercial/reptiles/blood-python/best-enrichment.html,1348,607,52.83,3
reptiles,blood-python,best-food,commercial/reptiles/blood-python/best-food.html,1349,635,52.95,8
reptiles,blood-python,best-habitat-size,commercial/reptiles/blood-python/best-habitat-size.html,1499,697,53.39,3
reptiles,blood-python,best-insurance,commercial/reptiles/blood-python/best-insurance.html,1413,619,56.06,3
reptiles,blood-python,cost-to-own,commercial/reptiles/blood-python/cost-to-own.html,1568,687,55.43,3
reptiles,blood-python,first-time-owners,commercial/reptiles/blood-python/first-time-owners.html,1582,721,54.18,3
reptiles,blood-python,health-costs,commercial/reptiles/blood-python/health-costs.html,1545,667,56.24,3
reptiles,blood-python,comparison,commercial/reptiles/blood-python/vs-black-throat-monitor.html,1692,628,41.96,4
reptiles,blood-python,comparison,commercial/reptiles/blood-python/vs-blue-tongue-skink.html,1687,659,41.3,4
reptiles,blue-tongue-skink,best-enrichment,commercial/reptiles/blue-tongue-skink/best-enrichment.html,1395,610,51.18,3
reptiles,blue-tongue-skink,best-food,commercial/reptiles/blue-tongue-skink/best-food.html,1396,641,51.45,8
reptiles,blue-tongue-skink,best-habitat-size,commercial/reptiles/blue-tongue-skink/best-habitat-size.html,1558,713,51.31,3
reptiles,blue-tongue-skink,best-insurance,commercial/reptiles/blue-tongue-skink/best-insurance.html,1462,627,54.17,3
reptiles,blue-tongue-skink,cost-to-own,commercial/reptiles/blue-tongue-skink/cost-to-own.html,1631,706,53.29,3
reptiles,blue-tongue-skink,first-time-owners,commercial/reptiles/blue-tongue-skink/first-time-owners.html,1636,738,52.5,3
reptiles,blue-tongue-skink,health-costs,commercial/reptiles/blue-tongue-skink/health-costs.html,1606,691,54.17,3
reptiles,blue-tongue-skink,comparison,commercial/reptiles/blue-tongue-skink/vs-blood-python.html,1692,658,41.93,4
reptiles,blue-tongue-skink,comparison,commercial/reptiles/blue-tongue-skink/vs-boa-constrictor.html,1711,666,40.51,4
reptiles,boa-constrictor,best-enrichment,commercial/reptiles/boa-constrictor/best-enrichment.html,1345,611,52.4,3
reptiles,boa-constrictor,best-food,commercial/reptiles/boa-constrictor/best-food.html,1352,645,52.48,8
reptiles,boa-constrictor,best-habitat-size,commercial/reptiles/boa-constrictor/best-habitat-size.html,1519,711,52.31,3
reptiles,boa-constrictor,best-insurance,commercial/reptiles/boa-constrictor/best-insurance.html,1415,630,55.38,3
reptiles,boa-constrictor,cost-to-own,commercial/reptiles/boa-constrictor/cost-to-own.html,1586,705,54.34,3
reptiles,boa-constrictor,first-time-owners,commercial/reptiles/boa-constrictor/first-time-owners.html,1596,742,53.27,3
reptiles,boa-constrictor,health-costs,commercial/reptiles/boa-constrictor/health-costs.html,1564,687,55.14,3
reptiles,boa-constrictor,comparison,commercial/reptiles/boa-constrictor/vs-blue-tongue-skink.html,1705,666,41.3,4
reptiles,boa-constrictor,comparison,commercial/reptiles/boa-constrictor/vs-box-turtle.html,1658,659,40.26,4
reptiles,box-turtle,best-enrichment,commercial/reptiles/box-turtle/best-enrichment.html,1341,605,52.73,3
reptiles,box-turtle,best-food,commercial/reptiles/box-turtle/best-food.html,1344,635,52.63,8
reptiles,box-turtle,best-habitat-size,commercial/reptiles/box-turtle/best-habitat-size.html,1501,704,52.83,3
reptiles,box-turtle,best-insurance,commercial/reptiles/box-turtle/best-insurance.html,1413,619,55.42,3
reptiles,box-turtle,cost-to-own,commercial/reptiles/box-turtle/cost-to-own.html,1572,690,54.8,3
reptiles,box-turtle,first-time-owners,commercial/reptiles/box-turtle/first-time-owners.html,1579,726,53.8,3
reptiles,box-turtle,health-costs,commercial/reptiles/box-turtle/health-costs.html,1550,672,55.53,3
reptiles,box-turtle,comparison,commercial/reptiles/box-turtle/vs-boa-constrictor.html,1658,659,41.23,4
reptiles,box-turtle,comparison,commercial/reptiles/box-turtle/vs-brazilian-rainbow-boa.html,1674,628,40.93,4
reptiles,brazilian-rainbow-boa,best-enrichment,commercial/reptiles/brazilian-rainbow-boa/best-enrichment.html,1402,605,51.45,3
reptiles,brazilian-rainbow-boa,best-food,commercial/reptiles/brazilian-rainbow-boa/best-food.html,1403,635,51.59,8
reptiles,brazilian-rainbow-boa,best-habitat-size,commercial/reptiles/brazilian-rainbow-boa/best-habitat-size.html,1552,698,51.99,3
reptiles,brazilian-rainbow-boa,best-insurance,commercial/reptiles/brazilian-rainbow-boa/best-insurance.html,1467,619,54.81,3
reptiles,brazilian-rainbow-boa,cost-to-own,commercial/reptiles/brazilian-rainbow-boa/cost-to-own.html,1625,687,54,3
reptiles,brazilian-rainbow-boa,first-time-owners,commercial/reptiles/brazilian-rainbow-boa/first-time-owners.html,1633,720,52.87,3
reptiles,brazilian-rainbow-boa,health-costs,commercial/reptiles/brazilian-rainbow-boa/health-costs.html,1600,667,54.96,3
reptiles,brazilian-rainbow-boa,comparison,commercial/reptiles/brazilian-rainbow-boa/vs-box-turtle.html,1682,629,41.83,4
reptiles,brazilian-rainbow-boa,comparison,commercial/reptiles/brazilian-rainbow-boa/vs-bull-snake.html,1832,675,38.59,4
reptiles,bull-snake,best-enrichment,commercial/reptiles/bull-snake/best-enrichment.html,1476,623,49.47,3
reptiles,bull-snake,best-food,commercial/reptiles/bull-snake/best-food.html,1483,659,49.13,8
reptiles,bull-snake,best-habitat-size,commercial/reptiles/bull-snake/best-habitat-size.html,1676,740,49.31,3
reptiles,bull-snake,best-insurance,commercial/reptiles/bull-snake/best-insurance.html,1535,636,49.86,3
reptiles,bull-snake,cost-to-own,commercial/reptiles/bull-snake/cost-to-own.html,1737,725,51.48,3
reptiles,bull-snake,first-time-owners,commercial/reptiles/bull-snake/first-time-owners.html,1751,765,49.95,3
reptiles,bull-snake,health-costs,commercial/reptiles/bull-snake/health-costs.html,1720,705,49.04,3
reptiles,bull-snake,comparison,commercial/reptiles/bull-snake/vs-brazilian-rainbow-boa.html,1837,673,39.41,4
reptiles,bull-snake,comparison,commercial/reptiles/bull-snake/vs-burmese-python.html,1811,680,39.12,4
reptiles,burmese-python,best-enrichment,commercial/reptiles/burmese-python/best-enrichment.html,1351,606,52.68,3
reptiles,burmese-python,best-food,commercial/reptiles/burmese-python/best-food.html,1354,635,52.95,8
reptiles,burmese-python,best-habitat-size,commercial/reptiles/burmese-python/best-habitat-size.html,1509,701,53.15,3
reptiles,burmese-python,best-insurance,commercial/reptiles/burmese-python/best-insurance.html,1416,620,56.08,3
reptiles,burmese-python,cost-to-own,commercial/reptiles/burmese-python/cost-to-own.html,1576,690,55.29,3
reptiles,burmese-python,first-time-owners,commercial/reptiles/burmese-python/first-time-owners.html,1590,725,53.7,3
reptiles,burmese-python,health-costs,commercial/reptiles/burmese-python/health-costs.html,1553,669,56.11,3
reptiles,burmese-python,comparison,commercial/reptiles/burmese-python/vs-bull-snake.html,1799,681,39.93,4
reptiles,burmese-python,comparison,commercial/reptiles/burmese-python/vs-california-kingsnake.html,1616,631,40.14,4
reptiles,california-kingsnake,best-enrichment,commercial/reptiles/california-kingsnake/best-enrichment.html,1321,600,52.14,3
reptiles,california-kingsnake,best-food,commercial/reptiles/california-kingsnake/best-food.html,1322,633,52.34,8
reptiles,california-kingsnake,best-habitat-size,commercial/reptiles/california-kingsnake/best-habitat-size.html,1450,687,52.95,3
reptiles,california-kingsnake,best-insurance,commercial/reptiles/california-kingsnake/best-insurance.html,1393,621,55.38,3
reptiles,california-kingsnake,cost-to-own,commercial/reptiles/california-kingsnake/cost-to-own.html,1523,676,54.88,3
reptiles,california-kingsnake,first-time-owners,commercial/reptiles/california-kingsnake/first-time-owners.html,1530,712,53.5,3
reptiles,california-kingsnake,health-costs,commercial/reptiles/california-kingsnake/health-costs.html,1501,659,55.8,3
reptiles,california-kingsnake,comparison,commercial/reptiles/california-kingsnake/vs-burmese-python.html,1614,629,40.88,4
reptiles,california-kingsnake,comparison,commercial/reptiles/california-kingsnake/vs-carpet-python.html,1595,625,41.45,4
reptiles,carpet-python,best-enrichment,commercial/reptiles/carpet-python/best-enrichment.html,1337,604,53.26,3
reptiles,carpet-python,best-food,commercial/reptiles/carpet-python/best-food.html,1340,634,53.49,8
reptiles,carpet-python,best-habitat-size,commercial/reptiles/carpet-python/best-habitat-size.html,1492,696,53.77,3
reptiles,carpet-python,best-insurance,commercial/reptiles/carpet-python/best-insurance.html,1409,616,56.63,3
reptiles,carpet-python,cost-to-own,commercial/reptiles/carpet-python/cost-to-own.html,1563,686,55.82,3
reptiles,carpet-python,first-time-owners,commercial/reptiles/carpet-python/first-time-owners.html,1570,720,54.59,3
reptiles,carpet-python,health-costs,commercial/reptiles/carpet-python/health-costs.html,1541,666,56.71,3
reptiles,carpet-python,comparison,commercial/reptiles/carpet-python/vs-california-kingsnake.html,1594,625,42.28,4
reptiles,carpet-python,comparison,commercial/reptiles/carpet-python/vs-chameleon.html,1607,665,41.32,4
reptiles,chameleon,best-enrichment,commercial/reptiles/chameleon/best-enrichment.html,1280,610,53.38,3
reptiles,chameleon,best-food,commercial/reptiles/chameleon/best-food.html,1291,644,53.12,8
reptiles,chameleon,best-habitat-size,commercial/reptiles/chameleon/best-habitat-size.html,1458,717,52.93,3
reptiles,chameleon,best-insurance,commercial/reptiles/chameleon/best-insurance.html,1364,630,55.79,3
reptiles,chameleon,cost-to-own,commercial/reptiles/chameleon/cost-to-own.html,1523,707,55.14,3
reptiles,chameleon,first-time-owners,commercial/reptiles/chameleon/first-time-owners.html,1531,743,53.6,3
reptiles,chameleon,health-costs,commercial/reptiles/chameleon/health-costs.html,1507,691,55.68,3
reptiles,chameleon,comparison,commercial/reptiles/chameleon/vs-carpet-python.html,1601,665,42.23,4
reptiles,chameleon,comparison,commercial/reptiles/chameleon/vs-childrens-python.html,1571,652,42.1,4
reptiles,childrens-python,best-enrichment,commercial/reptiles/childrens-python/best-enrichment.html,1320,600,53.96,3
reptiles,childrens-python,best-food,commercial/reptiles/childrens-python/best-food.html,1321,632,54.26,8
reptiles,childrens-python,best-habitat-size,commercial/reptiles/childrens-python/best-habitat-size.html,1447,686,54.73,3
reptiles,childrens-python,best-insurance,commercial/reptiles/childrens-python/best-insurance.html,1392,620,57.34,3
reptiles,childrens-python,cost-to-own,commercial/reptiles/childrens-python/cost-to-own.html,1520,674,56.78,3
reptiles,childrens-python,first-time-owners,commercial/reptiles/childrens-python/first-time-owners.html,1527,712,55.41,3
reptiles,childrens-python,health-costs,commercial/reptiles/childrens-python/health-costs.html,1498,659,57.65,3
reptiles,childrens-python,comparison,commercial/reptiles/childrens-python/vs-chameleon.html,1578,654,43.11,4
reptiles,childrens-python,comparison,commercial/reptiles/childrens-python/vs-chinese-water-dragon.html,1699,670,39.75,4
reptiles,chinese-water-dragon,best-enrichment,commercial/reptiles/chinese-water-dragon/best-enrichment.html,1405,614,50.53,3
reptiles,chinese-water-dragon,best-food,commercial/reptiles/chinese-water-dragon/best-food.html,1414,654,49.76,8
reptiles,chinese-water-dragon,best-habitat-size,commercial/reptiles/chinese-water-dragon/best-habitat-size.html,1602,735,49.85,3
reptiles,chinese-water-dragon,best-insurance,commercial/reptiles/chinese-water-dragon/best-insurance.html,1489,637,49.71,3
reptiles,chinese-water-dragon,cost-to-own,commercial/reptiles/chinese-water-dragon/cost-to-own.html,1667,727,51.98,3
reptiles,chinese-water-dragon,first-time-owners,commercial/reptiles/chinese-water-dragon/first-time-owners.html,1681,765,50.62,3
reptiles,chinese-water-dragon,health-costs,commercial/reptiles/chinese-water-dragon/health-costs.html,1666,706,49.18,3
reptiles,chinese-water-dragon,comparison,commercial/reptiles/chinese-water-dragon/vs-childrens-python.html,1705,668,40.63,4
reptiles,chinese-water-dragon,comparison,commercial/reptiles/chinese-water-dragon/vs-corn-snake.html,1751,697,39.86,4
reptiles,corn-snake,best-enrichment,commercial/reptiles/corn-snake/best-enrichment.html,1342,611,52.14,3
reptiles,corn-snake,best-food,commercial/reptiles/corn-snake/best-food.html,1347,644,52.01,8
reptiles,corn-snake,best-habitat-size,commercial/reptiles/corn-snake/best-habitat-size.html,1511,714,52.11,3
reptiles,corn-snake,best-insurance,commercial/reptiles/corn-snake/best-insurance.html,1414,628,54.49,3
reptiles,corn-snake,cost-to-own,commercial/reptiles/corn-snake/cost-to-own.html,1580,706,54.12,3
reptiles,corn-snake,first-time-owners,commercial/reptiles/corn-snake/first-time-owners.html,1587,744,53.06,3
reptiles,corn-snake,health-costs,commercial/reptiles/corn-snake/health-costs.html,1558,689,54.49,3
reptiles,corn-snake,comparison,commercial/reptiles/corn-snake/vs-chinese-water-dragon.html,1746,699,40.55,4
reptiles,corn-snake,comparison,commercial/reptiles/corn-snake/vs-crested-gecko.html,1653,674,40.63,4
reptiles,crested-gecko,best-enrichment,commercial/reptiles/crested-gecko/best-enrichment.html,1342,612,52.17,3
reptiles,crested-gecko,best-food,commercial/reptiles/crested-gecko/best-food.html,1345,645,52.36,8
reptiles,crested-gecko,best-habitat-size,commercial/reptiles/crested-gecko/best-habitat-size.html,1510,712,52.26,3
reptiles,crested-gecko,best-insurance,commercial/reptiles/crested-gecko/best-insurance.html,1414,630,54.92,3
reptiles,crested-gecko,cost-to-own,commercial/reptiles/crested-gecko/cost-to-own.html,1581,703,54.29,3
reptiles,crested-gecko,first-time-owners,commercial/reptiles/crested-gecko/first-time-owners.html,1588,739,53.35,3
reptiles,crested-gecko,health-costs,commercial/reptiles/crested-gecko/health-costs.html,1559,687,54.73,3
reptiles,crested-gecko,comparison,commercial/reptiles/crested-gecko/vs-corn-snake.html,1652,673,41.75,4
reptiles,crested-gecko,comparison,commercial/reptiles/crested-gecko/vs-dart-frog.html,1641,664,40.47,4
reptiles,dart-frog,best-enrichment,commercial/reptiles/dart-frog/best-enrichment.html,1340,602,52.15,3
reptiles,dart-frog,best-food,commercial/reptiles/dart-frog/best-food.html,1345,635,52.12,8
reptiles,dart-frog,best-habitat-size,commercial/reptiles/dart-frog/best-habitat-size.html,1498,699,52.49,3
reptiles,dart-frog,best-insurance,commercial/reptiles/dart-frog/best-insurance.html,1412,621,54.7,3
reptiles,dart-frog,cost-to-own,commercial/reptiles/dart-frog/cost-to-own.html,1567,690,54.51,3
reptiles,dart-frog,first-time-owners,commercial/reptiles/dart-frog/first-time-owners.html,1574,724,53.06,3
reptiles,dart-frog,health-costs,commercial/reptiles/dart-frog/health-costs.html,1545,670,54.9,3
reptiles,dart-frog,comparison,commercial/reptiles/dart-frog/vs-crested-gecko.html,1641,664,41.54,4
reptiles,dart-frog,comparison,commercial/reptiles/dart-frog/vs-eastern-newt.html,1628,632,40.32,4
reptiles,eastern-newt,best-enrichment,commercial/reptiles/eastern-newt/best-enrichment.html,1340,604,52.38,3
reptiles,eastern-newt,best-food,commercial/reptiles/eastern-newt/best-food.html,1343,637,52.3,8
reptiles,eastern-newt,best-habitat-size,commercial/reptiles/eastern-newt/best-habitat-size.html,1495,700,52.68,3
reptiles,eastern-newt,best-insurance,commercial/reptiles/eastern-newt/best-insurance.html,1412,622,54.88,3
reptiles,eastern-newt,cost-to-own,commercial/reptiles/eastern-newt/cost-to-own.html,1566,689,54.64,3
reptiles,eastern-newt,first-time-owners,commercial/reptiles/eastern-newt/first-time-owners.html,1573,726,53.33,3
reptiles,eastern-newt,health-costs,commercial/reptiles/eastern-newt/health-costs.html,1544,672,55.01,3
reptiles,eastern-newt,comparison,commercial/reptiles/eastern-newt/vs-dart-frog.html,1632,635,41,4
reptiles,eastern-newt,comparison,commercial/reptiles/eastern-newt/vs-electric-blue-gecko.html,1765,630,39.91,4
reptiles,electric-blue-gecko,best-enrichment,commercial/reptiles/electric-blue-gecko/best-enrichment.html,1561,602,50.93,3
reptiles,electric-blue-gecko,best-food,commercial/reptiles/electric-blue-gecko/best-food.html,1554,635,51.14,8
reptiles,electric-blue-gecko,best-habitat-size,commercial/reptiles/electric-blue-gecko/best-habitat-size.html,1680,690,51.8,3
reptiles,electric-blue-gecko,best-insurance,commercial/reptiles/electric-blue-gecko/best-insurance.html,1613,624,53.98,3
reptiles,electric-blue-gecko,cost-to-own,commercial/reptiles/electric-blue-gecko/cost-to-own.html,1761,678,53.84,3
reptiles,electric-blue-gecko,first-time-owners,commercial/reptiles/electric-blue-gecko/first-time-owners.html,1760,716,52.57,3
reptiles,electric-blue-gecko,health-costs,commercial/reptiles/electric-blue-gecko/health-costs.html,1727,662,54.71,3
reptiles,electric-blue-gecko,comparison,commercial/reptiles/electric-blue-gecko/vs-eastern-newt.html,1790,631,40.65,4
reptiles,electric-blue-gecko,comparison,commercial/reptiles/electric-blue-gecko/vs-emerald-tree-boa.html,1804,614,40.11,4
reptiles,emerald-tree-boa,best-enrichment,commercial/reptiles/emerald-tree-boa/best-enrichment.html,1385,606,51.57,3
reptiles,emerald-tree-boa,best-food,commercial/reptiles/emerald-tree-boa/best-food.html,1384,638,51.56,8
reptiles,emerald-tree-boa,best-habitat-size,commercial/reptiles/emerald-tree-boa/best-habitat-size.html,1512,693,52.54,3
reptiles,emerald-tree-boa,best-insurance,commercial/reptiles/emerald-tree-boa/best-insurance.html,1452,627,54.46,3
reptiles,emerald-tree-boa,cost-to-own,commercial/reptiles/emerald-tree-boa/cost-to-own.html,1587,681,54.4,3
reptiles,emerald-tree-boa,first-time-owners,commercial/reptiles/emerald-tree-boa/first-time-owners.html,1592,720,53.08,3
reptiles,emerald-tree-boa,health-costs,commercial/reptiles/emerald-tree-boa/health-costs.html,1562,665,55.33,3
reptiles,emerald-tree-boa,comparison,commercial/reptiles/emerald-tree-boa/vs-electric-blue-gecko.html,1786,614,40.97,4
reptiles,emerald-tree-boa,comparison,commercial/reptiles/emerald-tree-boa/vs-fire-bellied-newt.html,1649,635,42.41,4
reptiles,fire-bellied-newt,best-enrichment,commercial/reptiles/fire-bellied-newt/best-enrichment.html,1339,601,53.1,3
reptiles,fire-bellied-newt,best-food,commercial/reptiles/fire-bellied-newt/best-food.html,1342,635,53.23,8
reptiles,fire-bellied-newt,best-habitat-size,commercial/reptiles/fire-bellied-newt/best-habitat-size.html,1495,694,53.72,3
reptiles,fire-bellied-newt,best-insurance,commercial/reptiles/fire-bellied-newt/best-insurance.html,1411,619,56.12,3
reptiles,fire-bellied-newt,cost-to-own,commercial/reptiles/fire-bellied-newt/cost-to-own.html,1566,685,55.6,3
reptiles,fire-bellied-newt,first-time-owners,commercial/reptiles/fire-bellied-newt/first-time-owners.html,1573,722,54.4,3
reptiles,fire-bellied-newt,health-costs,commercial/reptiles/fire-bellied-newt/health-costs.html,1544,668,56.39,3
reptiles,fire-bellied-newt,comparison,commercial/reptiles/fire-bellied-newt/vs-emerald-tree-boa.html,1639,630,43.08,4
reptiles,fire-bellied-newt,comparison,commercial/reptiles/fire-bellied-newt/vs-fire-bellied-toad.html,1625,614,43.8,4
reptiles,fire-bellied-toad,best-enrichment,commercial/reptiles/fire-bellied-toad/best-enrichment.html,1338,600,53.34,3
reptiles,fire-bellied-toad,best-food,commercial/reptiles/fire-bellied-toad/best-food.html,1341,634,53.53,8
reptiles,fire-bellied-toad,best-habitat-size,commercial/reptiles/fire-bellied-toad/best-habitat-size.html,1493,695,53.93,3
reptiles,fire-bellied-toad,best-insurance,commercial/reptiles/fire-bellied-toad/best-insurance.html,1410,618,56.55,3
reptiles,fire-bellied-toad,cost-to-own,commercial/reptiles/fire-bellied-toad/cost-to-own.html,1564,685,55.9,3
reptiles,fire-bellied-toad,first-time-owners,commercial/reptiles/fire-bellied-toad/first-time-owners.html,1571,721,54.85,3
reptiles,fire-bellied-toad,health-costs,commercial/reptiles/fire-bellied-toad/health-costs.html,1542,667,56.75,3
reptiles,fire-bellied-toad,comparison,commercial/reptiles/fire-bellied-toad/vs-fire-bellied-newt.html,1624,613,45.28,4
reptiles,fire-bellied-toad,comparison,commercial/reptiles/fire-bellied-toad/vs-fire-salamander.html,1623,625,43.23,4
reptiles,fire-salamander,best-enrichment,commercial/reptiles/fire-salamander/best-enrichment.html,1338,605,52.23,3
reptiles,fire-salamander,best-food,commercial/reptiles/fire-salamander/best-food.html,1341,634,52.25,8
reptiles,fire-salamander,best-habitat-size,commercial/reptiles/fire-salamander/best-habitat-size.html,1493,698,52.88,3
reptiles,fire-salamander,best-insurance,commercial/reptiles/fire-salamander/best-insurance.html,1410,617,55.07,3
reptiles,fire-salamander,cost-to-own,commercial/reptiles/fire-salamander/cost-to-own.html,1564,686,54.78,3
reptiles,fire-salamander,first-time-owners,commercial/reptiles/fire-salamander/first-time-owners.html,1571,721,53.57,3
reptiles,fire-salamander,health-costs,commercial/reptiles/fire-salamander/health-costs.html,1542,666,55.56,3
reptiles,fire-salamander,comparison,commercial/reptiles/fire-salamander/vs-fire-bellied-toad.html,1623,625,43.6,4
reptiles,fire-salamander,comparison,commercial/reptiles/fire-salamander/vs-fire-skink.html,1626,624,41.88,4
reptiles,fire-skink,best-enrichment,commercial/reptiles/fire-skink/best-enrichment.html,1341,608,52.76,3
reptiles,fire-skink,best-food,commercial/reptiles/fire-skink/best-food.html,1344,637,52.84,8
reptiles,fire-skink,best-habitat-size,commercial/reptiles/fire-skink/best-habitat-size.html,1499,703,53.23,3
reptiles,fire-skink,best-insurance,commercial/reptiles/fire-skink/best-insurance.html,1413,620,55.77,3
reptiles,fire-skink,cost-to-own,commercial/reptiles/fire-skink/cost-to-own.html,1570,691,55.15,3
reptiles,fire-skink,first-time-owners,commercial/reptiles/fire-skink/first-time-owners.html,1577,726,54,3
reptiles,fire-skink,health-costs,commercial/reptiles/fire-skink/health-costs.html,1548,671,55.94,3
reptiles,fire-skink,comparison,commercial/reptiles/fire-skink/vs-fire-salamander.html,1629,627,43.05,4
reptiles,fire-skink,comparison,commercial/reptiles/fire-skink/vs-frilled-dragon.html,1808,681,39.61,4
reptiles,frilled-dragon,best-enrichment,commercial/reptiles/frilled-dragon/best-enrichment.html,1532,620,49.55,3
reptiles,frilled-dragon,best-food,commercial/reptiles/frilled-dragon/best-food.html,1525,656,49.42,8
reptiles,frilled-dragon,best-habitat-size,commercial/reptiles/frilled-dragon/best-habitat-size.html,1721,736,49.56,3
reptiles,frilled-dragon,best-insurance,commercial/reptiles/frilled-dragon/best-insurance.html,1590,636,49.78,3
reptiles,frilled-dragon,cost-to-own,commercial/reptiles/frilled-dragon/cost-to-own.html,1788,726,51.74,3
reptiles,frilled-dragon,first-time-owners,commercial/reptiles/frilled-dragon/first-time-owners.html,1799,764,50.21,3
reptiles,frilled-dragon,health-costs,commercial/reptiles/frilled-dragon/health-costs.html,1777,704,49.14,3
reptiles,frilled-dragon,comparison,commercial/reptiles/frilled-dragon/vs-fire-skink.html,1825,680,40.48,4
reptiles,frilled-dragon,comparison,commercial/reptiles/frilled-dragon/vs-gargoyle-gecko.html,1869,696,38.89,4
reptiles,gargoyle-gecko,best-enrichment,commercial/reptiles/gargoyle-gecko/best-enrichment.html,1353,616,52.04,3
reptiles,gargoyle-gecko,best-food,commercial/reptiles/gargoyle-gecko/best-food.html,1353,656,51.85,8
reptiles,gargoyle-gecko,best-habitat-size,commercial/reptiles/gargoyle-gecko/best-habitat-size.html,1542,730,51.76,3
reptiles,gargoyle-gecko,best-insurance,commercial/reptiles/gargoyle-gecko/best-insurance.html,1424,634,52.44,3
reptiles,gargoyle-gecko,cost-to-own,commercial/reptiles/gargoyle-gecko/cost-to-own.html,1603,722,53.96,3
reptiles,gargoyle-gecko,first-time-owners,commercial/reptiles/gargoyle-gecko/first-time-owners.html,1620,758,52.58,3
reptiles,gargoyle-gecko,health-costs,commercial/reptiles/gargoyle-gecko/health-costs.html,1600,697,51.45,3
reptiles,gargoyle-gecko,comparison,commercial/reptiles/gargoyle-gecko/vs-frilled-dragon.html,1851,695,40,4
reptiles,gargoyle-gecko,comparison,commercial/reptiles/gargoyle-gecko/vs-garter-snake.html,1672,671,40.73,4
reptiles,garter-snake,best-enrichment,commercial/reptiles/garter-snake/best-enrichment.html,1339,601,52.65,3
reptiles,garter-snake,best-food,commercial/reptiles/garter-snake/best-food.html,1342,635,53.08,8
reptiles,garter-snake,best-habitat-size,commercial/reptiles/garter-snake/best-habitat-size.html,1494,698,53.27,3
reptiles,garter-snake,best-insurance,commercial/reptiles/garter-snake/best-insurance.html,1411,619,55.79,3
reptiles,garter-snake,cost-to-own,commercial/reptiles/garter-snake/cost-to-own.html,1565,685,55.27,3
reptiles,garter-snake,first-time-owners,commercial/reptiles/garter-snake/first-time-owners.html,1572,723,54.21,3
reptiles,garter-snake,health-costs,commercial/reptiles/garter-snake/health-costs.html,1543,668,55.81,3
reptiles,garter-snake,comparison,commercial/reptiles/garter-snake/vs-gargoyle-gecko.html,1671,671,41.1,4
reptiles,garter-snake,comparison,commercial/reptiles/garter-snake/vs-giant-day-gecko.html,1707,673,39.65,4
reptiles,giant-day-gecko,best-enrichment,commercial/reptiles/giant-day-gecko/best-enrichment.html,1410,616,50.65,3
reptiles,giant-day-gecko,best-food,commercial/reptiles/giant-day-gecko/best-food.html,1412,654,50.31,8
reptiles,giant-day-gecko,best-habitat-size,commercial/reptiles/giant-day-gecko/best-habitat-size.html,1599,732,50.52,3
reptiles,giant-day-gecko,best-insurance,commercial/reptiles/giant-day-gecko/best-insurance.html,1485,634,51.22,3
reptiles,giant-day-gecko,cost-to-own,commercial/reptiles/giant-day-gecko/cost-to-own.html,1664,720,52.69,3
reptiles,giant-day-gecko,first-time-owners,commercial/reptiles/giant-day-gecko/first-time-owners.html,1672,758,51.5,3
reptiles,giant-day-gecko,health-costs,commercial/reptiles/giant-day-gecko/health-costs.html,1663,699,50.54,3
reptiles,giant-day-gecko,comparison,commercial/reptiles/giant-day-gecko/vs-garter-snake.html,1714,671,40.43,4
reptiles,giant-day-gecko,comparison,commercial/reptiles/giant-day-gecko/vs-gold-dust-day-gecko.html,1773,658,40.01,4
reptiles,gold-dust-day-gecko,best-enrichment,commercial/reptiles/gold-dust-day-gecko/best-enrichment.html,1446,600,51.22,3
reptiles,gold-dust-day-gecko,best-food,commercial/reptiles/gold-dust-day-gecko/best-food.html,1441,633,51.57,8
reptiles,gold-dust-day-gecko,best-habitat-size,commercial/reptiles/gold-dust-day-gecko/best-habitat-size.html,1572,688,52.06,3
reptiles,gold-dust-day-gecko,best-insurance,commercial/reptiles/gold-dust-day-gecko/best-insurance.html,1505,622,53.77,3
reptiles,gold-dust-day-gecko,cost-to-own,commercial/reptiles/gold-dust-day-gecko/cost-to-own.html,1647,675,54.21,3
reptiles,gold-dust-day-gecko,first-time-owners,commercial/reptiles/gold-dust-day-gecko/first-time-owners.html,1651,713,52.9,3
reptiles,gold-dust-day-gecko,health-costs,commercial/reptiles/gold-dust-day-gecko/health-costs.html,1618,659,54.28,3
reptiles,gold-dust-day-gecko,comparison,commercial/reptiles/gold-dust-day-gecko/vs-giant-day-gecko.html,1780,661,41.17,4
reptiles,gold-dust-day-gecko,comparison,commercial/reptiles/gold-dust-day-gecko/vs-greek-tortoise.html,1702,634,39.62,4
reptiles,greek-tortoise,best-enrichment,commercial/reptiles/greek-tortoise/best-enrichment.html,1340,607,51.9,3
reptiles,greek-tortoise,best-food,commercial/reptiles/greek-tortoise/best-food.html,1343,636,51.82,8
reptiles,greek-tortoise,best-habitat-size,commercial/reptiles/greek-tortoise/best-habitat-size.html,1500,706,52.22,3
reptiles,greek-tortoise,best-insurance,commercial/reptiles/greek-tortoise/best-insurance.html,1412,621,53.98,3
reptiles,greek-tortoise,cost-to-own,commercial/reptiles/greek-tortoise/cost-to-own.html,1571,693,54.14,3
reptiles,greek-tortoise,first-time-owners,commercial/reptiles/greek-tortoise/first-time-owners.html,1578,730,53.01,3
reptiles,greek-tortoise,health-costs,commercial/reptiles/greek-tortoise/health-costs.html,1549,676,54.12,3
reptiles,greek-tortoise,comparison,commercial/reptiles/greek-tortoise/vs-gold-dust-day-gecko.html,1689,633,40.77,4
reptiles,greek-tortoise,comparison,commercial/reptiles/greek-tortoise/vs-green-iguana.html,1660,660,38.89,4
reptiles,green-iguana,best-enrichment,commercial/reptiles/green-iguana/best-enrichment.html,1352,610,51.42,3
reptiles,green-iguana,best-food,commercial/reptiles/green-iguana/best-food.html,1355,640,51.51,8
reptiles,green-iguana,best-habitat-size,commercial/reptiles/green-iguana/best-habitat-size.html,1529,713,51.45,3
reptiles,green-iguana,best-insurance,commercial/reptiles/green-iguana/best-insurance.html,1418,625,53.78,3
reptiles,green-iguana,cost-to-own,commercial/reptiles/green-iguana/cost-to-own.html,1592,700,53.59,3
reptiles,green-iguana,first-time-owners,commercial/reptiles/green-iguana/first-time-owners.html,1601,739,52.2,3
reptiles,green-iguana,health-costs,commercial/reptiles/green-iguana/health-costs.html,1568,681,53.63,3
reptiles,green-iguana,comparison,commercial/reptiles/green-iguana/vs-greek-tortoise.html,1659,660,40.09,4
reptiles,green-iguana,comparison,commercial/reptiles/green-iguana/vs-green-tree-python.html,1709,657,39.18,4
reptiles,green-tree-python,best-enrichment,commercial/reptiles/green-tree-python/best-enrichment.html,1409,606,50.7,3
reptiles,green-tree-python,best-food,commercial/reptiles/green-tree-python/best-food.html,1406,635,51,8
reptiles,green-tree-python,best-habitat-size,commercial/reptiles/green-tree-python/best-habitat-size.html,1565,700,51.32,3
reptiles,green-tree-python,best-insurance,commercial/reptiles/green-tree-python/best-insurance.html,1468,620,53.78,3
reptiles,green-tree-python,cost-to-own,commercial/reptiles/green-tree-python/cost-to-own.html,1634,689,53.41,3
reptiles,green-tree-python,first-time-owners,commercial/reptiles/green-tree-python/first-time-owners.html,1644,723,51.97,3
reptiles,green-tree-python,health-costs,commercial/reptiles/green-tree-python/health-costs.html,1607,668,53.7,3
reptiles,green-tree-python,comparison,commercial/reptiles/green-tree-python/vs-green-iguana.html,1715,656,40.62,4
reptiles,green-tree-python,comparison,commercial/reptiles/green-tree-python/vs-hermann-tortoise.html,1690,639,41.09,4
reptiles,hermann-tortoise,best-enrichment,commercial/reptiles/hermann-tortoise/best-enrichment.html,1340,608,52.27,3
reptiles,hermann-tortoise,best-food,commercial/reptiles/hermann-tortoise/best-food.html,1343,637,52.32,8
reptiles,hermann-tortoise,best-habitat-size,commercial/reptiles/hermann-tortoise/best-habitat-size.html,1500,704,52.6,3
reptiles,hermann-tortoise,best-insurance,commercial/reptiles/hermann-tortoise/best-insurance.html,1412,621,54.43,3
reptiles,hermann-tortoise,cost-to-own,commercial/reptiles/hermann-tortoise/cost-to-own.html,1571,693,54.57,3
reptiles,hermann-tortoise,first-time-owners,commercial/reptiles/hermann-tortoise/first-time-owners.html,1578,730,53.35,3
reptiles,hermann-tortoise,health-costs,commercial/reptiles/hermann-tortoise/health-costs.html,1549,675,54.53,3
reptiles,hermann-tortoise,comparison,commercial/reptiles/hermann-tortoise/vs-green-tree-python.html,1684,639,41.67,4
reptiles,hermann-tortoise,comparison,commercial/reptiles/hermann-tortoise/vs-hognose-snake.html,1631,633,41.59,4
reptiles,hognose-snake,best-enrichment,commercial/reptiles/hognose-snake/best-enrichment.html,1341,607,52.37,3
reptiles,hognose-snake,best-food,commercial/reptiles/hognose-snake/best-food.html,1344,636,52.66,8
reptiles,hognose-snake,best-habitat-size,commercial/reptiles/hognose-snake/best-habitat-size.html,1498,700,52.84,3
reptiles,hognose-snake,best-insurance,commercial/reptiles/hognose-snake/best-insurance.html,1413,620,55.28,3
reptiles,hognose-snake,cost-to-own,commercial/reptiles/hognose-snake/cost-to-own.html,1569,687,54.91,3
reptiles,hognose-snake,first-time-owners,commercial/reptiles/hognose-snake/first-time-owners.html,1576,722,53.58,3
reptiles,hognose-snake,health-costs,commercial/reptiles/hognose-snake/health-costs.html,1547,668,55.05,3
reptiles,hognose-snake,comparison,commercial/reptiles/hognose-snake/vs-hermann-tortoise.html,1632,635,42.83,4
reptiles,hognose-snake,comparison,commercial/reptiles/hognose-snake/vs-house-gecko.html,1743,675,39.05,4
reptiles,house-gecko,best-enrichment,commercial/reptiles/house-gecko/best-enrichment.html,1457,615,49.44,3
reptiles,house-gecko,best-food,commercial/reptiles/house-gecko/best-food.html,1459,653,49.12,8
reptiles,house-gecko,best-habitat-size,commercial/reptiles/house-gecko/best-habitat-size.html,1640,732,49.3,3
reptiles,house-gecko,best-insurance,commercial/reptiles/house-gecko/best-insurance.html,1525,633,49.71,3
reptiles,house-gecko,cost-to-own,commercial/reptiles/house-gecko/cost-to-own.html,1711,720,51.46,3
reptiles,house-gecko,first-time-owners,commercial/reptiles/house-gecko/first-time-owners.html,1715,758,50.17,3
reptiles,house-gecko,health-costs,commercial/reptiles/house-gecko/health-costs.html,1698,696,49.3,3
reptiles,house-gecko,comparison,commercial/reptiles/house-gecko/vs-hognose-snake.html,1754,672,40.01,4
reptiles,house-gecko,comparison,commercial/reptiles/house-gecko/vs-jacksons-chameleon.html,1750,676,39.57,4
reptiles,jacksons-chameleon,best-enrichment,commercial/reptiles/jacksons-chameleon/best-enrichment.html,1340,605,51.78,3
reptiles,jacksons-chameleon,best-food,commercial/reptiles/jacksons-chameleon/best-food.html,1343,638,51.88,8
reptiles,jacksons-chameleon,best-habitat-size,commercial/reptiles/jacksons-chameleon/best-habitat-size.html,1493,701,52.24,3
reptiles,jacksons-chameleon,best-insurance,commercial/reptiles/jacksons-chameleon/best-insurance.html,1412,623,54.2,3
reptiles,jacksons-chameleon,cost-to-own,commercial/reptiles/jacksons-chameleon/cost-to-own.html,1564,691,54.22,3
reptiles,jacksons-chameleon,first-time-owners,commercial/reptiles/jacksons-chameleon/first-time-owners.html,1571,725,52.95,3
reptiles,jacksons-chameleon,health-costs,commercial/reptiles/jacksons-chameleon/health-costs.html,1542,671,54.27,3
reptiles,jacksons-chameleon,comparison,commercial/reptiles/jacksons-chameleon/vs-house-gecko.html,1740,679,40.51,4
reptiles,jacksons-chameleon,comparison,commercial/reptiles/jacksons-chameleon/vs-kenyan-sand-boa.html,1702,674,38.73,4
reptiles,kenyan-sand-boa,best-enrichment,commercial/reptiles/kenyan-sand-boa/best-enrichment.html,1402,612,50.16,3
reptiles,kenyan-sand-boa,best-food,commercial/reptiles/kenyan-sand-boa/best-food.html,1404,651,49.72,8
reptiles,kenyan-sand-boa,best-habitat-size,commercial/reptiles/kenyan-sand-boa/best-habitat-size.html,1590,730,49.91,3
reptiles,kenyan-sand-boa,best-insurance,commercial/reptiles/kenyan-sand-boa/best-insurance.html,1466,629,50.45,3
reptiles,kenyan-sand-boa,cost-to-own,commercial/reptiles/kenyan-sand-boa/cost-to-own.html,1657,717,52.04,3
reptiles,kenyan-sand-boa,first-time-owners,commercial/reptiles/kenyan-sand-boa/first-time-owners.html,1664,753,50.9,3
reptiles,kenyan-sand-boa,health-costs,commercial/reptiles/kenyan-sand-boa/health-costs.html,1639,699,49.6,3
reptiles,kenyan-sand-boa,comparison,commercial/reptiles/kenyan-sand-boa/vs-jacksons-chameleon.html,1705,669,39.54,4
reptiles,kenyan-sand-boa,comparison,commercial/reptiles/kenyan-sand-boa/vs-king-snake.html,1725,686,39.32,4
reptiles,king-snake,best-enrichment,commercial/reptiles/king-snake/best-enrichment.html,1342,612,51.92,3
reptiles,king-snake,best-food,commercial/reptiles/king-snake/best-food.html,1347,645,51.74,8
reptiles,king-snake,best-habitat-size,commercial/reptiles/king-snake/best-habitat-size.html,1513,719,51.74,3
reptiles,king-snake,best-insurance,commercial/reptiles/king-snake/best-insurance.html,1414,633,54.06,3
reptiles,king-snake,cost-to-own,commercial/reptiles/king-snake/cost-to-own.html,1582,709,53.81,3
reptiles,king-snake,first-time-owners,commercial/reptiles/king-snake/first-time-owners.html,1589,743,52.83,3
reptiles,king-snake,health-costs,commercial/reptiles/king-snake/health-costs.html,1560,692,53.85,3
reptiles,king-snake,comparison,commercial/reptiles/king-snake/vs-kenyan-sand-boa.html,1720,688,40.12,4
reptiles,king-snake,comparison,commercial/reptiles/king-snake/vs-knob-tailed-gecko.html,1612,653,40.32,4
reptiles,knob-tailed-gecko,best-enrichment,commercial/reptiles/knob-tailed-gecko/best-enrichment.html,1320,599,52.84,3
reptiles,knob-tailed-gecko,best-food,commercial/reptiles/knob-tailed-gecko/best-food.html,1321,631,53.05,8
reptiles,knob-tailed-gecko,best-habitat-size,commercial/reptiles/knob-tailed-gecko/best-habitat-size.html,1447,685,53.63,3
reptiles,knob-tailed-gecko,best-insurance,commercial/reptiles/knob-tailed-gecko/best-insurance.html,1392,619,55.46,3
reptiles,knob-tailed-gecko,cost-to-own,commercial/reptiles/knob-tailed-gecko/cost-to-own.html,1520,673,55.55,3
reptiles,knob-tailed-gecko,first-time-owners,commercial/reptiles/knob-tailed-gecko/first-time-owners.html,1527,711,54.4,3
reptiles,knob-tailed-gecko,health-costs,commercial/reptiles/knob-tailed-gecko/health-costs.html,1498,656,55.98,3
reptiles,knob-tailed-gecko,comparison,commercial/reptiles/knob-tailed-gecko/vs-king-snake.html,1611,653,40.93,4
reptiles,knob-tailed-gecko,comparison,commercial/reptiles/knob-tailed-gecko/vs-leachianus-gecko.html,1593,623,40.13,4
reptiles,leachianus-gecko,best-enrichment,commercial/reptiles/leachianus-gecko/best-enrichment.html,1338,603,52.64,3
reptiles,leachianus-gecko,best-food,commercial/reptiles/leachianus-gecko/best-food.html,1341,633,52.59,8
reptiles,leachianus-gecko,best-habitat-size,commercial/reptiles/leachianus-gecko/best-habitat-size.html,1493,696,53.01,3
reptiles,leachianus-gecko,best-insurance,commercial/reptiles/leachianus-gecko/best-insurance.html,1410,615,55.19,3
reptiles,leachianus-gecko,cost-to-own,commercial/reptiles/leachianus-gecko/cost-to-own.html,1564,685,54.96,3
reptiles,leachianus-gecko,first-time-owners,commercial/reptiles/leachianus-gecko/first-time-owners.html,1571,720,53.75,3
reptiles,leachianus-gecko,health-costs,commercial/reptiles/leachianus-gecko/health-costs.html,1542,665,55.4,3
reptiles,leachianus-gecko,comparison,commercial/reptiles/leachianus-gecko/vs-knob-tailed-gecko.html,1593,622,41.3,4
reptiles,leachianus-gecko,comparison,commercial/reptiles/leachianus-gecko/vs-leopard-gecko.html,1646,651,41.36,4
reptiles,leopard-gecko,best-enrichment,commercial/reptiles/leopard-gecko/best-enrichment.html,1346,608,52.76,3
reptiles,leopard-gecko,best-food,commercial/reptiles/leopard-gecko/best-food.html,1353,640,52.9,8
reptiles,leopard-gecko,best-habitat-size,commercial/reptiles/leopard-gecko/best-habitat-size.html,1520,709,52.79,3
reptiles,leopard-gecko,best-insurance,commercial/reptiles/leopard-gecko/best-insurance.html,1418,625,55.63,3
reptiles,leopard-gecko,cost-to-own,commercial/reptiles/leopard-gecko/cost-to-own.html,1587,700,54.85,3
reptiles,leopard-gecko,first-time-owners,commercial/reptiles/leopard-gecko/first-time-owners.html,1594,738,53.91,3
reptiles,leopard-gecko,health-costs,commercial/reptiles/leopard-gecko/health-costs.html,1565,682,55.36,3
reptiles,leopard-gecko,comparison,commercial/reptiles/leopard-gecko/vs-leachianus-gecko.html,1646,651,42.55,4
reptiles,leopard-gecko,comparison,commercial/reptiles/leopard-gecko/vs-leopard-tortoise.html,1652,660,41.77,4
reptiles,leopard-tortoise,best-enrichment,commercial/reptiles/leopard-tortoise/best-enrichment.html,1340,606,53.05,3
reptiles,leopard-tortoise,best-food,commercial/reptiles/leopard-tortoise/best-food.html,1343,635,53.08,8
reptiles,leopard-tortoise,best-habitat-size,commercial/reptiles/leopard-tortoise/best-habitat-size.html,1501,702,53.23,3
reptiles,leopard-tortoise,best-insurance,commercial/reptiles/leopard-tortoise/best-insurance.html,1412,618,55.53,3
reptiles,leopard-tortoise,cost-to-own,commercial/reptiles/leopard-tortoise/cost-to-own.html,1572,691,55.2,3
reptiles,leopard-tortoise,first-time-owners,commercial/reptiles/leopard-tortoise/first-time-owners.html,1579,727,54.21,3
reptiles,leopard-tortoise,health-costs,commercial/reptiles/leopard-tortoise/health-costs.html,1550,673,55.6,3
reptiles,leopard-tortoise,comparison,commercial/reptiles/leopard-tortoise/vs-leopard-gecko.html,1652,661,43.35,4
reptiles,leopard-tortoise,comparison,commercial/reptiles/leopard-tortoise/vs-long-tailed-lizard.html,1641,637,41.56,4
reptiles,long-tailed-lizard,best-enrichment,commercial/reptiles/long-tailed-lizard/best-enrichment.html,1344,603,52.44,3
reptiles,long-tailed-lizard,best-food,commercial/reptiles/long-tailed-lizard/best-food.html,1351,637,52.28,8
reptiles,long-tailed-lizard,best-habitat-size,commercial/reptiles/long-tailed-lizard/best-habitat-size.html,1507,698,52.58,3
reptiles,long-tailed-lizard,best-insurance,commercial/reptiles/long-tailed-lizard/best-insurance.html,1416,621,54.74,3
reptiles,long-tailed-lizard,cost-to-own,commercial/reptiles/long-tailed-lizard/cost-to-own.html,1574,687,54.55,3
reptiles,long-tailed-lizard,first-time-owners,commercial/reptiles/long-tailed-lizard/first-time-owners.html,1581,723,53.75,3
reptiles,long-tailed-lizard,health-costs,commercial/reptiles/long-tailed-lizard/health-costs.html,1552,669,54.97,3
reptiles,long-tailed-lizard,comparison,commercial/reptiles/long-tailed-lizard/vs-leopard-tortoise.html,1641,638,42.4,4
reptiles,long-tailed-lizard,comparison,commercial/reptiles/long-tailed-lizard/vs-map-turtle.html,1639,633,42.06,4
reptiles,map-turtle,best-enrichment,commercial/reptiles/map-turtle/best-enrichment.html,1339,605,52.57,3
reptiles,map-turtle,best-food,commercial/reptiles/map-turtle/best-food.html,1342,635,52.74,8
reptiles,map-turtle,best-habitat-size,commercial/reptiles/map-turtle/best-habitat-size.html,1498,700,52.81,3
reptiles,map-turtle,best-insurance,commercial/reptiles/map-turtle/best-insurance.html,1411,618,55.19,3
reptiles,map-turtle,cost-to-own,commercial/reptiles/map-turtle/cost-to-own.html,1569,687,54.77,3
reptiles,map-turtle,first-time-owners,commercial/reptiles/map-turtle/first-time-owners.html,1576,722,53.85,3
reptiles,map-turtle,health-costs,commercial/reptiles/map-turtle/health-costs.html,1547,668,55.2,3
reptiles,map-turtle,comparison,commercial/reptiles/map-turtle/vs-long-tailed-lizard.html,1640,634,42.86,4
reptiles,map-turtle,comparison,commercial/reptiles/map-turtle/vs-mexican-black-kingsnake.html,1640,631,42.12,4
reptiles,mexican-black-kingsnake,best-enrichment,commercial/reptiles/mexican-black-kingsnake/best-enrichment.html,1380,601,51.37,3
reptiles,mexican-black-kingsnake,best-food,commercial/reptiles/mexican-black-kingsnake/best-food.html,1379,633,51.44,8
reptiles,mexican-black-kingsnake,best-habitat-size,commercial/reptiles/mexican-black-kingsnake/best-habitat-size.html,1505,687,52.08,3
reptiles,mexican-black-kingsnake,best-insurance,commercial/reptiles/mexican-black-kingsnake/best-insurance.html,1447,621,54.09,3
reptiles,mexican-black-kingsnake,cost-to-own,commercial/reptiles/mexican-black-kingsnake/cost-to-own.html,1580,676,53.99,3
reptiles,mexican-black-kingsnake,first-time-owners,commercial/reptiles/mexican-black-kingsnake/first-time-owners.html,1585,713,53.18,3
reptiles,mexican-black-kingsnake,health-costs,commercial/reptiles/mexican-black-kingsnake/health-costs.html,1555,659,54.63,3
reptiles,mexican-black-kingsnake,comparison,commercial/reptiles/mexican-black-kingsnake/vs-map-turtle.html,1646,629,42.65,4
reptiles,mexican-black-kingsnake,comparison,commercial/reptiles/mexican-black-kingsnake/vs-milk-snake.html,1642,622,42.14,4
reptiles,milk-snake,best-enrichment,commercial/reptiles/milk-snake/best-enrichment.html,1341,608,53.08,3
reptiles,milk-snake,best-food,commercial/reptiles/milk-snake/best-food.html,1344,636,53.36,8
reptiles,milk-snake,best-habitat-size,commercial/reptiles/milk-snake/best-habitat-size.html,1496,697,53.48,3
reptiles,milk-snake,best-insurance,commercial/reptiles/milk-snake/best-insurance.html,1413,620,56.17,3
reptiles,milk-snake,cost-to-own,commercial/reptiles/milk-snake/cost-to-own.html,1567,685,55.46,3
reptiles,milk-snake,first-time-owners,commercial/reptiles/milk-snake/first-time-owners.html,1574,722,54.76,3
reptiles,milk-snake,health-costs,commercial/reptiles/milk-snake/health-costs.html,1545,666,56.3,3
reptiles,milk-snake,comparison,commercial/reptiles/milk-snake/vs-mexican-black-kingsnake.html,1636,623,42.92,4
reptiles,milk-snake,comparison,commercial/reptiles/milk-snake/vs-monitor-lizard.html,1646,653,41.78,4
reptiles,monitor-lizard,best-enrichment,commercial/reptiles/monitor-lizard/best-enrichment.html,1338,611,52.64,3
reptiles,monitor-lizard,best-food,commercial/reptiles/monitor-lizard/best-food.html,1347,638,52.6,8
reptiles,monitor-lizard,best-habitat-size,commercial/reptiles/monitor-lizard/best-habitat-size.html,1509,705,52.62,3
reptiles,monitor-lizard,best-insurance,commercial/reptiles/monitor-lizard/best-insurance.html,1410,627,55.58,3
reptiles,monitor-lizard,cost-to-own,commercial/reptiles/monitor-lizard/cost-to-own.html,1574,702,54.64,3
reptiles,monitor-lizard,first-time-owners,commercial/reptiles/monitor-lizard/first-time-owners.html,1581,734,53.24,3
reptiles,monitor-lizard,health-costs,commercial/reptiles/monitor-lizard/health-costs.html,1552,683,55.42,3
reptiles,monitor-lizard,comparison,commercial/reptiles/monitor-lizard/vs-milk-snake.html,1645,651,42.68,4
reptiles,monitor-lizard,comparison,commercial/reptiles/monitor-lizard/vs-mourning-gecko.html,1674,683,40.44,4
reptiles,mourning-gecko,best-enrichment,commercial/reptiles/mourning-gecko/best-enrichment.html,1340,612,53.79,3
reptiles,mourning-gecko,best-food,commercial/reptiles/mourning-gecko/best-food.html,1345,647,53.23,8
reptiles,mourning-gecko,best-habitat-size,commercial/reptiles/mourning-gecko/best-habitat-size.html,1526,729,53.08,3
reptiles,mourning-gecko,best-insurance,commercial/reptiles/mourning-gecko/best-insurance.html,1408,631,53.31,3
reptiles,mourning-gecko,cost-to-own,commercial/reptiles/mourning-gecko/cost-to-own.html,1593,717,55.23,3
reptiles,mourning-gecko,first-time-owners,commercial/reptiles/mourning-gecko/first-time-owners.html,1601,752,54.48,3
reptiles,mourning-gecko,health-costs,commercial/reptiles/mourning-gecko/health-costs.html,1575,699,52.27,3
reptiles,mourning-gecko,comparison,commercial/reptiles/mourning-gecko/vs-monitor-lizard.html,1673,682,41.17,4
reptiles,mourning-gecko,comparison,commercial/reptiles/mourning-gecko/vs-mud-turtle.html,1657,667,41.02,4
reptiles,mud-turtle,best-enrichment,commercial/reptiles/mud-turtle/best-enrichment.html,1342,606,53.14,3
reptiles,mud-turtle,best-food,commercial/reptiles/mud-turtle/best-food.html,1345,635,53.04,8
reptiles,mud-turtle,best-habitat-size,commercial/reptiles/mud-turtle/best-habitat-size.html,1503,699,53.49,3
reptiles,mud-turtle,best-insurance,commercial/reptiles/mud-turtle/best-insurance.html,1414,620,55.85,3
reptiles,mud-turtle,cost-to-own,commercial/reptiles/mud-turtle/cost-to-own.html,1574,686,55.4,3
reptiles,mud-turtle,first-time-owners,commercial/reptiles/mud-turtle/first-time-owners.html,1581,724,54.41,3
reptiles,mud-turtle,health-costs,commercial/reptiles/mud-turtle/health-costs.html,1552,670,56.15,3
reptiles,mud-turtle,comparison,commercial/reptiles/mud-turtle/vs-mourning-gecko.html,1658,669,41.81,4
reptiles,mud-turtle,comparison,commercial/reptiles/mud-turtle/vs-musk-turtle.html,1642,608,42.34,4
reptiles,musk-turtle,best-enrichment,commercial/reptiles/musk-turtle/best-enrichment.html,1350,604,53.71,3
reptiles,musk-turtle,best-food,commercial/reptiles/musk-turtle/best-food.html,1349,634,53.98,8
reptiles,musk-turtle,best-habitat-size,commercial/reptiles/musk-turtle/best-habitat-size.html,1514,698,54.12,3
reptiles,musk-turtle,best-insurance,commercial/reptiles/musk-turtle/best-insurance.html,1416,619,56.79,3
reptiles,musk-turtle,cost-to-own,commercial/reptiles/musk-turtle/cost-to-own.html,1581,685,56.16,3
reptiles,musk-turtle,first-time-owners,commercial/reptiles/musk-turtle/first-time-owners.html,1590,723,55.27,3
reptiles,musk-turtle,health-costs,commercial/reptiles/musk-turtle/health-costs.html,1557,669,56.95,3
reptiles,musk-turtle,comparison,commercial/reptiles/musk-turtle/vs-mud-turtle.html,1643,608,43.87,4
reptiles,musk-turtle,comparison,commercial/reptiles/musk-turtle/vs-ornate-box-turtle.html,1683,627,42.55,4
reptiles,ornate-box-turtle,best-enrichment,commercial/reptiles/ornate-box-turtle/best-enrichment.html,1399,604,52.34,3
reptiles,ornate-box-turtle,best-food,commercial/reptiles/ornate-box-turtle/best-food.html,1400,634,52.31,8
reptiles,ornate-box-turtle,best-habitat-size,commercial/reptiles/ornate-box-turtle/best-habitat-size.html,1556,699,52.82,3
reptiles,ornate-box-turtle,best-insurance,commercial/reptiles/ornate-box-turtle/best-insurance.html,1466,617,55.35,3
reptiles,ornate-box-turtle,cost-to-own,commercial/reptiles/ornate-box-turtle/cost-to-own.html,1629,687,54.82,3
reptiles,ornate-box-turtle,first-time-owners,commercial/reptiles/ornate-box-turtle/first-time-owners.html,1634,722,53.53,3
reptiles,ornate-box-turtle,health-costs,commercial/reptiles/ornate-box-turtle/health-costs.html,1604,667,55.7,3
reptiles,ornate-box-turtle,comparison,commercial/reptiles/ornate-box-turtle/vs-musk-turtle.html,1689,628,43.9,4
reptiles,ornate-box-turtle,comparison,commercial/reptiles/ornate-box-turtle/vs-pacman-frog.html,1685,635,41.47,4
reptiles,pacman-frog,best-enrichment,commercial/reptiles/pacman-frog/best-enrichment.html,1345,603,52.63,3
reptiles,pacman-frog,best-food,commercial/reptiles/pacman-frog/best-food.html,1346,637,52.58,8
reptiles,pacman-frog,best-habitat-size,commercial/reptiles/pacman-frog/best-habitat-size.html,1501,700,53.04,3
reptiles,pacman-frog,best-insurance,commercial/reptiles/pacman-frog/best-insurance.html,1412,620,55.43,3
reptiles,pacman-frog,cost-to-own,commercial/reptiles/pacman-frog/cost-to-own.html,1570,689,54.96,3
reptiles,pacman-frog,first-time-owners,commercial/reptiles/pacman-frog/first-time-owners.html,1581,727,54,3
reptiles,pacman-frog,health-costs,commercial/reptiles/pacman-frog/health-costs.html,1547,671,55.77,3
reptiles,pacman-frog,comparison,commercial/reptiles/pacman-frog/vs-ornate-box-turtle.html,1679,634,42.16,4
reptiles,pacman-frog,comparison,commercial/reptiles/pacman-frog/vs-painted-turtle.html,1640,627,42.87,4
reptiles,painted-turtle,best-enrichment,commercial/reptiles/painted-turtle/best-enrichment.html,1341,606,54.83,3
reptiles,painted-turtle,best-food,commercial/reptiles/painted-turtle/best-food.html,1344,636,54.79,8
reptiles,painted-turtle,best-habitat-size,commercial/reptiles/painted-turtle/best-habitat-size.html,1503,702,55.1,3
reptiles,painted-turtle,best-insurance,commercial/reptiles/painted-turtle/best-insurance.html,1413,620,57.53,3
reptiles,painted-turtle,cost-to-own,commercial/reptiles/painted-turtle/cost-to-own.html,1574,688,57.02,3
reptiles,painted-turtle,first-time-owners,commercial/reptiles/painted-turtle/first-time-owners.html,1581,726,56.35,3
reptiles,painted-turtle,health-costs,commercial/reptiles/painted-turtle/health-costs.html,1552,672,57.7,3
reptiles,painted-turtle,comparison,commercial/reptiles/painted-turtle/vs-pacman-frog.html,1639,628,43.79,4
reptiles,painted-turtle,comparison,commercial/reptiles/painted-turtle/vs-panther-chameleon.html,1628,634,43.19,4
reptiles,panther-chameleon,best-enrichment,commercial/reptiles/panther-chameleon/best-enrichment.html,1337,602,52.41,3
reptiles,panther-chameleon,best-food,commercial/reptiles/panther-chameleon/best-food.html,1340,635,52.54,8
reptiles,panther-chameleon,best-habitat-size,commercial/reptiles/panther-chameleon/best-habitat-size.html,1490,698,53.05,3
reptiles,panther-chameleon,best-insurance,commercial/reptiles/panther-chameleon/best-insurance.html,1409,620,55.29,3
reptiles,panther-chameleon,cost-to-own,commercial/reptiles/panther-chameleon/cost-to-own.html,1561,688,54.91,3
reptiles,panther-chameleon,first-time-owners,commercial/reptiles/panther-chameleon/first-time-owners.html,1568,723,53.62,3
reptiles,panther-chameleon,health-costs,commercial/reptiles/panther-chameleon/health-costs.html,1539,668,55.64,3
reptiles,panther-chameleon,comparison,commercial/reptiles/panther-chameleon/vs-painted-turtle.html,1628,633,44.15,4
reptiles,panther-chameleon,comparison,commercial/reptiles/panther-chameleon/vs-pine-snake.html,1640,632,41.35,4
reptiles,pine-snake,best-enrichment,commercial/reptiles/pine-snake/best-enrichment.html,1353,606,52.44,3
reptiles,pine-snake,best-food,commercial/reptiles/pine-snake/best-food.html,1352,635,52.85,8
reptiles,pine-snake,best-habitat-size,commercial/reptiles/pine-snake/best-habitat-size.html,1505,698,53.25,3
reptiles,pine-snake,best-insurance,commercial/reptiles/pine-snake/best-insurance.html,1413,618,56.16,3
reptiles,pine-snake,cost-to-own,commercial/reptiles/pine-snake/cost-to-own.html,1572,686,55.34,3
reptiles,pine-snake,first-time-owners,commercial/reptiles/pine-snake/first-time-owners.html,1590,720,53.78,3
reptiles,pine-snake,health-costs,commercial/reptiles/pine-snake/health-costs.html,1548,666,56.29,3
reptiles,pine-snake,comparison,commercial/reptiles/pine-snake/vs-panther-chameleon.html,1641,633,42.01,4
reptiles,pine-snake,comparison,commercial/reptiles/pine-snake/vs-plated-lizard.html,1749,672,38.76,4
reptiles,plated-lizard,best-enrichment,commercial/reptiles/plated-lizard/best-enrichment.html,1418,621,50.61,3
reptiles,plated-lizard,best-food,commercial/reptiles/plated-lizard/best-food.html,1415,656,50.13,8
reptiles,plated-lizard,best-habitat-size,commercial/reptiles/plated-lizard/best-habitat-size.html,1610,736,50.35,3
reptiles,plated-lizard,best-insurance,commercial/reptiles/plated-lizard/best-insurance.html,1480,632,50.5,3
reptiles,plated-lizard,cost-to-own,commercial/reptiles/plated-lizard/cost-to-own.html,1673,724,52.48,3
reptiles,plated-lizard,first-time-owners,commercial/reptiles/plated-lizard/first-time-owners.html,1694,762,50.88,3
reptiles,plated-lizard,health-costs,commercial/reptiles/plated-lizard/health-costs.html,1666,702,49.7,3
reptiles,plated-lizard,comparison,commercial/reptiles/plated-lizard/vs-pine-snake.html,1755,670,39.69,4
reptiles,plated-lizard,comparison,commercial/reptiles/plated-lizard/vs-poison-dart-frog.html,1788,682,39.62,4
reptiles,poison-dart-frog,best-enrichment,commercial/reptiles/poison-dart-frog/best-enrichment.html,1407,606,51.03,3
reptiles,poison-dart-frog,best-food,commercial/reptiles/poison-dart-frog/best-food.html,1408,639,51.19,8
reptiles,poison-dart-frog,best-habitat-size,commercial/reptiles/poison-dart-frog/best-habitat-size.html,1566,703,51.55,3
reptiles,poison-dart-frog,best-insurance,commercial/reptiles/poison-dart-frog/best-insurance.html,1471,625,53.99,3
reptiles,poison-dart-frog,cost-to-own,commercial/reptiles/poison-dart-frog/cost-to-own.html,1635,694,53.63,3
reptiles,poison-dart-frog,first-time-owners,commercial/reptiles/poison-dart-frog/first-time-owners.html,1641,727,52.28,3
reptiles,poison-dart-frog,health-costs,commercial/reptiles/poison-dart-frog/health-costs.html,1609,674,54.2,3
reptiles,poison-dart-frog,comparison,commercial/reptiles/poison-dart-frog/vs-plated-lizard.html,1790,685,40.27,4
reptiles,poison-dart-frog,comparison,commercial/reptiles/poison-dart-frog/vs-rainbow-boa.html,1777,682,38.59,4
reptiles,rainbow-boa,best-enrichment,commercial/reptiles/rainbow-boa/best-enrichment.html,1413,616,50.08,3
reptiles,rainbow-boa,best-food,commercial/reptiles/rainbow-boa/best-food.html,1412,654,49.5,8
reptiles,rainbow-boa,best-habitat-size,commercial/reptiles/rainbow-boa/best-habitat-size.html,1599,733,49.95,3
reptiles,rainbow-boa,best-insurance,commercial/reptiles/rainbow-boa/best-insurance.html,1471,631,50.32,3
reptiles,rainbow-boa,cost-to-own,commercial/reptiles/rainbow-boa/cost-to-own.html,1662,723,52.06,3
reptiles,rainbow-boa,first-time-owners,commercial/reptiles/rainbow-boa/first-time-owners.html,1677,762,50.65,3
reptiles,rainbow-boa,health-costs,commercial/reptiles/rainbow-boa/health-costs.html,1646,699,49.57,3
reptiles,rainbow-boa,comparison,commercial/reptiles/rainbow-boa/vs-poison-dart-frog.html,1775,679,39.49,4
reptiles,rainbow-boa,comparison,commercial/reptiles/rainbow-boa/vs-rankins-dragon.html,1723,673,39.34,4
reptiles,rankins-dragon,best-enrichment,commercial/reptiles/rankins-dragon/best-enrichment.html,1337,602,51.72,3
reptiles,rankins-dragon,best-food,commercial/reptiles/rankins-dragon/best-food.html,1342,637,52.55,8
reptiles,rankins-dragon,best-habitat-size,commercial/reptiles/rankins-dragon/best-habitat-size.html,1494,698,53,3
reptiles,rankins-dragon,best-insurance,commercial/reptiles/rankins-dragon/best-insurance.html,1411,621,55.2,3
reptiles,rankins-dragon,cost-to-own,commercial/reptiles/rankins-dragon/cost-to-own.html,1565,689,54.93,3
reptiles,rankins-dragon,first-time-owners,commercial/reptiles/rankins-dragon/first-time-owners.html,1572,725,53.8,3
reptiles,rankins-dragon,health-costs,commercial/reptiles/rankins-dragon/health-costs.html,1543,671,55.36,3
reptiles,rankins-dragon,comparison,commercial/reptiles/rankins-dragon/vs-rainbow-boa.html,1717,674,40.02,4
reptiles,rankins-dragon,comparison,commercial/reptiles/rankins-dragon/vs-rat-snake.html,1703,675,38.89,4
reptiles,rat-snake,best-enrichment,commercial/reptiles/rat-snake/best-enrichment.html,1370,616,51.38,3
reptiles,rat-snake,best-food,commercial/reptiles/rat-snake/best-food.html,1365,654,50.97,8
reptiles,rat-snake,best-habitat-size,commercial/reptiles/rat-snake/best-habitat-size.html,1564,733,51.16,3
reptiles,rat-snake,best-insurance,commercial/reptiles/rat-snake/best-insurance.html,1415,629,52.06,3
reptiles,rat-snake,cost-to-own,commercial/reptiles/rat-snake/cost-to-own.html,1619,721,53.31,3
reptiles,rat-snake,first-time-owners,commercial/reptiles/rat-snake/first-time-owners.html,1650,761,51.73,3
reptiles,rat-snake,health-costs,commercial/reptiles/rat-snake/health-costs.html,1598,698,50.76,3
reptiles,rat-snake,comparison,commercial/reptiles/rat-snake/vs-rankins-dragon.html,1701,672,39.7,4
reptiles,rat-snake,comparison,commercial/reptiles/rat-snake/vs-red-eared-slider.html,1706,673,39.38,4
reptiles,red-eared-slider,best-enrichment,commercial/reptiles/red-eared-slider/best-enrichment.html,1340,607,52.31,3
reptiles,red-eared-slider,best-food,commercial/reptiles/red-eared-slider/best-food.html,1343,637,52.31,8
reptiles,red-eared-slider,best-habitat-size,commercial/reptiles/red-eared-slider/best-habitat-size.html,1500,701,52.79,3
reptiles,red-eared-slider,best-insurance,commercial/reptiles/red-eared-slider/best-insurance.html,1412,620,54.54,3
reptiles,red-eared-slider,cost-to-own,commercial/reptiles/red-eared-slider/cost-to-own.html,1571,689,54.64,3
reptiles,red-eared-slider,first-time-owners,commercial/reptiles/red-eared-slider/first-time-owners.html,1578,726,53.63,3
reptiles,red-eared-slider,health-costs,commercial/reptiles/red-eared-slider/health-costs.html,1549,671,54.62,3
reptiles,red-eared-slider,comparison,commercial/reptiles/red-eared-slider/vs-rat-snake.html,1708,676,40.23,4
reptiles,red-eared-slider,comparison,commercial/reptiles/red-eared-slider/vs-red-eyed-tree-frog.html,1668,634,39.43,4
reptiles,red-eyed-tree-frog,best-enrichment,commercial/reptiles/red-eyed-tree-frog/best-enrichment.html,1397,602,51.54,3
reptiles,red-eyed-tree-frog,best-food,commercial/reptiles/red-eyed-tree-frog/best-food.html,1398,635,51.53,8
reptiles,red-eyed-tree-frog,best-habitat-size,commercial/reptiles/red-eyed-tree-frog/best-habitat-size.html,1547,696,52.21,3
reptiles,red-eyed-tree-frog,best-insurance,commercial/reptiles/red-eyed-tree-frog/best-insurance.html,1464,619,54.18,3
reptiles,red-eyed-tree-frog,cost-to-own,commercial/reptiles/red-eyed-tree-frog/cost-to-own.html,1620,686,54.2,3
reptiles,red-eyed-tree-frog,first-time-owners,commercial/reptiles/red-eyed-tree-frog/first-time-owners.html,1625,721,52.85,3
reptiles,red-eyed-tree-frog,health-costs,commercial/reptiles/red-eyed-tree-frog/health-costs.html,1595,667,54.33,3
reptiles,red-eyed-tree-frog,comparison,commercial/reptiles/red-eyed-tree-frog/vs-red-eared-slider.html,1674,634,40.45,4
reptiles,red-eyed-tree-frog,comparison,commercial/reptiles/red-eyed-tree-frog/vs-red-footed-tortoise.html,1673,633,40.13,4
reptiles,red-footed-tortoise,best-enrichment,commercial/reptiles/red-footed-tortoise/best-enrichment.html,1340,607,52,3
reptiles,red-footed-tortoise,best-food,commercial/reptiles/red-footed-tortoise/best-food.html,1343,637,52,8
reptiles,red-footed-tortoise,best-habitat-size,commercial/reptiles/red-footed-tortoise/best-habitat-size.html,1499,703,52.43,3
reptiles,red-footed-tortoise,best-insurance,commercial/reptiles/red-footed-tortoise/best-insurance.html,1412,621,54.32,3
reptiles,red-footed-tortoise,cost-to-own,commercial/reptiles/red-footed-tortoise/cost-to-own.html,1570,692,54.35,3
reptiles,red-footed-tortoise,first-time-owners,commercial/reptiles/red-footed-tortoise/first-time-owners.html,1577,729,53.16,3
reptiles,red-footed-tortoise,health-costs,commercial/reptiles/red-footed-tortoise/health-costs.html,1548,674,54.33,3
reptiles,red-footed-tortoise,comparison,commercial/reptiles/red-footed-tortoise/vs-red-eyed-tree-frog.html,1667,633,41.09,4
reptiles,red-footed-tortoise,comparison,commercial/reptiles/red-footed-tortoise/vs-reticulated-python.html,1641,636,40.23,4
reptiles,reticulated-python,best-enrichment,commercial/reptiles/reticulated-python/best-enrichment.html,1347,605,51.62,3
reptiles,reticulated-python,best-food,commercial/reptiles/reticulated-python/best-food.html,1348,633,51.9,8
reptiles,reticulated-python,best-habitat-size,commercial/reptiles/reticulated-python/best-habitat-size.html,1509,697,52.07,3
reptiles,reticulated-python,best-insurance,commercial/reptiles/reticulated-python/best-insurance.html,1413,617,54.41,3
reptiles,reticulated-python,cost-to-own,commercial/reptiles/reticulated-python/cost-to-own.html,1574,686,54.18,3
reptiles,reticulated-python,first-time-owners,commercial/reptiles/reticulated-python/first-time-owners.html,1583,722,52.67,3
reptiles,reticulated-python,health-costs,commercial/reptiles/reticulated-python/health-costs.html,1550,667,54.31,3
reptiles,reticulated-python,comparison,commercial/reptiles/reticulated-python/vs-red-footed-tortoise.html,1640,634,41.31,4
reptiles,reticulated-python,comparison,commercial/reptiles/reticulated-python/vs-ring-neck-snake.html,1634,632,41.62,4
reptiles,ring-neck-snake,best-enrichment,commercial/reptiles/ring-neck-snake/best-enrichment.html,1336,599,53.07,3
reptiles,ring-neck-snake,best-food,commercial/reptiles/ring-neck-snake/best-food.html,1339,632,53.13,8
reptiles,ring-neck-snake,best-habitat-size,commercial/reptiles/ring-neck-snake/best-habitat-size.html,1489,695,53.55,3
reptiles,ring-neck-snake,best-insurance,commercial/reptiles/ring-neck-snake/best-insurance.html,1408,617,55.68,3
reptiles,ring-neck-snake,cost-to-own,commercial/reptiles/ring-neck-snake/cost-to-own.html,1560,684,55.57,3
reptiles,ring-neck-snake,first-time-owners,commercial/reptiles/ring-neck-snake/first-time-owners.html,1567,719,54.29,3
reptiles,ring-neck-snake,health-costs,commercial/reptiles/ring-neck-snake/health-costs.html,1538,666,55.55,3
reptiles,ring-neck-snake,comparison,commercial/reptiles/ring-neck-snake/vs-reticulated-python.html,1634,633,42.27,4
reptiles,ring-neck-snake,comparison,commercial/reptiles/ring-neck-snake/vs-rosy-boa.html,1621,629,42.07,4
reptiles,rosy-boa,best-enrichment,commercial/reptiles/rosy-boa/best-enrichment.html,1341,607,52.38,3
reptiles,rosy-boa,best-food,commercial/reptiles/rosy-boa/best-food.html,1344,636,52.3,8
reptiles,rosy-boa,best-habitat-size,commercial/reptiles/rosy-boa/best-habitat-size.html,1496,697,52.82,3
reptiles,rosy-boa,best-insurance,commercial/reptiles/rosy-boa/best-insurance.html,1413,619,54.69,3
reptiles,rosy-boa,cost-to-own,commercial/reptiles/rosy-boa/cost-to-own.html,1567,685,54.79,3
reptiles,rosy-boa,first-time-owners,commercial/reptiles/rosy-boa/first-time-owners.html,1574,722,53.58,3
reptiles,rosy-boa,health-costs,commercial/reptiles/rosy-boa/health-costs.html,1545,666,54.8,3
reptiles,rosy-boa,comparison,commercial/reptiles/rosy-boa/vs-ring-neck-snake.html,1622,628,42.91,4
reptiles,rosy-boa,comparison,commercial/reptiles/rosy-boa/vs-rough-green-snake.html,1706,666,39.87,4
reptiles,rough-green-snake,best-enrichment,commercial/reptiles/rough-green-snake/best-enrichment.html,1403,620,50.93,3
reptiles,rough-green-snake,best-food,commercial/reptiles/rough-green-snake/best-food.html,1407,653,50.3,8
reptiles,rough-green-snake,best-habitat-size,commercial/reptiles/rough-green-snake/best-habitat-size.html,1591,730,50.64,3
reptiles,rough-green-snake,best-insurance,commercial/reptiles/rough-green-snake/best-insurance.html,1469,634,50.67,3
reptiles,rough-green-snake,cost-to-own,commercial/reptiles/rough-green-snake/cost-to-own.html,1660,721,52.76,3
reptiles,rough-green-snake,first-time-owners,commercial/reptiles/rough-green-snake/first-time-owners.html,1671,759,51.32,3
reptiles,rough-green-snake,health-costs,commercial/reptiles/rough-green-snake/health-costs.html,1641,699,50.05,3
reptiles,rough-green-snake,comparison,commercial/reptiles/rough-green-snake/vs-rosy-boa.html,1711,667,40.81,4
reptiles,rough-green-snake,comparison,commercial/reptiles/rough-green-snake/vs-russian-tortoise.html,1718,674,41.02,4
reptiles,russian-tortoise,best-enrichment,commercial/reptiles/russian-tortoise/best-enrichment.html,1345,609,52.8,3
reptiles,russian-tortoise,best-food,commercial/reptiles/russian-tortoise/best-food.html,1348,639,52.72,8
reptiles,russian-tortoise,best-habitat-size,commercial/reptiles/russian-tortoise/best-habitat-size.html,1507,706,53.1,3
reptiles,russian-tortoise,best-insurance,commercial/reptiles/russian-tortoise/best-insurance.html,1417,624,54.96,3
reptiles,russian-tortoise,cost-to-own,commercial/reptiles/russian-tortoise/cost-to-own.html,1578,695,54.98,3
reptiles,russian-tortoise,first-time-owners,commercial/reptiles/russian-tortoise/first-time-owners.html,1585,731,54.04,3
reptiles,russian-tortoise,health-costs,commercial/reptiles/russian-tortoise/health-costs.html,1556,678,54.91,3
reptiles,russian-tortoise,comparison,commercial/reptiles/russian-tortoise/vs-rough-green-snake.html,1716,677,41.56,4
reptiles,russian-tortoise,comparison,commercial/reptiles/russian-tortoise/vs-sailfin-dragon.html,1801,679,38.9,4
reptiles,sailfin-dragon,best-enrichment,commercial/reptiles/sailfin-dragon/best-enrichment.html,1525,619,49.52,3
reptiles,sailfin-dragon,best-food,commercial/reptiles/sailfin-dragon/best-food.html,1523,657,49.49,8
reptiles,sailfin-dragon,best-habitat-size,commercial/reptiles/sailfin-dragon/best-habitat-size.html,1710,734,49.59,3
reptiles,sailfin-dragon,best-insurance,commercial/reptiles/sailfin-dragon/best-insurance.html,1586,636,49.94,3
reptiles,sailfin-dragon,cost-to-own,commercial/reptiles/sailfin-dragon/cost-to-own.html,1779,724,51.81,3
reptiles,sailfin-dragon,first-time-owners,commercial/reptiles/sailfin-dragon/first-time-owners.html,1783,761,50.29,3
reptiles,sailfin-dragon,health-costs,commercial/reptiles/sailfin-dragon/health-costs.html,1764,701,49.35,3
reptiles,sailfin-dragon,comparison,commercial/reptiles/sailfin-dragon/vs-russian-tortoise.html,1818,677,39.83,4
reptiles,sailfin-dragon,comparison,commercial/reptiles/sailfin-dragon/vs-satanic-leaf-tailed-gecko.html,1823,662,39.01,4
reptiles,satanic-leaf-tailed-gecko,best-enrichment,commercial/reptiles/satanic-leaf-tailed-gecko/best-enrichment.html,1383,603,50.78,3
reptiles,satanic-leaf-tailed-gecko,best-food,commercial/reptiles/satanic-leaf-tailed-gecko/best-food.html,1382,634,50.71,8
reptiles,satanic-leaf-tailed-gecko,best-habitat-size,commercial/reptiles/satanic-leaf-tailed-gecko/best-habitat-size.html,1508,688,51.62,3
reptiles,satanic-leaf-tailed-gecko,best-insurance,commercial/reptiles/satanic-leaf-tailed-gecko/best-insurance.html,1450,623,53.15,3
reptiles,satanic-leaf-tailed-gecko,cost-to-own,commercial/reptiles/satanic-leaf-tailed-gecko/cost-to-own.html,1583,677,53.5,3
reptiles,satanic-leaf-tailed-gecko,first-time-owners,commercial/reptiles/satanic-leaf-tailed-gecko/first-time-owners.html,1588,715,52.17,3
reptiles,satanic-leaf-tailed-gecko,health-costs,commercial/reptiles/satanic-leaf-tailed-gecko/health-costs.html,1558,660,53.7,3
reptiles,satanic-leaf-tailed-gecko,comparison,commercial/reptiles/satanic-leaf-tailed-gecko/vs-sailfin-dragon.html,1812,664,39.75,4
reptiles,satanic-leaf-tailed-gecko,comparison,commercial/reptiles/satanic-leaf-tailed-gecko/vs-savannah-monitor.html,1665,632,39.12,4
reptiles,savannah-monitor,best-enrichment,commercial/reptiles/savannah-monitor/best-enrichment.html,1354,603,51.61,3
reptiles,savannah-monitor,best-food,commercial/reptiles/savannah-monitor/best-food.html,1351,635,51.82,8
reptiles,savannah-monitor,best-habitat-size,commercial/reptiles/savannah-monitor/best-habitat-size.html,1511,697,52.21,3
reptiles,savannah-monitor,best-insurance,commercial/reptiles/savannah-monitor/best-insurance.html,1413,620,54.63,3
reptiles,savannah-monitor,cost-to-own,commercial/reptiles/savannah-monitor/cost-to-own.html,1576,691,54.25,3
reptiles,savannah-monitor,first-time-owners,commercial/reptiles/savannah-monitor/first-time-owners.html,1592,724,52.87,3
reptiles,savannah-monitor,health-costs,commercial/reptiles/savannah-monitor/health-costs.html,1551,671,54.82,3
reptiles,savannah-monitor,comparison,commercial/reptiles/savannah-monitor/vs-satanic-leaf-tailed-gecko.html,1656,629,39.92,4
reptiles,savannah-monitor,comparison,commercial/reptiles/savannah-monitor/vs-schneiders-skink.html,1645,632,39.72,4
reptiles,schneiders-skink,best-enrichment,commercial/reptiles/schneiders-skink/best-enrichment.html,1338,605,52.16,3
reptiles,schneiders-skink,best-food,commercial/reptiles/schneiders-skink/best-food.html,1341,634,52.22,8
reptiles,schneiders-skink,best-habitat-size,commercial/reptiles/schneiders-skink/best-habitat-size.html,1494,698,52.66,3
reptiles,schneiders-skink,best-insurance,commercial/reptiles/schneiders-skink/best-insurance.html,1410,618,54.65,3
reptiles,schneiders-skink,cost-to-own,commercial/reptiles/schneiders-skink/cost-to-own.html,1565,687,54.58,3
reptiles,schneiders-skink,first-time-owners,commercial/reptiles/schneiders-skink/first-time-owners.html,1572,721,53.48,3
reptiles,schneiders-skink,health-costs,commercial/reptiles/schneiders-skink/health-costs.html,1543,667,55,3
reptiles,schneiders-skink,comparison,commercial/reptiles/schneiders-skink/vs-savannah-monitor.html,1644,631,40.63,4
reptiles,schneiders-skink,comparison,commercial/reptiles/schneiders-skink/vs-softshell-turtle.html,1635,625,40.12,4
reptiles,softshell-turtle,best-enrichment,commercial/reptiles/softshell-turtle/best-enrichment.html,1347,605,52.06,3
reptiles,softshell-turtle,best-food,commercial/reptiles/softshell-turtle/best-food.html,1346,634,52.18,8
reptiles,softshell-turtle,best-habitat-size,commercial/reptiles/softshell-turtle/best-habitat-size.html,1509,698,52.51,3
reptiles,softshell-turtle,best-insurance,commercial/reptiles/softshell-turtle/best-insurance.html,1413,616,54.74,3
reptiles,softshell-turtle,cost-to-own,commercial/reptiles/softshell-turtle/cost-to-own.html,1576,684,54.53,3
reptiles,softshell-turtle,first-time-owners,commercial/reptiles/softshell-turtle/first-time-owners.html,1585,722,53.29,3
reptiles,softshell-turtle,health-costs,commercial/reptiles/softshell-turtle/health-costs.html,1552,667,55,3
reptiles,softshell-turtle,comparison,commercial/reptiles/softshell-turtle/vs-schneiders-skink.html,1635,626,41.07,4
reptiles,softshell-turtle,comparison,commercial/reptiles/softshell-turtle/vs-spotted-python.html,1604,629,41.19,4
reptiles,spotted-python,best-enrichment,commercial/reptiles/spotted-python/best-enrichment.html,1320,601,52.92,3
reptiles,spotted-python,best-food,commercial/reptiles/spotted-python/best-food.html,1321,633,52.99,8
reptiles,spotted-python,best-habitat-size,commercial/reptiles/spotted-python/best-habitat-size.html,1447,687,53.75,3
reptiles,spotted-python,best-insurance,commercial/reptiles/spotted-python/best-insurance.html,1392,621,55.69,3
reptiles,spotted-python,cost-to-own,commercial/reptiles/spotted-python/cost-to-own.html,1520,676,55.67,3
reptiles,spotted-python,first-time-owners,commercial/reptiles/spotted-python/first-time-owners.html,1527,713,54.37,3
reptiles,spotted-python,health-costs,commercial/reptiles/spotted-python/health-costs.html,1498,659,56.19,3
reptiles,spotted-python,comparison,commercial/reptiles/spotted-python/vs-softshell-turtle.html,1604,628,42.1,4
reptiles,spotted-python,comparison,commercial/reptiles/spotted-python/vs-sulcata-tortoise.html,1615,632,41.29,4
reptiles,sulcata-tortoise,best-enrichment,commercial/reptiles/sulcata-tortoise/best-enrichment.html,1348,606,52.54,3
reptiles,sulcata-tortoise,best-food,commercial/reptiles/sulcata-tortoise/best-food.html,1355,636,52.48,8
reptiles,sulcata-tortoise,best-habitat-size,commercial/reptiles/sulcata-tortoise/best-habitat-size.html,1517,700,52.84,3
reptiles,sulcata-tortoise,best-insurance,commercial/reptiles/sulcata-tortoise/best-insurance.html,1417,619,55.1,3
reptiles,sulcata-tortoise,cost-to-own,commercial/reptiles/sulcata-tortoise/cost-to-own.html,1580,691,54.89,3
reptiles,sulcata-tortoise,first-time-owners,commercial/reptiles/sulcata-tortoise/first-time-owners.html,1588,726,53.67,3
reptiles,sulcata-tortoise,health-costs,commercial/reptiles/sulcata-tortoise/health-costs.html,1557,673,55.37,3
reptiles,sulcata-tortoise,comparison,commercial/reptiles/sulcata-tortoise/vs-spotted-python.html,1614,632,42.15,4
reptiles,sulcata-tortoise,comparison,commercial/reptiles/sulcata-tortoise/vs-tegu.html,1630,665,41.56,4
reptiles,tegu,best-enrichment,commercial/reptiles/tegu/best-enrichment.html,1286,610,53.44,3
reptiles,tegu,best-food,commercial/reptiles/tegu/best-food.html,1293,645,53.41,8
reptiles,tegu,best-habitat-size,commercial/reptiles/tegu/best-habitat-size.html,1465,717,53.18,3
reptiles,tegu,best-insurance,commercial/reptiles/tegu/best-insurance.html,1360,627,55.97,3
reptiles,tegu,cost-to-own,commercial/reptiles/tegu/cost-to-own.html,1528,709,55.36,3
reptiles,tegu,first-time-owners,commercial/reptiles/tegu/first-time-owners.html,1538,746,53.82,3
reptiles,tegu,health-costs,commercial/reptiles/tegu/health-costs.html,1508,690,55.68,3
reptiles,tegu,comparison,commercial/reptiles/tegu/vs-sulcata-tortoise.html,1624,665,42.64,4
reptiles,tegu,comparison,commercial/reptiles/tegu/vs-tiger-salamander.html,1602,662,41.69,4
reptiles,tiger-salamander,best-enrichment,commercial/reptiles/tiger-salamander/best-enrichment.html,1337,602,52.39,3
reptiles,tiger-salamander,best-food,commercial/reptiles/tiger-salamander/best-food.html,1340,635,52.42,8
reptiles,tiger-salamander,best-habitat-size,commercial/reptiles/tiger-salamander/best-habitat-size.html,1492,697,52.8,3
reptiles,tiger-salamander,best-insurance,commercial/reptiles/tiger-salamander/best-insurance.html,1409,618,54.87,3
reptiles,tiger-salamander,cost-to-own,commercial/reptiles/tiger-salamander/cost-to-own.html,1563,686,54.75,3
reptiles,tiger-salamander,first-time-owners,commercial/reptiles/tiger-salamander/first-time-owners.html,1570,724,53.62,3
reptiles,tiger-salamander,health-costs,commercial/reptiles/tiger-salamander/health-costs.html,1541,668,55.15,3
reptiles,tiger-salamander,comparison,commercial/reptiles/tiger-salamander/vs-tegu.html,1608,662,42.65,4
reptiles,tiger-salamander,comparison,commercial/reptiles/tiger-salamander/vs-tokay-gecko.html,1665,671,40.03,4
reptiles,tokay-gecko,best-enrichment,commercial/reptiles/tokay-gecko/best-enrichment.html,1348,617,52.33,3
reptiles,tokay-gecko,best-food,commercial/reptiles/tokay-gecko/best-food.html,1353,653,51.77,8
reptiles,tokay-gecko,best-habitat-size,commercial/reptiles/tokay-gecko/best-habitat-size.html,1539,731,52.02,3
reptiles,tokay-gecko,best-insurance,commercial/reptiles/tokay-gecko/best-insurance.html,1432,636,51.79,3
reptiles,tokay-gecko,cost-to-own,commercial/reptiles/tokay-gecko/cost-to-own.html,1606,721,54.13,3
reptiles,tokay-gecko,first-time-owners,commercial/reptiles/tokay-gecko/first-time-owners.html,1620,757,52.65,3
reptiles,tokay-gecko,health-costs,commercial/reptiles/tokay-gecko/health-costs.html,1609,699,50.93,3
reptiles,tokay-gecko,comparison,commercial/reptiles/tokay-gecko/vs-tiger-salamander.html,1665,671,41.05,4
reptiles,tokay-gecko,comparison,commercial/reptiles/tokay-gecko/vs-tomato-frog.html,1664,670,41.06,4
reptiles,tomato-frog,best-enrichment,commercial/reptiles/tomato-frog/best-enrichment.html,1339,603,52.62,3
reptiles,tomato-frog,best-food,commercial/reptiles/tomato-frog/best-food.html,1342,636,52.63,8
reptiles,tomato-frog,best-habitat-size,commercial/reptiles/tomato-frog/best-habitat-size.html,1493,697,53.18,3
reptiles,tomato-frog,best-insurance,commercial/reptiles/tomato-frog/best-insurance.html,1411,619,55.1,3
reptiles,tomato-frog,cost-to-own,commercial/reptiles/tomato-frog/cost-to-own.html,1564,686,55.11,3
reptiles,tomato-frog,first-time-owners,commercial/reptiles/tomato-frog/first-time-owners.html,1571,724,53.85,3
reptiles,tomato-frog,health-costs,commercial/reptiles/tomato-frog/health-costs.html,1542,668,55.45,3
reptiles,tomato-frog,comparison,commercial/reptiles/tomato-frog/vs-tokay-gecko.html,1666,671,41.71,4
reptiles,tomato-frog,comparison,commercial/reptiles/tomato-frog/vs-tree-frog.html,1672,616,41.27,4
reptiles,tree-frog,best-enrichment,commercial/reptiles/tree-frog/best-enrichment.html,1406,601,51.75,3
reptiles,tree-frog,best-food,commercial/reptiles/tree-frog/best-food.html,1403,635,51.86,8
reptiles,tree-frog,best-habitat-size,commercial/reptiles/tree-frog/best-habitat-size.html,1562,694,52.47,3
reptiles,tree-frog,best-insurance,commercial/reptiles/tree-frog/best-insurance.html,1467,619,54.86,3
reptiles,tree-frog,cost-to-own,commercial/reptiles/tree-frog/cost-to-own.html,1631,685,54.52,3
reptiles,tree-frog,first-time-owners,commercial/reptiles/tree-frog/first-time-owners.html,1638,721,53.31,3
reptiles,tree-frog,health-costs,commercial/reptiles/tree-frog/health-costs.html,1604,667,55.45,3
reptiles,tree-frog,comparison,commercial/reptiles/tree-frog/vs-tomato-frog.html,1677,615,42.42,4
reptiles,tree-frog,comparison,commercial/reptiles/tree-frog/vs-uromastyx.html,1648,659,41.88,4
reptiles,uromastyx,best-enrichment,commercial/reptiles/uromastyx/best-enrichment.html,1276,615,54.39,3
reptiles,uromastyx,best-food,commercial/reptiles/uromastyx/best-food.html,1281,646,54.29,8
reptiles,uromastyx,best-habitat-size,commercial/reptiles/uromastyx/best-habitat-size.html,1439,714,54.18,3
reptiles,uromastyx,best-insurance,commercial/reptiles/uromastyx/best-insurance.html,1351,630,57.1,3
reptiles,uromastyx,cost-to-own,commercial/reptiles/uromastyx/cost-to-own.html,1508,708,56.27,3
reptiles,uromastyx,first-time-owners,commercial/reptiles/uromastyx/first-time-owners.html,1520,744,54.89,3
reptiles,uromastyx,health-costs,commercial/reptiles/uromastyx/health-costs.html,1489,693,56.86,3
reptiles,uromastyx,comparison,commercial/reptiles/uromastyx/vs-tree-frog.html,1636,660,42.85,4
reptiles,uromastyx,comparison,commercial/reptiles/uromastyx/vs-veiled-chameleon.html,1587,662,41.28,4
reptiles,veiled-chameleon,best-enrichment,commercial/reptiles/veiled-chameleon/best-enrichment.html,1335,601,53.25,3
reptiles,veiled-chameleon,best-food,commercial/reptiles/veiled-chameleon/best-food.html,1338,634,53.23,8
reptiles,veiled-chameleon,best-habitat-size,commercial/reptiles/veiled-chameleon/best-habitat-size.html,1490,698,53.57,3
reptiles,veiled-chameleon,best-insurance,commercial/reptiles/veiled-chameleon/best-insurance.html,1407,617,56.02,3
reptiles,veiled-chameleon,cost-to-own,commercial/reptiles/veiled-chameleon/cost-to-own.html,1561,687,55.51,3
reptiles,veiled-chameleon,first-time-owners,commercial/reptiles/veiled-chameleon/first-time-owners.html,1568,723,54.44,3
reptiles,veiled-chameleon,health-costs,commercial/reptiles/veiled-chameleon/health-costs.html,1539,668,56.23,3
reptiles,veiled-chameleon,comparison,commercial/reptiles/veiled-chameleon/vs-uromastyx.html,1592,661,42.17,4
reptiles,veiled-chameleon,comparison,commercial/reptiles/veiled-chameleon/vs-vine-snake.html,1621,632,41.22,4
reptiles,vine-snake,best-enrichment,commercial/reptiles/vine-snake/best-enrichment.html,1338,601,52.94,3
reptiles,vine-snake,best-food,commercial/reptiles/vine-snake/best-food.html,1341,634,53.01,8
reptiles,vine-snake,best-habitat-size,commercial/reptiles/vine-snake/best-habitat-size.html,1492,698,53.4,3
reptiles,vine-snake,best-insurance,commercial/reptiles/vine-snake/best-insurance.html,1410,619,55.8,3
reptiles,vine-snake,cost-to-own,commercial/reptiles/vine-snake/cost-to-own.html,1563,687,55.34,3
reptiles,vine-snake,first-time-owners,commercial/reptiles/vine-snake/first-time-owners.html,1570,721,53.97,3
reptiles,vine-snake,health-costs,commercial/reptiles/vine-snake/health-costs.html,1541,667,56.1,3
reptiles,vine-snake,comparison,commercial/reptiles/vine-snake/vs-veiled-chameleon.html,1623,634,42.07,4
reptiles,vine-snake,comparison,commercial/reptiles/vine-snake/vs-western-hognose.html,1637,626,41.32,4
reptiles,western-hognose,best-enrichment,commercial/reptiles/western-hognose/best-enrichment.html,1382,602,52.25,3
reptiles,western-hognose,best-food,commercial/reptiles/western-hognose/best-food.html,1381,634,52.37,8
reptiles,western-hognose,best-habitat-size,commercial/reptiles/western-hognose/best-habitat-size.html,1509,688,53.08,3
reptiles,western-hognose,best-insurance,commercial/reptiles/western-hognose/best-insurance.html,1449,622,55.38,3
reptiles,western-hognose,cost-to-own,commercial/reptiles/western-hognose/cost-to-own.html,1584,676,55.01,3
reptiles,western-hognose,first-time-owners,commercial/reptiles/western-hognose/first-time-owners.html,1589,713,53.96,3
reptiles,western-hognose,health-costs,commercial/reptiles/western-hognose/health-costs.html,1559,659,55.96,3
reptiles,western-hognose,comparison,commercial/reptiles/western-hognose/vs-vine-snake.html,1644,627,42.3,4
reptiles,western-hognose,comparison,commercial/reptiles/western-hognose/vs-whites-tree-frog.html,1689,628,42.15,4
reptiles,whites-tree-frog,best-enrichment,commercial/reptiles/whites-tree-frog/best-enrichment.html,1403,609,52.48,3
reptiles,whites-tree-frog,best-food,commercial/reptiles/whites-tree-frog/best-food.html,1402,638,52.48,8
reptiles,whites-tree-frog,best-habitat-size,commercial/reptiles/whites-tree-frog/best-habitat-size.html,1556,699,53.05,3
reptiles,whites-tree-frog,best-insurance,commercial/reptiles/whites-tree-frog/best-insurance.html,1467,621,55.54,3
reptiles,whites-tree-frog,cost-to-own,commercial/reptiles/whites-tree-frog/cost-to-own.html,1627,687,55.12,3
reptiles,whites-tree-frog,first-time-owners,commercial/reptiles/whites-tree-frog/first-time-owners.html,1633,724,53.95,3
reptiles,whites-tree-frog,health-costs,commercial/reptiles/whites-tree-frog/health-costs.html,1601,668,55.96,3
reptiles,whites-tree-frog,comparison,commercial/reptiles/whites-tree-frog/vs-western-hognose.html,1689,628,42.38,4
reptiles,whites-tree-frog,comparison,commercial/reptiles/whites-tree-frog/vs-woma-python.html,1645,627,42.49,4
reptiles,woma-python,best-enrichment,commercial/reptiles/woma-python/best-enrichment.html,1321,602,53.01,3
reptiles,woma-python,best-food,commercial/reptiles/woma-python/best-food.html,1322,634,53.28,8
reptiles,woma-python,best-habitat-size,commercial/reptiles/woma-python/best-habitat-size.html,1448,688,53.92,3
reptiles,woma-python,best-insurance,commercial/reptiles/woma-python/best-insurance.html,1393,622,56.17,3
reptiles,woma-python,cost-to-own,commercial/reptiles/woma-python/cost-to-own.html,1521,677,55.82,3
reptiles,woma-python,first-time-owners,commercial/reptiles/woma-python/first-time-owners.html,1528,715,54.51,3
reptiles,woma-python,health-costs,commercial/reptiles/woma-python/health-costs.html,1499,660,56.66,3
reptiles,woma-python,comparison,commercial/reptiles/woma-python/vs-whites-tree-frog.html,1638,628,43.33,4
reptiles,woma-python,comparison,commercial/reptiles/woma-python/vs-wood-turtle.html,1594,632,42.48,4
reptiles,wood-turtle,best-enrichment,commercial/reptiles/wood-turtle/best-enrichment.html,1331,598,53.09,3
reptiles,wood-turtle,best-food,commercial/reptiles/wood-turtle/best-food.html,1334,631,53.17,8
reptiles,wood-turtle,best-habitat-size,commercial/reptiles/wood-turtle/best-habitat-size.html,1486,695,53.67,3
reptiles,wood-turtle,best-insurance,commercial/reptiles/wood-turtle/best-insurance.html,1403,615,55.91,3
reptiles,wood-turtle,cost-to-own,commercial/reptiles/wood-turtle/cost-to-own.html,1557,685,55.53,3
reptiles,wood-turtle,first-time-owners,commercial/reptiles/wood-turtle/first-time-owners.html,1564,720,54.29,3
reptiles,wood-turtle,health-costs,commercial/reptiles/wood-turtle/health-costs.html,1535,666,56.25,3
reptiles,wood-turtle,comparison,commercial/reptiles/wood-turtle/vs-ackie-monitor.html,1619,624,39.91,4
small-animals,abyssinian-guinea-pig,best-enrichment,commercial/small-animals/abyssinian-guinea-pig/best-enrichment.html,1445,619,38.24,3
small-animals,abyssinian-guinea-pig,best-food,commercial/small-animals/abyssinian-guinea-pig/best-food.html,1455,666,35.37,8
small-animals,abyssinian-guinea-pig,best-habitat-size,commercial/small-animals/abyssinian-guinea-pig/best-habitat-size.html,1631,737,39,3
small-animals,abyssinian-guinea-pig,best-insurance,commercial/small-animals/abyssinian-guinea-pig/best-insurance.html,1491,633,44.21,3
small-animals,abyssinian-guinea-pig,cost-to-own,commercial/small-animals/abyssinian-guinea-pig/cost-to-own.html,1700,723,40.14,3
small-animals,abyssinian-guinea-pig,first-time-owners,commercial/small-animals/abyssinian-guinea-pig/first-time-owners.html,1709,757,40.19,3
small-animals,abyssinian-guinea-pig,health-costs,commercial/small-animals/abyssinian-guinea-pig/health-costs.html,1677,705,45.18,3
small-animals,abyssinian-guinea-pig,comparison,commercial/small-animals/abyssinian-guinea-pig/vs-african-pygmy-hedgehog.html,1768,663,28.08,4
small-animals,abyssinian-guinea-pig,comparison,commercial/small-animals/abyssinian-guinea-pig/vs-american-guinea-pig.html,1857,664,30.97,4
small-animals,african-pygmy-hedgehog,best-enrichment,commercial/small-animals/african-pygmy-hedgehog/best-enrichment.html,1410,599,41.05,3
small-animals,african-pygmy-hedgehog,best-food,commercial/small-animals/african-pygmy-hedgehog/best-food.html,1408,639,38.36,8
small-animals,african-pygmy-hedgehog,best-habitat-size,commercial/small-animals/african-pygmy-hedgehog/best-habitat-size.html,1510,683,42.51,3
small-animals,african-pygmy-hedgehog,best-insurance,commercial/small-animals/african-pygmy-hedgehog/best-insurance.html,1457,615,48.15,3
small-animals,african-pygmy-hedgehog,cost-to-own,commercial/small-animals/african-pygmy-hedgehog/cost-to-own.html,1587,666,43.18,3
small-animals,african-pygmy-hedgehog,first-time-owners,commercial/small-animals/african-pygmy-hedgehog/first-time-owners.html,1585,705,43.71,3
small-animals,african-pygmy-hedgehog,health-costs,commercial/small-animals/african-pygmy-hedgehog/health-costs.html,1551,656,50.79,3
small-animals,african-pygmy-hedgehog,comparison,commercial/small-animals/african-pygmy-hedgehog/vs-abyssinian-guinea-pig.html,1769,666,31.54,4
small-animals,african-pygmy-hedgehog,comparison,commercial/small-animals/african-pygmy-hedgehog/vs-american-guinea-pig.html,1754,656,37.31,4
small-animals,american-guinea-pig,best-enrichment,commercial/small-animals/american-guinea-pig/best-enrichment.html,1431,607,42.78,3
small-animals,american-guinea-pig,best-food,commercial/small-animals/american-guinea-pig/best-food.html,1444,653,40.11,8
small-animals,american-guinea-pig,best-habitat-size,commercial/small-animals/american-guinea-pig/best-habitat-size.html,1617,731,43.25,3
small-animals,american-guinea-pig,best-insurance,commercial/small-animals/american-guinea-pig/best-insurance.html,1498,627,46.53,3
small-animals,american-guinea-pig,cost-to-own,commercial/small-animals/american-guinea-pig/cost-to-own.html,1688,715,44.08,3
small-animals,american-guinea-pig,first-time-owners,commercial/small-animals/american-guinea-pig/first-time-owners.html,1685,753,44.28,3
small-animals,american-guinea-pig,health-costs,commercial/small-animals/american-guinea-pig/health-costs.html,1680,698,47.36,3
small-animals,american-guinea-pig,comparison,commercial/small-animals/american-guinea-pig/vs-african-pygmy-hedgehog.html,1752,652,37.64,4
small-animals,american-guinea-pig,comparison,commercial/small-animals/american-guinea-pig/vs-american-rabbit.html,1745,657,38.78,4
small-animals,american-rabbit,best-enrichment,commercial/small-animals/american-rabbit/best-enrichment.html,1368,605,44.7,3
small-animals,american-rabbit,best-food,commercial/small-animals/american-rabbit/best-food.html,1372,644,42.48,8
small-animals,american-rabbit,best-habitat-size,commercial/small-animals/american-rabbit/best-habitat-size.html,1505,697,45.36,3
small-animals,american-rabbit,best-insurance,commercial/small-animals/american-rabbit/best-insurance.html,1423,620,50.3,3
small-animals,american-rabbit,cost-to-own,commercial/small-animals/american-rabbit/cost-to-own.html,1580,681,46.31,3
small-animals,american-rabbit,first-time-owners,commercial/small-animals/american-rabbit/first-time-owners.html,1579,718,46.62,3
small-animals,american-rabbit,health-costs,commercial/small-animals/american-rabbit/health-costs.html,1548,670,51.86,3
small-animals,american-rabbit,comparison,commercial/small-animals/american-rabbit/vs-american-guinea-pig.html,1739,658,42.23,4
small-animals,american-rabbit,comparison,commercial/small-animals/american-rabbit/vs-angora-rabbit.html,1607,616,39.03,4
small-animals,angora-rabbit,best-enrichment,commercial/small-animals/angora-rabbit/best-enrichment.html,1349,597,46.06,3
small-animals,angora-rabbit,best-food,commercial/small-animals/angora-rabbit/best-food.html,1349,638,44.14,8
small-animals,angora-rabbit,best-habitat-size,commercial/small-animals/angora-rabbit/best-habitat-size.html,1450,681,47.12,3
small-animals,angora-rabbit,best-insurance,commercial/small-animals/angora-rabbit/best-insurance.html,1401,614,51.46,3
small-animals,angora-rabbit,cost-to-own,commercial/small-animals/angora-rabbit/cost-to-own.html,1525,664,48.26,3
small-animals,angora-rabbit,first-time-owners,commercial/small-animals/angora-rabbit/first-time-owners.html,1525,702,47.96,3
small-animals,angora-rabbit,health-costs,commercial/small-animals/angora-rabbit/health-costs.html,1492,654,53.2,3
small-animals,angora-rabbit,comparison,commercial/small-animals/angora-rabbit/vs-american-rabbit.html,1607,618,40.88,4
small-animals,angora-rabbit,comparison,commercial/small-animals/angora-rabbit/vs-baldwin-guinea-pig.html,1660,622,41.96,4
small-animals,baldwin-guinea-pig,best-enrichment,commercial/small-animals/baldwin-guinea-pig/best-enrichment.html,1432,607,47.37,3
small-animals,baldwin-guinea-pig,best-food,commercial/small-animals/baldwin-guinea-pig/best-food.html,1434,646,45.95,8
small-animals,baldwin-guinea-pig,best-habitat-size,commercial/small-animals/baldwin-guinea-pig/best-habitat-size.html,1578,701,47.57,3
small-animals,baldwin-guinea-pig,best-insurance,commercial/small-animals/baldwin-guinea-pig/best-insurance.html,1482,623,51.87,3
small-animals,baldwin-guinea-pig,cost-to-own,commercial/small-animals/baldwin-guinea-pig/cost-to-own.html,1655,683,48.75,3
small-animals,baldwin-guinea-pig,first-time-owners,commercial/small-animals/baldwin-guinea-pig/first-time-owners.html,1652,723,48.71,3
small-animals,baldwin-guinea-pig,health-costs,commercial/small-animals/baldwin-guinea-pig/health-costs.html,1620,674,52.57,3
small-animals,baldwin-guinea-pig,comparison,commercial/small-animals/baldwin-guinea-pig/vs-angora-rabbit.html,1666,621,42.94,4
small-animals,baldwin-guinea-pig,comparison,commercial/small-animals/baldwin-guinea-pig/vs-californian-rabbit.html,1702,618,44.92,4
small-animals,californian-rabbit,best-enrichment,commercial/small-animals/californian-rabbit/best-enrichment.html,1367,606,49.29,3
small-animals,californian-rabbit,best-food,commercial/small-animals/californian-rabbit/best-food.html,1371,645,47.85,8
small-animals,californian-rabbit,best-habitat-size,commercial/small-animals/californian-rabbit/best-habitat-size.html,1504,698,49.58,3
small-animals,californian-rabbit,best-insurance,commercial/small-animals/californian-rabbit/best-insurance.html,1422,621,52.89,3
small-animals,californian-rabbit,cost-to-own,commercial/small-animals/californian-rabbit/cost-to-own.html,1579,682,50.88,3
small-animals,californian-rabbit,first-time-owners,commercial/small-animals/californian-rabbit/first-time-owners.html,1578,719,50.88,3
small-animals,californian-rabbit,health-costs,commercial/small-animals/californian-rabbit/health-costs.html,1547,671,54.05,3
small-animals,californian-rabbit,comparison,commercial/small-animals/californian-rabbit/vs-baldwin-guinea-pig.html,1695,618,46.34,4
small-animals,californian-rabbit,comparison,commercial/small-animals/californian-rabbit/vs-chinchilla.html,1657,674,42.37,4
small-animals,chinchilla,best-enrichment,commercial/small-animals/chinchilla/best-enrichment.html,1319,622,49.61,3
small-animals,chinchilla,best-food,commercial/small-animals/chinchilla/best-food.html,1332,662,48.53,8
small-animals,chinchilla,best-habitat-size,commercial/small-animals/chinchilla/best-habitat-size.html,1506,733,48.65,3
small-animals,chinchilla,best-insurance,commercial/small-animals/chinchilla/best-insurance.html,1375,635,51.31,3
small-animals,chinchilla,cost-to-own,commercial/small-animals/chinchilla/cost-to-own.html,1571,721,50.84,3
small-animals,chinchilla,first-time-owners,commercial/small-animals/chinchilla/first-time-owners.html,1580,758,49.61,3
small-animals,chinchilla,health-costs,commercial/small-animals/chinchilla/health-costs.html,1548,701,50.5,3
small-animals,chinchilla,comparison,commercial/small-animals/chinchilla/vs-californian-rabbit.html,1649,671,43.6,4
small-animals,chinchilla,comparison,commercial/small-animals/chinchilla/vs-chinchilla-mutations.html,1697,662,40.29,4
small-animals,chinchilla-mutations,best-enrichment,commercial/small-animals/chinchilla-mutations/best-enrichment.html,1432,606,49.16,3
small-animals,chinchilla-mutations,best-food,commercial/small-animals/chinchilla-mutations/best-food.html,1434,644,48.62,8
small-animals,chinchilla-mutations,best-habitat-size,commercial/small-animals/chinchilla-mutations/best-habitat-size.html,1572,695,48.86,3
small-animals,chinchilla-mutations,best-insurance,commercial/small-animals/chinchilla-mutations/best-insurance.html,1479,620,52.47,3
small-animals,chinchilla-mutations,cost-to-own,commercial/small-animals/chinchilla-mutations/cost-to-own.html,1647,681,50.92,3
small-animals,chinchilla-mutations,first-time-owners,commercial/small-animals/chinchilla-mutations/first-time-owners.html,1646,719,50.07,3
small-animals,chinchilla-mutations,health-costs,commercial/small-animals/chinchilla-mutations/health-costs.html,1611,670,52.43,3
small-animals,chinchilla-mutations,comparison,commercial/small-animals/chinchilla-mutations/vs-chinchilla-standard-gray.html,1747,600,39.86,4
small-animals,chinchilla-mutations,comparison,commercial/small-animals/chinchilla-mutations/vs-chinchilla.html,1715,662,44.83,4
small-animals,chinchilla-standard-gray,best-enrichment,commercial/small-animals/chinchilla-standard-gray/best-enrichment.html,1433,608,51.06,3
small-animals,chinchilla-standard-gray,best-food,commercial/small-animals/chinchilla-standard-gray/best-food.html,1435,646,50.9,8
small-animals,chinchilla-standard-gray,best-habitat-size,commercial/small-animals/chinchilla-standard-gray/best-habitat-size.html,1573,697,50.82,3
small-animals,chinchilla-standard-gray,best-insurance,commercial/small-animals/chinchilla-standard-gray/best-insurance.html,1480,622,53.71,3
small-animals,chinchilla-standard-gray,cost-to-own,commercial/small-animals/chinchilla-standard-gray/cost-to-own.html,1648,682,52.81,3
small-animals,chinchilla-standard-gray,first-time-owners,commercial/small-animals/chinchilla-standard-gray/first-time-owners.html,1647,720,52.02,3
small-animals,chinchilla-standard-gray,health-costs,commercial/small-animals/chinchilla-standard-gray/health-costs.html,1612,671,53.53,3
small-animals,chinchilla-standard-gray,comparison,commercial/small-animals/chinchilla-standard-gray/vs-chinchilla-mutations.html,1748,603,44.05,4
small-animals,chinchilla-standard-gray,comparison,commercial/small-animals/chinchilla-standard-gray/vs-chinese-hamster.html,1744,664,42.45,4
small-animals,chinese-hamster,best-enrichment,commercial/small-animals/chinese-hamster/best-enrichment.html,1380,617,52.33,3
small-animals,chinese-hamster,best-food,commercial/small-animals/chinese-hamster/best-food.html,1390,662,51.62,8
small-animals,chinese-hamster,best-habitat-size,commercial/small-animals/chinese-hamster/best-habitat-size.html,1559,730,50.91,3
small-animals,chinese-hamster,best-insurance,commercial/small-animals/chinese-hamster/best-insurance.html,1423,630,51.73,3
small-animals,chinese-hamster,cost-to-own,commercial/small-animals/chinese-hamster/cost-to-own.html,1626,719,53.16,3
small-animals,chinese-hamster,first-time-owners,commercial/small-animals/chinese-hamster/first-time-owners.html,1627,756,52.33,3
small-animals,chinese-hamster,health-costs,commercial/small-animals/chinese-hamster/health-costs.html,1586,702,50.59,3
small-animals,chinese-hamster,comparison,commercial/small-animals/chinese-hamster/vs-chinchilla-standard-gray.html,1735,663,43.45,4
small-animals,chinese-hamster,comparison,commercial/small-animals/chinese-hamster/vs-continental-giant.html,1734,662,41.88,4
small-animals,continental-giant,best-enrichment,commercial/small-animals/continental-giant/best-enrichment.html,1433,608,53.53,3
small-animals,continental-giant,best-food,commercial/small-animals/continental-giant/best-food.html,1437,648,53.19,8
small-animals,continental-giant,best-habitat-size,commercial/small-animals/continental-giant/best-habitat-size.html,1572,697,52.69,3
small-animals,continental-giant,best-insurance,commercial/small-animals/continental-giant/best-insurance.html,1483,624,54.77,3
small-animals,continental-giant,cost-to-own,commercial/small-animals/continental-giant/cost-to-own.html,1647,680,54.77,3
small-animals,continental-giant,first-time-owners,commercial/small-animals/continental-giant/first-time-owners.html,1644,720,54.34,3
small-animals,continental-giant,health-costs,commercial/small-animals/continental-giant/health-costs.html,1612,671,54.63,3
small-animals,continental-giant,comparison,commercial/small-animals/continental-giant/vs-chinese-hamster.html,1742,664,42.26,4
small-animals,continental-giant,comparison,commercial/small-animals/continental-giant/vs-coronet-guinea-pig.html,1751,614,41.1,4
small-animals,coronet-guinea-pig,best-enrichment,commercial/small-animals/coronet-guinea-pig/best-enrichment.html,1432,608,54.79,3
small-animals,coronet-guinea-pig,best-food,commercial/small-animals/coronet-guinea-pig/best-food.html,1434,647,54.84,8
small-animals,coronet-guinea-pig,best-habitat-size,commercial/small-animals/coronet-guinea-pig/best-habitat-size.html,1578,702,54.09,3
small-animals,coronet-guinea-pig,best-insurance,commercial/small-animals/coronet-guinea-pig/best-insurance.html,1482,624,56.18,3
small-animals,coronet-guinea-pig,cost-to-own,commercial/small-animals/coronet-guinea-pig/cost-to-own.html,1655,684,55.95,3
small-animals,coronet-guinea-pig,first-time-owners,commercial/small-animals/coronet-guinea-pig/first-time-owners.html,1652,724,55.71,3
small-animals,coronet-guinea-pig,health-costs,commercial/small-animals/coronet-guinea-pig/health-costs.html,1620,675,55.73,3
small-animals,coronet-guinea-pig,comparison,commercial/small-animals/coronet-guinea-pig/vs-continental-giant.html,1750,613,42.13,4
small-animals,coronet-guinea-pig,comparison,commercial/small-animals/coronet-guinea-pig/vs-degu.html,1672,622,42.72,4
small-animals,degu,best-enrichment,commercial/small-animals/degu/best-enrichment.html,1318,608,54.88,3
small-animals,degu,best-food,commercial/small-animals/degu/best-food.html,1324,648,54.68,8
small-animals,degu,best-habitat-size,commercial/small-animals/degu/best-habitat-size.html,1467,697,53.97,3
small-animals,degu,best-insurance,commercial/small-animals/degu/best-insurance.html,1375,625,56.84,3
small-animals,degu,cost-to-own,commercial/small-animals/degu/cost-to-own.html,1538,683,56.24,3
small-animals,degu,first-time-owners,commercial/small-animals/degu/first-time-owners.html,1541,721,55.53,3
small-animals,degu,health-costs,commercial/small-animals/degu/health-costs.html,1508,673,56.46,3
small-animals,degu,comparison,commercial/small-animals/degu/vs-coronet-guinea-pig.html,1657,622,43.64,4
small-animals,degu,comparison,commercial/small-animals/degu/vs-dumbo-rat.html,1613,622,42.56,4
small-animals,dumbo-rat,best-enrichment,commercial/small-animals/dumbo-rat/best-enrichment.html,1369,607,53.26,3
small-animals,dumbo-rat,best-food,commercial/small-animals/dumbo-rat/best-food.html,1373,647,53.23,8
small-animals,dumbo-rat,best-habitat-size,commercial/small-animals/dumbo-rat/best-habitat-size.html,1516,699,52.56,3
small-animals,dumbo-rat,best-insurance,commercial/small-animals/dumbo-rat/best-insurance.html,1424,622,55.35,3
small-animals,dumbo-rat,cost-to-own,commercial/small-animals/dumbo-rat/cost-to-own.html,1589,684,54.67,3
small-animals,dumbo-rat,first-time-owners,commercial/small-animals/dumbo-rat/first-time-owners.html,1588,722,53.81,3
small-animals,dumbo-rat,health-costs,commercial/small-animals/dumbo-rat/health-costs.html,1557,673,54.86,3
small-animals,dumbo-rat,comparison,commercial/small-animals/dumbo-rat/vs-degu.html,1620,621,43.69,4
small-animals,dumbo-rat,comparison,commercial/small-animals/dumbo-rat/vs-dutch-rabbit.html,1651,616,43.31,4
small-animals,dutch-rabbit,best-enrichment,commercial/small-animals/dutch-rabbit/best-enrichment.html,1370,608,54.83,3
small-animals,dutch-rabbit,best-food,commercial/small-animals/dutch-rabbit/best-food.html,1374,648,54.78,8
small-animals,dutch-rabbit,best-habitat-size,commercial/small-animals/dutch-rabbit/best-habitat-size.html,1509,701,54.05,3
small-animals,dutch-rabbit,best-insurance,commercial/small-animals/dutch-rabbit/best-insurance.html,1425,625,56.4,3
small-animals,dutch-rabbit,cost-to-own,commercial/small-animals/dutch-rabbit/cost-to-own.html,1584,683,56.21,3
small-animals,dutch-rabbit,first-time-owners,commercial/small-animals/dutch-rabbit/first-time-owners.html,1583,722,55.71,3
small-animals,dutch-rabbit,health-costs,commercial/small-animals/dutch-rabbit/health-costs.html,1552,673,56.29,3
small-animals,dutch-rabbit,comparison,commercial/small-animals/dutch-rabbit/vs-dumbo-rat.html,1653,617,44.15,4
small-animals,dutch-rabbit,comparison,commercial/small-animals/dutch-rabbit/vs-dwarf-campbell.html,1698,625,43.07,4
small-animals,dwarf-campbell,best-enrichment,commercial/small-animals/dwarf-campbell/best-enrichment.html,1437,610,52.66,3
small-animals,dwarf-campbell,best-food,commercial/small-animals/dwarf-campbell/best-food.html,1441,649,52.45,8
small-animals,dwarf-campbell,best-habitat-size,commercial/small-animals/dwarf-campbell/best-habitat-size.html,1579,699,51.82,3
small-animals,dwarf-campbell,best-insurance,commercial/small-animals/dwarf-campbell/best-insurance.html,1484,624,54.4,3
small-animals,dwarf-campbell,cost-to-own,commercial/small-animals/dwarf-campbell/cost-to-own.html,1652,685,53.75,3
small-animals,dwarf-campbell,first-time-owners,commercial/small-animals/dwarf-campbell/first-time-owners.html,1651,723,53.31,3
small-animals,dwarf-campbell,health-costs,commercial/small-animals/dwarf-campbell/health-costs.html,1616,674,54.08,3
small-animals,dwarf-campbell,comparison,commercial/small-animals/dwarf-campbell/vs-dutch-rabbit.html,1709,627,43.41,4
small-animals,dwarf-campbell,comparison,commercial/small-animals/dwarf-campbell/vs-dwarf-hamster.html,1917,662,40.02,4
small-animals,dwarf-hamster,best-enrichment,commercial/small-animals/dwarf-hamster/best-enrichment.html,1611,611,50.97,3
small-animals,dwarf-hamster,best-food,commercial/small-animals/dwarf-hamster/best-food.html,1614,654,50.42,8
small-animals,dwarf-hamster,best-habitat-size,commercial/small-animals/dwarf-hamster/best-habitat-size.html,1786,722,49.6,3
small-animals,dwarf-hamster,best-insurance,commercial/small-animals/dwarf-hamster/best-insurance.html,1638,626,50.27,3
small-animals,dwarf-hamster,cost-to-own,commercial/small-animals/dwarf-hamster/cost-to-own.html,1860,716,51.57,3
small-animals,dwarf-hamster,first-time-owners,commercial/small-animals/dwarf-hamster/first-time-owners.html,1854,751,51.27,3
small-animals,dwarf-hamster,health-costs,commercial/small-animals/dwarf-hamster/health-costs.html,1813,695,49.35,3
small-animals,dwarf-hamster,comparison,commercial/small-animals/dwarf-hamster/vs-dwarf-campbell.html,1941,660,40.89,4
small-animals,dwarf-hamster,comparison,commercial/small-animals/dwarf-hamster/vs-dwarf-hotot.html,1930,662,41.97,4
small-animals,dwarf-hotot,best-enrichment,commercial/small-animals/dwarf-hotot/best-enrichment.html,1431,608,53.05,3
small-animals,dwarf-hotot,best-food,commercial/small-animals/dwarf-hotot/best-food.html,1433,646,53.01,8
small-animals,dwarf-hotot,best-habitat-size,commercial/small-animals/dwarf-hotot/best-habitat-size.html,1566,701,52.33,3
small-animals,dwarf-hotot,best-insurance,commercial/small-animals/dwarf-hotot/best-insurance.html,1481,624,54.88,3
small-animals,dwarf-hotot,cost-to-own,commercial/small-animals/dwarf-hotot/cost-to-own.html,1643,684,54.54,3
small-animals,dwarf-hotot,first-time-owners,commercial/small-animals/dwarf-hotot/first-time-owners.html,1640,721,54.06,3
small-animals,dwarf-hotot,health-costs,commercial/small-animals/dwarf-hotot/health-costs.html,1608,673,54.84,3
small-animals,dwarf-hotot,comparison,commercial/small-animals/dwarf-hotot/vs-dwarf-hamster.html,1909,666,42.85,4
small-animals,dwarf-hotot,comparison,commercial/small-animals/dwarf-hotot/vs-emperor-scorpion.html,1660,624,41.97,4
small-animals,emperor-scorpion,best-enrichment,commercial/small-animals/emperor-scorpion/best-enrichment.html,1350,600,52.37,3
small-animals,emperor-scorpion,best-food,commercial/small-animals/emperor-scorpion/best-food.html,1350,639,52.31,8
small-animals,emperor-scorpion,best-habitat-size,commercial/small-animals/emperor-scorpion/best-habitat-size.html,1452,683,52.3,3
small-animals,emperor-scorpion,best-insurance,commercial/small-animals/emperor-scorpion/best-insurance.html,1402,615,55.27,3
small-animals,emperor-scorpion,cost-to-own,commercial/small-animals/emperor-scorpion/cost-to-own.html,1527,667,54.74,3
small-animals,emperor-scorpion,first-time-owners,commercial/small-animals/emperor-scorpion/first-time-owners.html,1527,705,52.89,3
small-animals,emperor-scorpion,health-costs,commercial/small-animals/emperor-scorpion/health-costs.html,1494,657,55.27,3
small-animals,emperor-scorpion,comparison,commercial/small-animals/emperor-scorpion/vs-dwarf-hotot.html,1651,621,42.79,4
small-animals,emperor-scorpion,comparison,commercial/small-animals/emperor-scorpion/vs-english-angora.html,1648,626,40.81,4
small-animals,english-angora,best-enrichment,commercial/small-animals/english-angora/best-enrichment.html,1427,602,52.28,3
small-animals,english-angora,best-food,commercial/small-animals/english-angora/best-food.html,1429,642,52.39,8
small-animals,english-angora,best-habitat-size,commercial/small-animals/english-angora/best-habitat-size.html,1559,699,52.18,3
small-animals,english-angora,best-insurance,commercial/small-animals/english-angora/best-insurance.html,1477,621,54.83,3
small-animals,english-angora,cost-to-own,commercial/small-animals/english-angora/cost-to-own.html,1636,682,54.3,3
small-animals,english-angora,first-time-owners,commercial/small-animals/english-angora/first-time-owners.html,1633,718,53.3,3
small-animals,english-angora,health-costs,commercial/small-animals/english-angora/health-costs.html,1601,671,54.77,3
small-animals,english-angora,comparison,commercial/small-animals/english-angora/vs-emperor-scorpion.html,1655,627,40.66,4
small-animals,english-angora,comparison,commercial/small-animals/english-angora/vs-english-lop.html,1736,616,41.93,4
small-animals,english-lop,best-enrichment,commercial/small-animals/english-lop/best-enrichment.html,1433,607,54.59,3
small-animals,english-lop,best-food,commercial/small-animals/english-lop/best-food.html,1435,647,54.48,8
small-animals,english-lop,best-habitat-size,commercial/small-animals/english-lop/best-habitat-size.html,1573,699,54.18,3
small-animals,english-lop,best-insurance,commercial/small-animals/english-lop/best-insurance.html,1483,624,56.8,3
small-animals,english-lop,cost-to-own,commercial/small-animals/english-lop/cost-to-own.html,1650,682,56.19,3
small-animals,english-lop,first-time-owners,commercial/small-animals/english-lop/first-time-owners.html,1647,721,55.84,3
small-animals,english-lop,health-costs,commercial/small-animals/english-lop/health-costs.html,1615,673,56.95,3
small-animals,english-lop,comparison,commercial/small-animals/english-lop/vs-english-angora.html,1736,615,43.17,4
small-animals,english-lop,comparison,commercial/small-animals/english-lop/vs-fancy-mouse.html,1713,623,42.04,4
small-animals,fancy-mouse,best-enrichment,commercial/small-animals/fancy-mouse/best-enrichment.html,1375,608,53.33,3
small-animals,fancy-mouse,best-food,commercial/small-animals/fancy-mouse/best-food.html,1381,648,53.28,8
small-animals,fancy-mouse,best-habitat-size,commercial/small-animals/fancy-mouse/best-habitat-size.html,1528,698,52.48,3
small-animals,fancy-mouse,best-insurance,commercial/small-animals/fancy-mouse/best-insurance.html,1430,623,55.61,3
small-animals,fancy-mouse,cost-to-own,commercial/small-animals/fancy-mouse/cost-to-own.html,1599,683,54.65,3
small-animals,fancy-mouse,first-time-owners,commercial/small-animals/fancy-mouse/first-time-owners.html,1598,722,54.09,3
small-animals,fancy-mouse,health-costs,commercial/small-animals/fancy-mouse/health-costs.html,1567,673,55.27,3
small-animals,fancy-mouse,comparison,commercial/small-animals/fancy-mouse/vs-english-lop.html,1705,624,42.72,4
small-animals,fancy-mouse,comparison,commercial/small-animals/fancy-mouse/vs-fancy-rat.html,1667,621,41.51,4
small-animals,fancy-rat,best-enrichment,commercial/small-animals/fancy-rat/best-enrichment.html,1370,607,55.26,3
small-animals,fancy-rat,best-food,commercial/small-animals/fancy-rat/best-food.html,1374,647,55.3,8
small-animals,fancy-rat,best-habitat-size,commercial/small-animals/fancy-rat/best-habitat-size.html,1517,699,54.84,3
small-animals,fancy-rat,best-insurance,commercial/small-animals/fancy-rat/best-insurance.html,1425,622,57.58,3
small-animals,fancy-rat,cost-to-own,commercial/small-animals/fancy-rat/cost-to-own.html,1590,684,56.84,3
small-animals,fancy-rat,first-time-owners,commercial/small-animals/fancy-rat/first-time-owners.html,1589,722,56.49,3
small-animals,fancy-rat,health-costs,commercial/small-animals/fancy-rat/health-costs.html,1558,673,57.45,3
small-animals,fancy-rat,comparison,commercial/small-animals/fancy-rat/vs-fancy-mouse.html,1666,620,43.11,4
small-animals,fancy-rat,comparison,commercial/small-animals/fancy-rat/vs-fennec-fox.html,1620,629,42.29,4
small-animals,fennec-fox,best-enrichment,commercial/small-animals/fennec-fox/best-enrichment.html,1352,599,52.37,3
small-animals,fennec-fox,best-food,commercial/small-animals/fennec-fox/best-food.html,1350,638,52.41,8
small-animals,fennec-fox,best-habitat-size,commercial/small-animals/fennec-fox/best-habitat-size.html,1457,682,52.56,3
small-animals,fennec-fox,best-insurance,commercial/small-animals/fennec-fox/best-insurance.html,1401,614,55.58,3
small-animals,fennec-fox,cost-to-own,commercial/small-animals/fennec-fox/cost-to-own.html,1530,666,54.94,3
small-animals,fennec-fox,first-time-owners,commercial/small-animals/fennec-fox/first-time-owners.html,1531,705,52.91,3
small-animals,fennec-fox,health-costs,commercial/small-animals/fennec-fox/health-costs.html,1496,656,55.84,3
small-animals,fennec-fox,comparison,commercial/small-animals/fennec-fox/vs-fancy-rat.html,1619,628,42.85,4
small-animals,fennec-fox,comparison,commercial/small-animals/fennec-fox/vs-ferret.html,1635,666,39.9,4
small-animals,ferret,best-enrichment,commercial/small-animals/ferret/best-enrichment.html,1326,622,53.63,3
small-animals,ferret,best-food,commercial/small-animals/ferret/best-food.html,1338,667,53.13,8
small-animals,ferret,best-habitat-size,commercial/small-animals/ferret/best-habitat-size.html,1503,731,52.03,3
small-animals,ferret,best-insurance,commercial/small-animals/ferret/best-insurance.html,1363,633,53.33,3
small-animals,ferret,cost-to-own,commercial/small-animals/ferret/cost-to-own.html,1568,724,54.37,3
small-animals,ferret,first-time-owners,commercial/small-animals/ferret/first-time-owners.html,1587,756,52.86,3
small-animals,ferret,health-costs,commercial/small-animals/ferret/health-costs.html,1536,705,51.64,3
small-animals,ferret,comparison,commercial/small-animals/ferret/vs-fennec-fox.html,1627,664,40.49,4
small-animals,ferret,comparison,commercial/small-animals/ferret/vs-ferret-albino.html,1668,660,41.58,4
small-animals,ferret-albino,best-enrichment,commercial/small-animals/ferret-albino/best-enrichment.html,1373,605,53.23,3
small-animals,ferret-albino,best-food,commercial/small-animals/ferret-albino/best-food.html,1377,644,53.34,8
small-animals,ferret-albino,best-habitat-size,commercial/small-animals/ferret-albino/best-habitat-size.html,1519,693,52.65,3
small-animals,ferret-albino,best-insurance,commercial/small-animals/ferret-albino/best-insurance.html,1425,620,55.7,3
small-animals,ferret-albino,cost-to-own,commercial/small-animals/ferret-albino/cost-to-own.html,1592,680,54.76,3
small-animals,ferret-albino,first-time-owners,commercial/small-animals/ferret-albino/first-time-owners.html,1593,715,53.69,3
small-animals,ferret-albino,health-costs,commercial/small-animals/ferret-albino/health-costs.html,1559,670,55.01,3
small-animals,ferret-albino,comparison,commercial/small-animals/ferret-albino/vs-ferret-sable.html,1663,598,42.12,4
small-animals,ferret-albino,comparison,commercial/small-animals/ferret-albino/vs-ferret.html,1677,661,46.17,4
small-animals,ferret-sable,best-enrichment,commercial/small-animals/ferret-sable/best-enrichment.html,1375,608,54.45,3
small-animals,ferret-sable,best-food,commercial/small-animals/ferret-sable/best-food.html,1379,647,54.73,8
small-animals,ferret-sable,best-habitat-size,commercial/small-animals/ferret-sable/best-habitat-size.html,1521,696,54.16,3
small-animals,ferret-sable,best-insurance,commercial/small-animals/ferret-sable/best-insurance.html,1427,623,56.96,3
small-animals,ferret-sable,cost-to-own,commercial/small-animals/ferret-sable/cost-to-own.html,1594,683,56.19,3
small-animals,ferret-sable,first-time-owners,commercial/small-animals/ferret-sable/first-time-owners.html,1595,718,55.24,3
small-animals,ferret-sable,health-costs,commercial/small-animals/ferret-sable/health-costs.html,1561,673,56.41,3
small-animals,ferret-sable,comparison,commercial/small-animals/ferret-sable/vs-ferret-albino.html,1665,601,46.77,4
small-animals,ferret-sable,comparison,commercial/small-animals/ferret-sable/vs-flemish-giant.html,1757,673,42.04,4
small-animals,flemish-giant,best-enrichment,commercial/small-animals/flemish-giant/best-enrichment.html,1445,621,52.03,3
small-animals,flemish-giant,best-food,commercial/small-animals/flemish-giant/best-food.html,1455,668,51.6,8
small-animals,flemish-giant,best-habitat-size,commercial/small-animals/flemish-giant/best-habitat-size.html,1626,739,50.78,3
small-animals,flemish-giant,best-insurance,commercial/small-animals/flemish-giant/best-insurance.html,1498,639,51.77,3
small-animals,flemish-giant,cost-to-own,commercial/small-animals/flemish-giant/cost-to-own.html,1697,727,53.01,3
small-animals,flemish-giant,first-time-owners,commercial/small-animals/flemish-giant/first-time-owners.html,1704,764,51.68,3
small-animals,flemish-giant,health-costs,commercial/small-animals/flemish-giant/health-costs.html,1679,707,50.22,3
small-animals,flemish-giant,comparison,commercial/small-animals/flemish-giant/vs-ferret-sable.html,1767,673,42.86,4
small-animals,flemish-giant,comparison,commercial/small-animals/flemish-giant/vs-flying-squirrel.html,1888,677,39.26,4
small-animals,flying-squirrel,best-enrichment,commercial/small-animals/flying-squirrel/best-enrichment.html,1553,607,50.91,3
small-animals,flying-squirrel,best-food,commercial/small-animals/flying-squirrel/best-food.html,1553,646,51.1,8
small-animals,flying-squirrel,best-habitat-size,commercial/small-animals/flying-squirrel/best-habitat-size.html,1689,700,50.43,3
small-animals,flying-squirrel,best-insurance,commercial/small-animals/flying-squirrel/best-insurance.html,1590,625,53.43,3
small-animals,flying-squirrel,cost-to-own,commercial/small-animals/flying-squirrel/cost-to-own.html,1766,686,52.64,3
small-animals,flying-squirrel,first-time-owners,commercial/small-animals/flying-squirrel/first-time-owners.html,1761,722,51.49,3
small-animals,flying-squirrel,health-costs,commercial/small-animals/flying-squirrel/health-costs.html,1724,675,53.05,3
small-animals,flying-squirrel,comparison,commercial/small-animals/flying-squirrel/vs-flemish-giant.html,1906,679,40.07,4
small-animals,flying-squirrel,comparison,commercial/small-animals/flying-squirrel/vs-french-lop.html,1844,627,40.71,4
small-animals,french-lop,best-enrichment,commercial/small-animals/french-lop/best-enrichment.html,1432,607,53.82,3
small-animals,french-lop,best-food,commercial/small-animals/french-lop/best-food.html,1434,648,53.85,8
small-animals,french-lop,best-habitat-size,commercial/small-animals/french-lop/best-habitat-size.html,1567,698,53.26,3
small-animals,french-lop,best-insurance,commercial/small-animals/french-lop/best-insurance.html,1482,625,56.09,3
small-animals,french-lop,cost-to-own,commercial/small-animals/french-lop/cost-to-own.html,1644,681,55.51,3
small-animals,french-lop,first-time-owners,commercial/small-animals/french-lop/first-time-owners.html,1641,720,54.77,3
small-animals,french-lop,health-costs,commercial/small-animals/french-lop/health-costs.html,1609,672,55.83,3
small-animals,french-lop,comparison,commercial/small-animals/french-lop/vs-flying-squirrel.html,1828,626,41.32,4
small-animals,french-lop,comparison,commercial/small-animals/french-lop/vs-gerbil.html,1665,624,41.8,4
small-animals,gerbil,best-enrichment,commercial/small-animals/gerbil/best-enrichment.html,1317,611,55.16,3
small-animals,gerbil,best-food,commercial/small-animals/gerbil/best-food.html,1325,651,55.14,8
small-animals,gerbil,best-habitat-size,commercial/small-animals/gerbil/best-habitat-size.html,1470,702,54.24,3
small-animals,gerbil,best-insurance,commercial/small-animals/gerbil/best-insurance.html,1377,626,56.82,3
small-animals,gerbil,cost-to-own,commercial/small-animals/gerbil/cost-to-own.html,1539,687,56.3,3
small-animals,gerbil,first-time-owners,commercial/small-animals/gerbil/first-time-owners.html,1540,724,55.49,3
small-animals,gerbil,health-costs,commercial/small-animals/gerbil/health-costs.html,1510,677,56.29,3
small-animals,gerbil,comparison,commercial/small-animals/gerbil/vs-french-lop.html,1650,624,42.85,4
small-animals,gerbil,comparison,commercial/small-animals/gerbil/vs-giant-african-land-snail.html,1656,630,39.57,4
small-animals,giant-african-land-snail,best-enrichment,commercial/small-animals/giant-african-land-snail/best-enrichment.html,1467,600,50.75,3
small-animals,giant-african-land-snail,best-food,commercial/small-animals/giant-african-land-snail/best-food.html,1463,640,50.96,8
small-animals,giant-african-land-snail,best-habitat-size,commercial/small-animals/giant-african-land-snail/best-habitat-size.html,1565,684,50.83,3
small-animals,giant-african-land-snail,best-insurance,commercial/small-animals/giant-african-land-snail/best-insurance.html,1509,616,54.09,3
small-animals,giant-african-land-snail,cost-to-own,commercial/small-animals/giant-african-land-snail/cost-to-own.html,1644,668,53.44,3
small-animals,giant-african-land-snail,first-time-owners,commercial/small-animals/giant-african-land-snail/first-time-owners.html,1640,706,51.27,3
small-animals,giant-african-land-snail,health-costs,commercial/small-animals/giant-african-land-snail/health-costs.html,1605,658,54.07,3
small-animals,giant-african-land-snail,comparison,commercial/small-animals/giant-african-land-snail/vs-gerbil.html,1676,627,40.47,4
small-animals,giant-african-land-snail,comparison,commercial/small-animals/giant-african-land-snail/vs-hairless-rat.html,1713,626,40.47,4
small-animals,hairless-rat,best-enrichment,commercial/small-animals/hairless-rat/best-enrichment.html,1373,610,54.17,3
small-animals,hairless-rat,best-food,commercial/small-animals/hairless-rat/best-food.html,1377,649,54.15,8
small-animals,hairless-rat,best-habitat-size,commercial/small-animals/hairless-rat/best-habitat-size.html,1521,701,53.66,3
small-animals,hairless-rat,best-insurance,commercial/small-animals/hairless-rat/best-insurance.html,1428,625,56.08,3
small-animals,hairless-rat,cost-to-own,commercial/small-animals/hairless-rat/cost-to-own.html,1594,686,55.6,3
small-animals,hairless-rat,first-time-owners,commercial/small-animals/hairless-rat/first-time-owners.html,1593,724,54.81,3
small-animals,hairless-rat,health-costs,commercial/small-animals/hairless-rat/health-costs.html,1562,676,55.71,3
small-animals,hairless-rat,comparison,commercial/small-animals/hairless-rat/vs-giant-african-land-snail.html,1700,629,40.77,4
small-animals,hairless-rat,comparison,commercial/small-animals/hairless-rat/vs-harlequin-rabbit.html,1652,627,43.27,4
small-animals,harlequin-rabbit,best-enrichment,commercial/small-animals/harlequin-rabbit/best-enrichment.html,1369,607,54.18,3
small-animals,harlequin-rabbit,best-food,commercial/small-animals/harlequin-rabbit/best-food.html,1373,647,54.37,8
small-animals,harlequin-rabbit,best-habitat-size,commercial/small-animals/harlequin-rabbit/best-habitat-size.html,1505,700,53.6,3
small-animals,harlequin-rabbit,best-insurance,commercial/small-animals/harlequin-rabbit/best-insurance.html,1424,624,56.4,3
small-animals,harlequin-rabbit,cost-to-own,commercial/small-animals/harlequin-rabbit/cost-to-own.html,1580,682,55.91,3
small-animals,harlequin-rabbit,first-time-owners,commercial/small-animals/harlequin-rabbit/first-time-owners.html,1579,721,54.88,3
small-animals,harlequin-rabbit,health-costs,commercial/small-animals/harlequin-rabbit/health-costs.html,1548,672,56,3
small-animals,harlequin-rabbit,comparison,commercial/small-animals/harlequin-rabbit/vs-hairless-rat.html,1651,625,44,4
small-animals,harlequin-rabbit,comparison,commercial/small-animals/harlequin-rabbit/vs-hedgehog.html,1754,668,40.66,4
small-animals,hedgehog,best-enrichment,commercial/small-animals/hedgehog/best-enrichment.html,1433,610,51.31,3
small-animals,hedgehog,best-food,commercial/small-animals/hedgehog/best-food.html,1463,660,50.25,8
small-animals,hedgehog,best-habitat-size,commercial/small-animals/hedgehog/best-habitat-size.html,1626,733,49.47,3
small-animals,hedgehog,best-insurance,commercial/small-animals/hedgehog/best-insurance.html,1519,631,49.9,3
small-animals,hedgehog,cost-to-own,commercial/small-animals/hedgehog/cost-to-own.html,1697,719,51.79,3
small-animals,hedgehog,first-time-owners,commercial/small-animals/hedgehog/first-time-owners.html,1690,758,51.03,3
small-animals,hedgehog,health-costs,commercial/small-animals/hedgehog/health-costs.html,1692,702,48.82,3
small-animals,hedgehog,comparison,commercial/small-animals/hedgehog/vs-harlequin-rabbit.html,1760,668,41.51,4
small-animals,hedgehog,comparison,commercial/small-animals/hedgehog/vs-hermit-crab-pet.html,1768,661,39.75,4
small-animals,hermit-crab-pet,best-enrichment,commercial/small-animals/hermit-crab-pet/best-enrichment.html,1410,601,51.08,3
small-animals,hermit-crab-pet,best-food,commercial/small-animals/hermit-crab-pet/best-food.html,1408,642,51.06,8
small-animals,hermit-crab-pet,best-habitat-size,commercial/small-animals/hermit-crab-pet/best-habitat-size.html,1510,686,51.23,3
small-animals,hermit-crab-pet,best-insurance,commercial/small-animals/hermit-crab-pet/best-insurance.html,1457,618,53.9,3
small-animals,hermit-crab-pet,cost-to-own,commercial/small-animals/hermit-crab-pet/cost-to-own.html,1587,670,53.57,3
small-animals,hermit-crab-pet,first-time-owners,commercial/small-animals/hermit-crab-pet/first-time-owners.html,1585,709,51.59,3
small-animals,hermit-crab-pet,health-costs,commercial/small-animals/hermit-crab-pet/health-costs.html,1551,660,54.13,3
small-animals,hermit-crab-pet,comparison,commercial/small-animals/hermit-crab-pet/vs-hedgehog.html,1770,664,40.43,4
small-animals,hermit-crab-pet,comparison,commercial/small-animals/hermit-crab-pet/vs-hissing-cockroach.html,1664,601,40.39,4
small-animals,hissing-cockroach,best-enrichment,commercial/small-animals/hissing-cockroach/best-enrichment.html,1410,602,51.38,3
small-animals,hissing-cockroach,best-food,commercial/small-animals/hissing-cockroach/best-food.html,1408,642,51.3,8
small-animals,hissing-cockroach,best-habitat-size,commercial/small-animals/hissing-cockroach/best-habitat-size.html,1509,685,51.49,3
small-animals,hissing-cockroach,best-insurance,commercial/small-animals/hissing-cockroach/best-insurance.html,1457,617,53.99,3
small-animals,hissing-cockroach,cost-to-own,commercial/small-animals/hissing-cockroach/cost-to-own.html,1586,669,53.76,3
small-animals,hissing-cockroach,first-time-owners,commercial/small-animals/hissing-cockroach/first-time-owners.html,1584,707,52.23,3
small-animals,hissing-cockroach,health-costs,commercial/small-animals/hissing-cockroach/health-costs.html,1550,659,54.3,3
small-animals,hissing-cockroach,comparison,commercial/small-animals/hissing-cockroach/vs-hermit-crab-pet.html,1664,600,40.95,4
small-animals,hissing-cockroach,comparison,commercial/small-animals/hissing-cockroach/vs-holland-lop.html,1745,655,39.85,4
small-animals,holland-lop,best-enrichment,commercial/small-animals/holland-lop/best-enrichment.html,1439,616,52.68,3
small-animals,holland-lop,best-food,commercial/small-animals/holland-lop/best-food.html,1450,661,51.89,8
small-animals,holland-lop,best-habitat-size,commercial/small-animals/holland-lop/best-habitat-size.html,1619,730,51.34,3
small-animals,holland-lop,best-insurance,commercial/small-animals/holland-lop/best-insurance.html,1494,637,51.49,3
small-animals,holland-lop,cost-to-own,commercial/small-animals/holland-lop/cost-to-own.html,1690,718,53.43,3
small-animals,holland-lop,first-time-owners,commercial/small-animals/holland-lop/first-time-owners.html,1687,754,52.47,3
small-animals,holland-lop,health-costs,commercial/small-animals/holland-lop/health-costs.html,1666,698,50.83,3
small-animals,holland-lop,comparison,commercial/small-animals/holland-lop/vs-hissing-cockroach.html,1744,652,40.6,4
small-animals,holland-lop,comparison,commercial/small-animals/holland-lop/vs-jersey-wooly.html,1744,646,40.86,4
small-animals,jersey-wooly,best-enrichment,commercial/small-animals/jersey-wooly/best-enrichment.html,1409,597,52.68,3
small-animals,jersey-wooly,best-food,commercial/small-animals/jersey-wooly/best-food.html,1407,637,52.34,8
small-animals,jersey-wooly,best-habitat-size,commercial/small-animals/jersey-wooly/best-habitat-size.html,1508,681,52.66,3
small-animals,jersey-wooly,best-insurance,commercial/small-animals/jersey-wooly/best-insurance.html,1456,614,55.14,3
small-animals,jersey-wooly,cost-to-own,commercial/small-animals/jersey-wooly/cost-to-own.html,1585,664,54.95,3
small-animals,jersey-wooly,first-time-owners,commercial/small-animals/jersey-wooly/first-time-owners.html,1583,701,53.33,3
small-animals,jersey-wooly,health-costs,commercial/small-animals/jersey-wooly/health-costs.html,1549,654,55.48,3
small-animals,jersey-wooly,comparison,commercial/small-animals/jersey-wooly/vs-holland-lop.html,1744,646,41.76,4
small-animals,jersey-wooly,comparison,commercial/small-animals/jersey-wooly/vs-lionhead.html,1703,644,40.17,4
small-animals,lionhead,best-enrichment,commercial/small-animals/lionhead/best-enrichment.html,1376,613,53.56,3
small-animals,lionhead,best-food,commercial/small-animals/lionhead/best-food.html,1387,656,53.05,8
small-animals,lionhead,best-habitat-size,commercial/small-animals/lionhead/best-habitat-size.html,1547,722,52.23,3
small-animals,lionhead,best-insurance,commercial/small-animals/lionhead/best-insurance.html,1428,631,53.46,3
small-animals,lionhead,cost-to-own,commercial/small-animals/lionhead/cost-to-own.html,1614,713,54.84,3
small-animals,lionhead,first-time-owners,commercial/small-animals/lionhead/first-time-owners.html,1623,747,53.05,3
small-animals,lionhead,health-costs,commercial/small-animals/lionhead/health-costs.html,1591,696,51.94,3
small-animals,lionhead,comparison,commercial/small-animals/lionhead/vs-jersey-wooly.html,1696,644,40.94,4
small-animals,lionhead,comparison,commercial/small-animals/lionhead/vs-long-haired-hamster.html,1737,648,40.44,4
small-animals,long-haired-hamster,best-enrichment,commercial/small-animals/long-haired-hamster/best-enrichment.html,1469,599,51.36,3
small-animals,long-haired-hamster,best-food,commercial/small-animals/long-haired-hamster/best-food.html,1465,640,51.24,8
small-animals,long-haired-hamster,best-habitat-size,commercial/small-animals/long-haired-hamster/best-habitat-size.html,1566,683,51.37,3
small-animals,long-haired-hamster,best-insurance,commercial/small-animals/long-haired-hamster/best-insurance.html,1511,615,53.42,3
small-animals,long-haired-hamster,cost-to-own,commercial/small-animals/long-haired-hamster/cost-to-own.html,1645,666,53.6,3
small-animals,long-haired-hamster,first-time-owners,commercial/small-animals/long-haired-hamster/first-time-owners.html,1641,703,52.2,3
small-animals,long-haired-hamster,health-costs,commercial/small-animals/long-haired-hamster/health-costs.html,1606,656,53.76,3
small-animals,long-haired-hamster,comparison,commercial/small-animals/long-haired-hamster/vs-lionhead.html,1752,651,41.26,4
small-animals,long-haired-hamster,comparison,commercial/small-animals/long-haired-hamster/vs-mini-lop.html,1749,621,41.6,4
small-animals,mini-lop,best-enrichment,commercial/small-animals/mini-lop/best-enrichment.html,1432,609,53.8,3
small-animals,mini-lop,best-food,commercial/small-animals/mini-lop/best-food.html,1434,649,53.22,8
small-animals,mini-lop,best-habitat-size,commercial/small-animals/mini-lop/best-habitat-size.html,1569,702,53.09,3
small-animals,mini-lop,best-insurance,commercial/small-animals/mini-lop/best-insurance.html,1482,625,54.96,3
small-animals,mini-lop,cost-to-own,commercial/small-animals/mini-lop/cost-to-own.html,1646,684,55.09,3
small-animals,mini-lop,first-time-owners,commercial/small-animals/mini-lop/first-time-owners.html,1643,723,54.43,3
small-animals,mini-lop,health-costs,commercial/small-animals/mini-lop/health-costs.html,1611,674,54.94,3
small-animals,mini-lop,comparison,commercial/small-animals/mini-lop/vs-long-haired-hamster.html,1744,621,41.99,4
small-animals,mini-lop,comparison,commercial/small-animals/mini-lop/vs-mini-rex.html,1796,670,41.49,4
small-animals,mini-rex,best-enrichment,commercial/small-animals/mini-rex/best-enrichment.html,1446,620,52.8,3
small-animals,mini-rex,best-food,commercial/small-animals/mini-rex/best-food.html,1458,665,52,8
small-animals,mini-rex,best-habitat-size,commercial/small-animals/mini-rex/best-habitat-size.html,1631,728,51.52,3
small-animals,mini-rex,best-insurance,commercial/small-animals/mini-rex/best-insurance.html,1501,637,52.29,3
small-animals,mini-rex,cost-to-own,commercial/small-animals/mini-rex/cost-to-own.html,1700,720,54.02,3
small-animals,mini-rex,first-time-owners,commercial/small-animals/mini-rex/first-time-owners.html,1701,757,52.59,3
small-animals,mini-rex,health-costs,commercial/small-animals/mini-rex/health-costs.html,1682,702,51.25,3
small-animals,mini-rex,comparison,commercial/small-animals/mini-rex/vs-mini-lop.html,1793,666,42.82,4
small-animals,mini-rex,comparison,commercial/small-animals/mini-rex/vs-mongolian-gerbil.html,1763,666,41.36,4
small-animals,mongolian-gerbil,best-enrichment,commercial/small-animals/mongolian-gerbil/best-enrichment.html,1374,608,52.05,3
small-animals,mongolian-gerbil,best-food,commercial/small-animals/mongolian-gerbil/best-food.html,1380,648,51.71,8
small-animals,mongolian-gerbil,best-habitat-size,commercial/small-animals/mongolian-gerbil/best-habitat-size.html,1524,699,51.17,3
small-animals,mongolian-gerbil,best-insurance,commercial/small-animals/mongolian-gerbil/best-insurance.html,1429,623,53.65,3
small-animals,mongolian-gerbil,cost-to-own,commercial/small-animals/mongolian-gerbil/cost-to-own.html,1595,684,53.61,3
small-animals,mongolian-gerbil,first-time-owners,commercial/small-animals/mongolian-gerbil/first-time-owners.html,1594,722,52.46,3
small-animals,mongolian-gerbil,health-costs,commercial/small-animals/mongolian-gerbil/health-costs.html,1563,674,53.25,3
small-animals,mongolian-gerbil,comparison,commercial/small-animals/mongolian-gerbil/vs-mini-rex.html,1755,670,42.24,4
small-animals,mongolian-gerbil,comparison,commercial/small-animals/mongolian-gerbil/vs-mouse.html,1672,616,40.57,4
small-animals,mouse,best-enrichment,commercial/small-animals/mouse/best-enrichment.html,1375,608,52.29,3
small-animals,mouse,best-food,commercial/small-animals/mouse/best-food.html,1381,648,51.96,8
small-animals,mouse,best-habitat-size,commercial/small-animals/mouse/best-habitat-size.html,1528,698,51.43,3
small-animals,mouse,best-insurance,commercial/small-animals/mouse/best-insurance.html,1430,623,53.73,3
small-animals,mouse,cost-to-own,commercial/small-animals/mouse/cost-to-own.html,1599,683,53.75,3
small-animals,mouse,first-time-owners,commercial/small-animals/mouse/first-time-owners.html,1598,722,52.69,3
small-animals,mouse,health-costs,commercial/small-animals/mouse/health-costs.html,1567,673,53.31,3
small-animals,mouse,comparison,commercial/small-animals/mouse/vs-mongolian-gerbil.html,1672,616,41.96,4
small-animals,mouse,comparison,commercial/small-animals/mouse/vs-netherland-dwarf.html,1755,669,40.94,4
small-animals,netherland-dwarf,best-enrichment,commercial/small-animals/netherland-dwarf/best-enrichment.html,1444,621,52.07,3
small-animals,netherland-dwarf,best-food,commercial/small-animals/netherland-dwarf/best-food.html,1455,665,51.34,8
small-animals,netherland-dwarf,best-habitat-size,commercial/small-animals/netherland-dwarf/best-habitat-size.html,1623,728,51.17,3
small-animals,netherland-dwarf,best-insurance,commercial/small-animals/netherland-dwarf/best-insurance.html,1490,636,52.32,3
small-animals,netherland-dwarf,cost-to-own,commercial/small-animals/netherland-dwarf/cost-to-own.html,1692,721,53.49,3
small-animals,netherland-dwarf,first-time-owners,commercial/small-animals/netherland-dwarf/first-time-owners.html,1695,757,51.86,3
small-animals,netherland-dwarf,health-costs,commercial/small-animals/netherland-dwarf/health-costs.html,1665,701,51.57,3
small-animals,netherland-dwarf,comparison,commercial/small-animals/netherland-dwarf/vs-mouse.html,1764,667,41.79,4
small-animals,netherland-dwarf,comparison,commercial/small-animals/netherland-dwarf/vs-new-zealand-white.html,1829,667,42.14,4
small-animals,new-zealand-white,best-enrichment,commercial/small-animals/new-zealand-white/best-enrichment.html,1490,608,53.33,3
small-animals,new-zealand-white,best-food,commercial/small-animals/new-zealand-white/best-food.html,1490,649,53.01,8
small-animals,new-zealand-white,best-habitat-size,commercial/small-animals/new-zealand-white/best-habitat-size.html,1622,700,52.4,3
small-animals,new-zealand-white,best-insurance,commercial/small-animals/new-zealand-white/best-insurance.html,1535,625,54.55,3
small-animals,new-zealand-white,cost-to-own,commercial/small-animals/new-zealand-white/cost-to-own.html,1701,683,54.74,3
small-animals,new-zealand-white,first-time-owners,commercial/small-animals/new-zealand-white/first-time-owners.html,1696,722,54.02,3
small-animals,new-zealand-white,health-costs,commercial/small-animals/new-zealand-white/health-costs.html,1663,674,54.33,3
small-animals,new-zealand-white,comparison,commercial/small-animals/new-zealand-white/vs-netherland-dwarf.html,1838,671,42.65,4
small-animals,new-zealand-white,comparison,commercial/small-animals/new-zealand-white/vs-peruvian-guinea-pig.html,1845,674,39.51,4
small-animals,peruvian-guinea-pig,best-enrichment,commercial/small-animals/peruvian-guinea-pig/best-enrichment.html,1439,619,50.83,3
small-animals,peruvian-guinea-pig,best-food,commercial/small-animals/peruvian-guinea-pig/best-food.html,1446,662,50.37,8
small-animals,peruvian-guinea-pig,best-habitat-size,commercial/small-animals/peruvian-guinea-pig/best-habitat-size.html,1625,742,49.34,3
small-animals,peruvian-guinea-pig,best-insurance,commercial/small-animals/peruvian-guinea-pig/best-insurance.html,1487,636,49.95,3
small-animals,peruvian-guinea-pig,cost-to-own,commercial/small-animals/peruvian-guinea-pig/cost-to-own.html,1696,728,51.47,3
small-animals,peruvian-guinea-pig,first-time-owners,commercial/small-animals/peruvian-guinea-pig/first-time-owners.html,1702,762,50.54,3
small-animals,peruvian-guinea-pig,health-costs,commercial/small-animals/peruvian-guinea-pig/health-costs.html,1666,709,48.92,3
small-animals,peruvian-guinea-pig,comparison,commercial/small-animals/peruvian-guinea-pig/vs-new-zealand-white.html,1837,671,40.84,4
small-animals,peruvian-guinea-pig,comparison,commercial/small-animals/peruvian-guinea-pig/vs-polish-rabbit.html,1753,669,42.45,4
small-animals,polish-rabbit,best-enrichment,commercial/small-animals/polish-rabbit/best-enrichment.html,1369,605,55.87,3
small-animals,polish-rabbit,best-food,commercial/small-animals/polish-rabbit/best-food.html,1373,645,55.32,8
small-animals,polish-rabbit,best-habitat-size,commercial/small-animals/polish-rabbit/best-habitat-size.html,1505,699,54.85,3
small-animals,polish-rabbit,best-insurance,commercial/small-animals/polish-rabbit/best-insurance.html,1424,623,56.64,3
small-animals,polish-rabbit,cost-to-own,commercial/small-animals/polish-rabbit/cost-to-own.html,1580,681,57.07,3
small-animals,polish-rabbit,first-time-owners,commercial/small-animals/polish-rabbit/first-time-owners.html,1579,719,56.58,3
small-animals,polish-rabbit,health-costs,commercial/small-animals/polish-rabbit/health-costs.html,1548,671,56.39,3
small-animals,polish-rabbit,comparison,commercial/small-animals/polish-rabbit/vs-peruvian-guinea-pig.html,1746,669,43.22,4
small-animals,polish-rabbit,comparison,commercial/small-animals/polish-rabbit/vs-prairie-dog.html,1646,624,42.67,4
small-animals,prairie-dog,best-enrichment,commercial/small-animals/prairie-dog/best-enrichment.html,1369,605,52.44,3
small-animals,prairie-dog,best-food,commercial/small-animals/prairie-dog/best-food.html,1373,641,52.47,8
small-animals,prairie-dog,best-habitat-size,commercial/small-animals/prairie-dog/best-habitat-size.html,1512,696,51.7,3
small-animals,prairie-dog,best-insurance,commercial/small-animals/prairie-dog/best-insurance.html,1424,623,53.88,3
small-animals,prairie-dog,cost-to-own,commercial/small-animals/prairie-dog/cost-to-own.html,1585,684,53.8,3
small-animals,prairie-dog,first-time-owners,commercial/small-animals/prairie-dog/first-time-owners.html,1584,716,52.91,3
small-animals,prairie-dog,health-costs,commercial/small-animals/prairie-dog/health-costs.html,1553,673,53.27,3
small-animals,prairie-dog,comparison,commercial/small-animals/prairie-dog/vs-polish-rabbit.html,1645,623,43.5,4
small-animals,prairie-dog,comparison,commercial/small-animals/prairie-dog/vs-rat.html,1654,624,42.02,4
small-animals,rat,best-enrichment,commercial/small-animals/rat/best-enrichment.html,1371,607,54.03,3
small-animals,rat,best-food,commercial/small-animals/rat/best-food.html,1375,647,53.89,8
small-animals,rat,best-habitat-size,commercial/small-animals/rat/best-habitat-size.html,1518,700,53.09,3
small-animals,rat,best-insurance,commercial/small-animals/rat/best-insurance.html,1426,623,55.54,3
small-animals,rat,cost-to-own,commercial/small-animals/rat/cost-to-own.html,1591,685,55.17,3
small-animals,rat,first-time-owners,commercial/small-animals/rat/first-time-owners.html,1590,722,54.85,3
small-animals,rat,health-costs,commercial/small-animals/rat/health-costs.html,1559,674,55.05,3
small-animals,rat,comparison,commercial/small-animals/rat/vs-prairie-dog.html,1655,625,42.66,4
small-animals,rat,comparison,commercial/small-animals/rat/vs-rex-guinea-pig.html,1659,624,42.56,4
small-animals,rex-guinea-pig,best-enrichment,commercial/small-animals/rex-guinea-pig/best-enrichment.html,1409,596,52.23,3
small-animals,rex-guinea-pig,best-food,commercial/small-animals/rex-guinea-pig/best-food.html,1407,637,52.33,8
small-animals,rex-guinea-pig,best-habitat-size,commercial/small-animals/rex-guinea-pig/best-habitat-size.html,1511,681,51.55,3
small-animals,rex-guinea-pig,best-insurance,commercial/small-animals/rex-guinea-pig/best-insurance.html,1456,613,54.35,3
small-animals,rex-guinea-pig,cost-to-own,commercial/small-animals/rex-guinea-pig/cost-to-own.html,1588,664,54.02,3
small-animals,rex-guinea-pig,first-time-owners,commercial/small-animals/rex-guinea-pig/first-time-owners.html,1586,702,53.46,3
small-animals,rex-guinea-pig,health-costs,commercial/small-animals/rex-guinea-pig/health-costs.html,1552,654,54.22,3
small-animals,rex-guinea-pig,comparison,commercial/small-animals/rex-guinea-pig/vs-rat.html,1666,623,43.25,4
small-animals,rex-guinea-pig,comparison,commercial/small-animals/rex-guinea-pig/vs-rex-rabbit.html,1657,616,45.77,4
small-animals,rex-rabbit,best-enrichment,commercial/small-animals/rex-rabbit/best-enrichment.html,1369,606,56.61,3
small-animals,rex-rabbit,best-food,commercial/small-animals/rex-rabbit/best-food.html,1373,646,56.3,8
small-animals,rex-rabbit,best-habitat-size,commercial/small-animals/rex-rabbit/best-habitat-size.html,1505,699,55.65,3
small-animals,rex-rabbit,best-insurance,commercial/small-animals/rex-rabbit/best-insurance.html,1424,623,57.9,3
small-animals,rex-rabbit,cost-to-own,commercial/small-animals/rex-rabbit/cost-to-own.html,1580,681,57.92,3
small-animals,rex-rabbit,first-time-owners,commercial/small-animals/rex-rabbit/first-time-owners.html,1579,720,57.62,3
small-animals,rex-rabbit,health-costs,commercial/small-animals/rex-rabbit/health-costs.html,1548,671,57.65,3
small-animals,rex-rabbit,comparison,commercial/small-animals/rex-rabbit/vs-rex-guinea-pig.html,1651,617,46.25,4
small-animals,rex-rabbit,comparison,commercial/small-animals/rex-rabbit/vs-roborovski-hamster.html,1721,673,42.68,4
small-animals,roborovski-hamster,best-enrichment,commercial/small-animals/roborovski-hamster/best-enrichment.html,1388,617,52,3
small-animals,roborovski-hamster,best-food,commercial/small-animals/roborovski-hamster/best-food.html,1408,663,51.16,8
small-animals,roborovski-hamster,best-habitat-size,commercial/small-animals/roborovski-hamster/best-habitat-size.html,1580,728,50.37,3
small-animals,roborovski-hamster,best-insurance,commercial/small-animals/roborovski-hamster/best-insurance.html,1442,629,51.07,3
small-animals,roborovski-hamster,cost-to-own,commercial/small-animals/roborovski-hamster/cost-to-own.html,1647,720,52.51,3
small-animals,roborovski-hamster,first-time-owners,commercial/small-animals/roborovski-hamster/first-time-owners.html,1656,756,51.42,3
small-animals,roborovski-hamster,health-costs,commercial/small-animals/roborovski-hamster/health-costs.html,1616,701,49.59,3
small-animals,roborovski-hamster,comparison,commercial/small-animals/roborovski-hamster/vs-rex-rabbit.html,1719,672,42.95,4
small-animals,roborovski-hamster,comparison,commercial/small-animals/roborovski-hamster/vs-short-tailed-opossum.html,1685,661,40.24,4
small-animals,short-tailed-opossum,best-enrichment,commercial/small-animals/short-tailed-opossum/best-enrichment.html,1349,600,52.66,3
small-animals,short-tailed-opossum,best-food,commercial/small-animals/short-tailed-opossum/best-food.html,1349,639,52.45,8
small-animals,short-tailed-opossum,best-habitat-size,commercial/small-animals/short-tailed-opossum/best-habitat-size.html,1451,683,52.59,3
small-animals,short-tailed-opossum,best-insurance,commercial/small-animals/short-tailed-opossum/best-insurance.html,1401,616,54.92,3
small-animals,short-tailed-opossum,cost-to-own,commercial/small-animals/short-tailed-opossum/cost-to-own.html,1526,667,54.94,3
small-animals,short-tailed-opossum,first-time-owners,commercial/small-animals/short-tailed-opossum/first-time-owners.html,1526,706,52.94,3
small-animals,short-tailed-opossum,health-costs,commercial/small-animals/short-tailed-opossum/health-costs.html,1493,657,54.98,3
small-animals,short-tailed-opossum,comparison,commercial/small-animals/short-tailed-opossum/vs-roborovski-hamster.html,1687,663,40.84,4
small-animals,short-tailed-opossum,comparison,commercial/small-animals/short-tailed-opossum/vs-silkie-guinea-pig.html,1661,622,41.81,4
small-animals,silkie-guinea-pig,best-enrichment,commercial/small-animals/silkie-guinea-pig/best-enrichment.html,1435,609,53.67,3
small-animals,silkie-guinea-pig,best-food,commercial/small-animals/silkie-guinea-pig/best-food.html,1437,648,53.77,8
small-animals,silkie-guinea-pig,best-habitat-size,commercial/small-animals/silkie-guinea-pig/best-habitat-size.html,1581,703,52.73,3
small-animals,silkie-guinea-pig,best-insurance,commercial/small-animals/silkie-guinea-pig/best-insurance.html,1485,625,55.3,3
small-animals,silkie-guinea-pig,cost-to-own,commercial/small-animals/silkie-guinea-pig/cost-to-own.html,1658,685,54.82,3
small-animals,silkie-guinea-pig,first-time-owners,commercial/small-animals/silkie-guinea-pig/first-time-owners.html,1655,725,54.24,3
small-animals,silkie-guinea-pig,health-costs,commercial/small-animals/silkie-guinea-pig/health-costs.html,1623,676,54.69,3
small-animals,silkie-guinea-pig,comparison,commercial/small-animals/silkie-guinea-pig/vs-short-tailed-opossum.html,1670,624,42.12,4
small-animals,silkie-guinea-pig,comparison,commercial/small-animals/silkie-guinea-pig/vs-skinny-pig.html,1898,663,40.04,4
small-animals,skinny-pig,best-enrichment,commercial/small-animals/skinny-pig/best-enrichment.html,1565,625,50.03,3
small-animals,skinny-pig,best-food,commercial/small-animals/skinny-pig/best-food.html,1569,666,50.21,8
small-animals,skinny-pig,best-habitat-size,commercial/small-animals/skinny-pig/best-habitat-size.html,1751,740,48.96,3
small-animals,skinny-pig,best-insurance,commercial/small-animals/skinny-pig/best-insurance.html,1594,633,50.42,3
small-animals,skinny-pig,cost-to-own,commercial/small-animals/skinny-pig/cost-to-own.html,1824,727,51.42,3
small-animals,skinny-pig,first-time-owners,commercial/small-animals/skinny-pig/first-time-owners.html,1827,764,50.17,3
small-animals,skinny-pig,health-costs,commercial/small-animals/skinny-pig/health-costs.html,1784,705,48.96,3
small-animals,skinny-pig,comparison,commercial/small-animals/skinny-pig/vs-silkie-guinea-pig.html,1913,664,40.67,4
small-animals,skinny-pig,comparison,commercial/small-animals/skinny-pig/vs-stick-insect.html,1908,668,38.99,4
small-animals,stick-insect,best-enrichment,commercial/small-animals/stick-insect/best-enrichment.html,1471,604,50.89,3
small-animals,stick-insect,best-food,commercial/small-animals/stick-insect/best-food.html,1467,644,50.87,8
small-animals,stick-insect,best-habitat-size,commercial/small-animals/stick-insect/best-habitat-size.html,1569,688,50.83,3
small-animals,stick-insect,best-insurance,commercial/small-animals/stick-insect/best-insurance.html,1513,619,53.23,3
small-animals,stick-insect,cost-to-own,commercial/small-animals/stick-insect/cost-to-own.html,1648,672,53.19,3
small-animals,stick-insect,first-time-owners,commercial/small-animals/stick-insect/first-time-owners.html,1644,709,51.47,3
small-animals,stick-insect,health-costs,commercial/small-animals/stick-insect/health-costs.html,1609,662,53.35,3
small-animals,stick-insect,comparison,commercial/small-animals/stick-insect/vs-skinny-pig.html,1901,669,39.64,4
small-animals,stick-insect,comparison,commercial/small-animals/stick-insect/vs-sugar-glider.html,1763,670,37.76,4
small-animals,sugar-glider,best-enrichment,commercial/small-animals/sugar-glider/best-enrichment.html,1379,618,52.06,3
small-animals,sugar-glider,best-food,commercial/small-animals/sugar-glider/best-food.html,1396,664,51.15,8
small-animals,sugar-glider,best-habitat-size,commercial/small-animals/sugar-glider/best-habitat-size.html,1564,732,50.36,3
small-animals,sugar-glider,best-insurance,commercial/small-animals/sugar-glider/best-insurance.html,1441,638,51.01,3
small-animals,sugar-glider,cost-to-own,commercial/small-animals/sugar-glider/cost-to-own.html,1633,720,52.67,3
small-animals,sugar-glider,first-time-owners,commercial/small-animals/sugar-glider/first-time-owners.html,1634,756,51.48,3
small-animals,sugar-glider,health-costs,commercial/small-animals/sugar-glider/health-costs.html,1614,704,49.78,3
small-animals,sugar-glider,comparison,commercial/small-animals/sugar-glider/vs-stick-insect.html,1747,668,38.45,4
small-animals,sugar-glider,comparison,commercial/small-animals/sugar-glider/vs-syrian-hamster.html,1846,703,36.77,4
small-animals,syrian-hamster,best-enrichment,commercial/small-animals/syrian-hamster/best-enrichment.html,1499,615,50.05,3
small-animals,syrian-hamster,best-food,commercial/small-animals/syrian-hamster/best-food.html,1515,662,49.68,8
small-animals,syrian-hamster,best-habitat-size,commercial/small-animals/syrian-hamster/best-habitat-size.html,1687,728,49.01,3
small-animals,syrian-hamster,best-insurance,commercial/small-animals/syrian-hamster/best-insurance.html,1560,636,49.78,3
small-animals,syrian-hamster,cost-to-own,commercial/small-animals/syrian-hamster/cost-to-own.html,1754,724,51.25,3
small-animals,syrian-hamster,first-time-owners,commercial/small-animals/syrian-hamster/first-time-owners.html,1751,757,49.96,3
small-animals,syrian-hamster,health-costs,commercial/small-animals/syrian-hamster/health-costs.html,1745,705,48.62,3
small-animals,syrian-hamster,comparison,commercial/small-animals/syrian-hamster/vs-sugar-glider.html,1859,699,37.85,4
small-animals,syrian-hamster,comparison,commercial/small-animals/syrian-hamster/vs-tarantula.html,1739,664,38.97,4
small-animals,tarantula,best-enrichment,commercial/small-animals/tarantula/best-enrichment.html,1299,603,54.03,3
small-animals,tarantula,best-food,commercial/small-animals/tarantula/best-food.html,1301,643,53.87,8
small-animals,tarantula,best-habitat-size,commercial/small-animals/tarantula/best-habitat-size.html,1410,687,53.63,3
small-animals,tarantula,best-insurance,commercial/small-animals/tarantula/best-insurance.html,1353,619,55.86,3
small-animals,tarantula,cost-to-own,commercial/small-animals/tarantula/cost-to-own.html,1479,671,56.23,3
small-animals,tarantula,first-time-owners,commercial/small-animals/tarantula/first-time-owners.html,1482,710,54.09,3
small-animals,tarantula,health-costs,commercial/small-animals/tarantula/health-costs.html,1448,661,55.71,3
small-animals,tarantula,comparison,commercial/small-animals/tarantula/vs-syrian-hamster.html,1720,667,39.57,4
small-animals,tarantula,comparison,commercial/small-animals/tarantula/vs-teddy-guinea-pig.html,1669,666,38.92,4
small-animals,teddy-guinea-pig,best-enrichment,commercial/small-animals/teddy-guinea-pig/best-enrichment.html,1437,614,53.05,3
small-animals,teddy-guinea-pig,best-food,commercial/small-animals/teddy-guinea-pig/best-food.html,1447,658,52.7,8
small-animals,teddy-guinea-pig,best-habitat-size,commercial/small-animals/teddy-guinea-pig/best-habitat-size.html,1625,732,51.63,3
small-animals,teddy-guinea-pig,best-insurance,commercial/small-animals/teddy-guinea-pig/best-insurance.html,1488,626,52.47,3
small-animals,teddy-guinea-pig,cost-to-own,commercial/small-animals/teddy-guinea-pig/cost-to-own.html,1696,719,53.9,3
small-animals,teddy-guinea-pig,first-time-owners,commercial/small-animals/teddy-guinea-pig/first-time-owners.html,1693,754,52.85,3
small-animals,teddy-guinea-pig,health-costs,commercial/small-animals/teddy-guinea-pig/health-costs.html,1666,698,51.18,3
small-animals,teddy-guinea-pig,comparison,commercial/small-animals/teddy-guinea-pig/vs-tarantula.html,1679,660,39.52,4
small-animals,teddy-guinea-pig,comparison,commercial/small-animals/teddy-guinea-pig/vs-texel-guinea-pig.html,1799,652,39.52,4
small-animals,texel-guinea-pig,best-enrichment,commercial/small-animals/texel-guinea-pig/best-enrichment.html,1436,608,53.78,3
small-animals,texel-guinea-pig,best-food,commercial/small-animals/texel-guinea-pig/best-food.html,1438,647,53.83,8
small-animals,texel-guinea-pig,best-habitat-size,commercial/small-animals/texel-guinea-pig/best-habitat-size.html,1583,702,53.02,3
small-animals,texel-guinea-pig,best-insurance,commercial/small-animals/texel-guinea-pig/best-insurance.html,1486,624,54.93,3
small-animals,texel-guinea-pig,cost-to-own,commercial/small-animals/texel-guinea-pig/cost-to-own.html,1660,684,55.07,3
small-animals,texel-guinea-pig,first-time-owners,commercial/small-animals/texel-guinea-pig/first-time-owners.html,1657,724,54.23,3
small-animals,texel-guinea-pig,health-costs,commercial/small-animals/texel-guinea-pig/health-costs.html,1625,675,54.23,3
small-animals,texel-guinea-pig,comparison,commercial/small-animals/texel-guinea-pig/vs-teddy-guinea-pig.html,1803,655,41.48,4
small-animals,texel-guinea-pig,comparison,commercial/small-animals/texel-guinea-pig/vs-white-crested-guinea-pig.html,1799,605,42.31,4
small-animals,white-crested-guinea-pig,best-enrichment,commercial/small-animals/white-crested-guinea-pig/best-enrichment.html,1493,609,53.85,3
small-animals,white-crested-guinea-pig,best-food,commercial/small-animals/white-crested-guinea-pig/best-food.html,1493,649,54.39,8
small-animals,white-crested-guinea-pig,best-habitat-size,commercial/small-animals/white-crested-guinea-pig/best-habitat-size.html,1635,704,53.45,3
small-animals,white-crested-guinea-pig,best-insurance,commercial/small-animals/white-crested-guinea-pig/best-insurance.html,1538,625,55.49,3
small-animals,white-crested-guinea-pig,cost-to-own,commercial/small-animals/white-crested-guinea-pig/cost-to-own.html,1714,686,55.59,3
small-animals,white-crested-guinea-pig,first-time-owners,commercial/small-animals/white-crested-guinea-pig/first-time-owners.html,1709,726,54.4,3
small-animals,white-crested-guinea-pig,health-costs,commercial/small-animals/white-crested-guinea-pig/health-costs.html,1676,676,54.81,3
small-animals,white-crested-guinea-pig,comparison,commercial/small-animals/white-crested-guinea-pig/vs-texel-guinea-pig.html,1806,607,44.66,4
small-animals,white-crested-guinea-pig,comparison,commercial/small-animals/white-crested-guinea-pig/vs-winter-white.html,1847,627,41.67,4
small-animals,winter-white,best-enrichment,commercial/small-animals/winter-white/best-enrichment.html,1487,609,50.18,3
small-animals,winter-white,best-food,commercial/small-animals/winter-white/best-food.html,1489,648,50.32,8
small-animals,winter-white,best-habitat-size,commercial/small-animals/winter-white/best-habitat-size.html,1627,698,49.43,3
small-animals,winter-white,best-insurance,commercial/small-animals/winter-white/best-insurance.html,1529,623,52.07,3
small-animals,winter-white,cost-to-own,commercial/small-animals/winter-white/cost-to-own.html,1702,684,51.87,3
small-animals,winter-white,first-time-owners,commercial/small-animals/winter-white/first-time-owners.html,1699,722,50.55,3
small-animals,winter-white,health-costs,commercial/small-animals/winter-white/health-costs.html,1663,673,51.68,3
small-animals,winter-white,comparison,commercial/small-animals/winter-white/vs-abyssinian-guinea-pig.html,1857,672,38,4